:020000040800F2
:10000000A80201209D010008E3270008C520000880
:10001000E1270008A3030008232D000800000000CA
:10002000000000000000000000000000A1290008FE
:100030007106000800000000E5270008A329000859
:10004000B7010008B7010008B7010008B7010008B0
:10005000B7010008B7010008B7010008B7010008A0
:10006000B7010008B7010008B7010008B701000890
:10007000B7010008B7010008B7010008B701000880
:10008000B7010008B7010008B7010008B701000870
:10009000B7010008B7010008B7010008B701000860
:1000A000B7010008B7010008B7010008B701000850
:1000B000B7010008B7010008B7010008B701000840
:1000C000B7010008B7010008B7010008B701000830
:1000D000B7010008B7010008B7010008B701000820
:1000E000B7010008B7010008B7010008B701000810
:1000F000B7010008B7010008B7010008B701000800
:10010000B7010008B7010008B7010008B7010008EF
:10011000B7010008B7010008B7010008492A000824
:10012000B7010008B7010008B7010008C1050008C1
:10013000B7010008B7010008B7010008B7010008BF
:10014000B7010008B7010008B7010008B7010008AF
:10015000B7010008B7010008B7010008B70100089F
:10016000B7010008B7010008B7010008B70100088F
:10017000B7010008B7010008B7010008000000003F
:10018000B7010008B7010008DFF80CD000F0CCF888
:1001900000480047711C0208A80201200648804759
:1001A00006480047FEE7FEE7FEE7FEE7FEE7FEE75C
:1001B000FEE7FEE7FEE7FEE7392A000889010008AE
:1001C0002DE9F05F0546002092469B46884606468C
:1001D000814640241BE0284641464746224600F01F
:1001E00092F853465A46C01A914110D31146184608
:1001F000224600F079F82D1A67EB01084F46224697
:100200000120002100F070F817EB00094E41201E7C
:10021000A4F10104DFDC484631462A464346BDE8E6
:10022000F09F00000649074A0868504343F239022C
:10023000104408604008704701490860704700009A
:10024000C40200206D4EC64110B5431A934209D234
:100250008318881803E010F8011D03F8011D521ED1
:10026000F9D210BD40EA01039B0703D009E008C999
:10027000121F08C0042AFAD203E011F8013B00F86B
:10028000013B521EF9D210BDD2B201E000F8012BA1
:10029000491EFBD270470022F6E710B513460A4606
:1002A00004461946FFF7F0FF204610BD421C10F827
:1002B000011B0029FBD1801A704710B5002200E015
:1002C000521C835C8C5CA34201D1002BF8D1D8B2C4
:1002D000E1B2401A10BD034611F8012B00F8012BC2
:1002E000002AF9D118467047202A04DB203A00FA88
:1002F00002F1002070479140C2F1200320FA03F37D
:10030000194390407047202A04DB203A21FA02F07A
:100310000021704721FA02F3D040C2F1200291403F
:100320000843194670470000064C074D06E0E06898
:1003300040F0010394E8070098471034AC42F6D32C
:10034000FFF726FF98510308B851030870B58C18C1
:1003500010F8015B15F0070301D110F8013B2A11D9
:1003600006D110F8012B03E010F8016B01F8016BC6
:100370005B1EF9D12B0705D40023521E0DD401F8C2
:10038000013BFAE710F8013BCB1A921C03E013F88B
:10039000015B01F8015B521EF9D5A142D8D30020C0
:1003A00070BDFEE710B50E4C00220221204600F081
:1003B000D0FE00220421204600F0CBFE0A2006F0E9
:1003C000CBFB01220221204600F0C3FE0A2006F0EA
:1003D000C3FB20460022BDE81040022100F0B9BE58
:1003E0000000024010B50E4C00220221204600F011
:1003F000B0FE01220421204600F0ABFE0A2006F0E8
:10040000ABFB01220221204600F0A3FE0A2006F0E9
:10041000A3FB20460022BDE81040022100F099BE57
:10042000000002402DE9F041194E07460024012248
:100430000421304600F08DFE0025002202213046C6
:1004400000F087FE0A2006F087FB012202213046D9
:1004500000F07FFE0A2006F07FFB6006040E0421F8
:10046000304600F071FE012801D1641CE4B20A207C
:1004700006F072FB6D1CEDB2082DDED327B1FFF73D
:1004800091FF2046BDE8F081FFF7ACFFF9E70000DF
:100490000000024070B5134E05460022022130468E
:1004A00000F057FE0024EA090421304600F051FE16
:1004B0006806050E0A2006F04FFB01220221304695
:1004C00000F047FE0A2006F047FB002202213046DA
:1004D00000F03FFE0A2006F03FFB641CE4B2082C4B
:1004E000E1D370BD0000024010B50E4C0122042182
:1004F000204600F02EFE01220221204600F029FEB7
:100500000A2006F029FB00220421204600F021FEEB
:100510000A2006F021FB20460022BDE810400221FF
:1005200000F017BE0000024010B50E4C0022022160
:10053000204600F00EFE00220421204600F009FEB5
:100540000A2006F009FB01220221204600F001FEEC
:100550000A2006F001FB20460122BDE810400421DC
:1005600000F0F7BD0000024070B5144D00240122D8
:100570000421284600F0EDFD0A2006F0EDFA0122E4
:100580000221284600F0E5FD0A2006F0E5FA07E022
:10059000641CE4B2FA2C03D9FFF7C6FF012070BD3A
:1005A0000421284600F0D0FD0128F1D000220221CC
:1005B000284600F0CEFD002070BD00000000024083
:1005C000014800F045BB00003003002001681823FB
:1005D000CAB2103AB2FBF3F2054B6FF30901032ADA
:1005E0009B5CC36500D9091D816508467047000002
:1005F000DE8C020810B5014600208B698A6A4FF034
:10060000C07453B1B3F5005F15D072B1012A0CD09C
:10061000022A0AD0032A09D104E01AB1012A06D01D
:10062000022A03D1C96AC90100D5012010BDC96AD7
:10063000A142FAD010BD002AF7D0012AF2D0022A36
:10064000F3D0032AF3D010BD30B50468256825F433
:1006500080252560046863608368402B036803D0AD
:1006600099600068C26030BD9A600068C16030BDAA
:10067000704772B6FEE7000070B588B0142103A879
:10068000FFF709FE43480024016841F004010160BE
:100690000068022500F0040000900120CDE903501D
:1006A0003D4E03A93046CDE9054500F055FC3BA081
:1006B00002F038FB01220221304600F04AFD0122FF
:1006C0001146304600F045FD00220121304600F081
:1006D00040FD0A2000F02EFC01221146304600F0B9
:1006E00038FD0A2000F026FC03A93046CDE9044578
:1006F00000F032FC2FA002F015FB642000F01AFC81
:10070000042201A948F2401000F0A2F88DF8084038
:1007100001A92EA002F006FB9DF8070000909DF8AD
:1007200006309DF805209DF804102BA002F0FAFA7F
:1007300032A101A8FFF7C1FD10B1012008B070BDC2
:100740008DF8045048F24005012201A9284600F026
:1007500071F92BA002F0E6FA012201A9E81D00F0D0
:1007600077F82CA002F0DEFA9DF80410602902D27E
:100770002DA002F0D7FA0A2000F0DCFB8DF804402F
:10078000012201A9284600F055F92CA002F0CAFA6E
:100790000020D3E7303802400008024047545F4948
:1007A0004E54206F75745F707020696E69742021DB
:1007B0000D0A000047545F494E5420696E707574ED
:1007C00020696E697420210D0A00000043545020F6
:1007D00049443A25730D0A004354502049442042AD
:1007E000797465733A2025303258202530325820EC
:1007F0002530325820253032580D0A003931310069
:1008000047543931315F57525F52656731210D0AC4
:100810000000000047543931315F44525F52656730
:1008200031210D0A0000000044656661756C74207A
:100830005665723A25640D0A0000000047543931AC
:10084000315F57525F52656732210D0A0000000088
:100850002DE9F04115460E460446FFF745FE2820D7
:10086000FFF718FEFFF780FE200AFFF713FEFFF7E1
:100870007BFEE0B2FFF70EFEFFF776FEFFF734FED9
:100880002920FFF707FEFFF76FFE00246F1E09E027
:10089000BC4201D0012000E00020FFF7C3FD30552D
:1008A000641CE4B2AC42F3D3BDE8F041FFF73CBEB8
:1008B0002DE9F14F574E00244FF00A0A307884B0EA
:1008C000401CC0B2B0FBFAF20AFB1201DFF848810B
:1008D000A146307009B10A287BD2012204A948F24E
:1008E0004E10FFF7B5FF9DF810004FF0000701070D
:1008F0005FD000F00F0106295BD2FF2088408DF801
:100900000800C04340F0C000DFF810B1454688F849
:100910001C004FF00109297F09FA04F0014229D097
:100920003F48042201A930F81400FFF791FF9BF81B
:10093000061041B39DF804109DF8052001EB02223A
:1009400005EB44014A829DF806209DF80730BBF86C
:10095000000002EB0322801AA1F808009DF80700AE
:1009600000909DF806309DF805209DF804102DA0FC
:1009700002F0D8F9641CE4B2052CCCD328894FF0DE
:10098000010988B114E09DF804009DF8051000EB02
:10099000012105EB440001819DF806109DF8072018
:1009A00001EB02214182D9E7688A08B98DF81070FD
:1009B00037709DF8100001060BD500F00F000628D7
:1009C00007D28DF80870012202A948F24E1000F0FB
:1009D00031F89DF8100000F08F00802810D198F8B1
:1009E0001C00010602D520F0800007E04FF6FF71E1
:1009F000A8F80810A8F8121000F0E00088F81C0011
:100A00003078F02801D986F800A005B04846BDE846
:100A1000F08F0000040000200C000020CC02002019
:100A2000D48C020825642025642025642025640DCB
:100A30000A0000002DE9F04116460F460446002545
:100A4000FFF752FD2820FFF725FDFFF78DFD200A57
:100A5000FFF720FDFFF788FDE0B2FFF71BFDFFF772
:100A600083FD002408E0385DFFF714FDFFF77CFDEF
:100A7000050003D1641CE4B2B442F4D3FFF754FD83
:100A80002846BDE8F081000070B500201AF04EFC49
:100A9000054613F041FC484C4848A56012F082FE20
:100AA00001460022A0681DF0F1FD1021A0681AF097
:100AB000ABFBA06811F09EFC6060424840A1016160
:100AC0003FA141623EA181633FA1C16400F092F861
:100AD00000223E4960681DF037FE3A49606811F017
:100AE0009BFF0121606812F06BF8022160681AF028
:100AF0008BFB0022114660681DF0DFFD00221146CD
:100B000060681DF0D5FDF022114660681DF0ADFC57
:100B1000052160681DF07FFB4FF40041606819F00B
:100B2000AFFFA06818F0B2F914235A420321E06025
:100B30001AF036F800222549E0681DF005FE2288EB
:100B400023A1E06819F043F8A06811F00DFC0646F7
:100B5000232246211DF089FC204812F023FE014685
:100B6000002230461DF092FD14231A460121304622
:100B70001AF016F8304618F089F9002305461A468F
:100B800009211AF00DF816A1284618F0E9FF0023F4
:100B90001A461549A06819F035FF00231A46134973
:100BA000606819F02FFF3046BDE87040002307222F
:100BB0000F4919F027BF0000740000204747470085
:100BC0000A000000880400200000000070480308AC
:100BD00073636F72653A256400000000FF7D2E008C
:100BE0007265737461727400D5E90008C525020846
:100BF0008558000870B513480022134B0280114637
:100C0000002001EB8104261810A5401C43F8265053
:100C10000428F8DB491C0429F2DB0B4C0020203CA3
:100C2000002104EBC00300BF23F81120491C042954
:100C3000FADB401C0428F3DB25F07CFBBDE87040A8
:100C400025F078BB740000208804002020000000FC
:100C50002DE9F84304464FF00009CDF800906348B1
:100C60004FF41651A56D0068B0FBF1F72E6894F8AB
:100C70005C10082000FA01F131420FD021680A68A7
:100C800052070BD50A6822F004020A6094F85C103F
:100C90008840A860606D40F00100606594F85C10C9
:100CA0004FF0010808FA01F0304208D02168496984
:100CB000090604D5A860606D40F00200606594F8F4
:100CC0005C1004208840304208D0216809688907F8
:100CD00004D5A860606D40F00400606594F85C1075
:100CE00010208840304218D021680968090714D5BF
:100CF000A86020680168490304D50068000308D58E
:100D0000A16C07E00168C90503D4016821F008015E
:100D10000160216C09B12046884794F85C102020BE
:100D20008840304231D021680968C9062DD5A860B5
:100D300094F8350005282068016806D0490347D596
:100D4000006800031DD4616C1CE021F016010160F5
:100D50002068416921F080014161206C08B9A06CD4
:100D600020B12068016821F00801016094F85C104E
:100D70003F208840A86084F8358084F83490216D45
:100D80001FE0E16B09B120468847606D00282BD039
:100D9000606DC00714D0052084F835002068016814
:100DA00021F0010101600098401C0090B84203D876
:100DB00020680068C007F6D184F8358084F8349044
:100DC000E16C002910D001B02046BDE8F04308478F
:100DD0000168C905D5D4016821F01001016084F8CB
:100DE000358084F83490CCE7BDE8F88368000020B3
:100DF0002DE9F041044600F0B1F906465CB102204D
:100E000084F83500002584F834502068016821F00A
:100E1000010101600DE00120BDE8F08100F09EF9C4
:100E2000801B052805D920206065032084F8350043
:100E3000F2E720680068C007F0D1226811682048F6
:100E40000140D4E901031843D4E90336334318437E
:100E500063691843A3691843E3691843236A184375
:100E60000843616A042903D1D4E90B1319430843E9
:100E7000106020684069666A20F0070130460E4322
:100E8000012704280CD1A06A0643E06A40B120463D
:100E9000FFF7B0FB20B14020606584F83570BAE7F9
:100EA000206846612046FFF791FB94F85C203F21C3
:100EB00091408160656584F835700020ACE70000E2
:100EC0003F8010F02DE9F0410446866D90F8340023
:100ED000002501280DD0012084F8340094F83570E5
:100EE0000020012F07D084F8340002252846BDE8F1
:100EF000F0810220FBE7022784F835706065204608
:100F0000FFF7A2FB94F85C103F208840B060206897
:100F1000016841F016010160206C20B12068016871
:100F200041F0080101602068016841F001010160A1
:100F3000DCE7000070B5044600F010F90546601CBF
:100F400002D004480078044400F008F9401BA04295
:100F5000FAD370BD5C0000202DE9F84FDFF8BCA18A
:100F60000022012503264FF00F090AF1040BAAF114
:100F7000040E00BF0B6805FA02F42340A34270D1AF
:100F80000F7907F00307012F01D0022F16D18768D0
:100F90004FEA420806FA08FC27EA0C07D1F80CC011
:100FA0000CFA08FC4CEA070CC0F808C04768A743D5
:100FB0000C79C4F3001494403C4344600C79E4433E
:100FC000A4070AD0C4684FEA420C06FA0CF7BC43E7
:100FD0008F6807FA0CF72743C7600C7904F0030405
:100FE000022C12D1D40800EB840CDCF82040570707
:100FF000FF0E09FA07F824EA0804D1F8108008FA6D
:1010000007F848EA0408CCF8208004684FEA420C4C
:1010100006FA0CF7BC430F7907F0030707FA0CF741
:10102000274307604C6814F4403F70D03C4C27685D
:1010300047F480472760246822F0030704F48044C3
:101040000094384C07EB040CDCF8084897074FEA8B
:10105000177809FA08F7BC43334FB84202D100278A
:1010600024E054E0314FB84201D101271EE0304F57
:10107000B84201D1022719E02E4FB84201D103270F
:1010800014E02D4FB84201D104270FE02B4FB84296
:1010900001D105270AE02A4FB84201D1062705E011
:1010A000284FB84201D1072700E0082707FA08F7C0
:1010B0002743CCF80878DAF800405746D1F804C046
:1010C0009C435FEACC2C00D51C433C60DBF800401D
:1010D0005F46D1F804C09C435FEA8C2C00D51C43CA
:1010E0003C60DEF800407746D1F804C09C435FEADC
:1010F0008C3C00D51C433C60084F083F3C68D1F84D
:1011000004C09C435FEACC3C00D51C433C60521CAD
:10111000102AFFF42FAFBDE8F88F0000083C014013
:101120004438024000300140000002400004024008
:1011300000080240000C024000100240001402406F
:1011400000180240001C02400069084000D0012045
:1011500070470AB1816170470904FBE70148806864
:10116000704700005C00002002488168027811444A
:10117000816070475C0000200B4810B5016841F4A5
:1011800000710160016841F480610160016841F40F
:1011900080710160032000F06FF80F2000F006F866
:1011A00000F024F8002010BD003C024070B50D4D49
:1011B00004464FF47A712878B1FBF0F00A490968C7
:1011C000B1FBF0F000F0DAFC48B9102C07D2002295
:1011D0002146501E00F030F800206C6070BD0120E8
:1011E00070BD00005C000020680000200A4808B5BF
:1011F000016841F480410160006800F48040009083
:101200000548001F016841F080510160006800F04E
:101210008050009008BD000044380240002809DBDF
:1012200000F01F02012191404009800000F1E02000
:10123000C0F8001170470000F0B40E4B1B680C465C
:10124000C3F30223C3F10705042D00D90425191D9A
:10125000072901D2002300E0DB1E012606FA05F172
:10126000491E214099409E40761E16403143F0BCF5
:1012700001F068BD0CED00E0064900F007020868C7
:101280004FF6FF03184040EA0220034A104308606B
:10129000704700000CED00E00000FA052DE9F04772
:1012A0000E46050065D0DFF81481D8F80000F7B2CB
:1012B00000F00700B04207D288F80070D8F80000AC
:1012C00000F00700B04254D128683D4C810712D588
:1012D000400703D5206840F4E050206028780007DC
:1012E00003D5206840F4604020602068A96820F0A1
:1012F000F000084320602878C0072DD03049686886
:101300000839012812D0022813D0032811D0096807
:10131000890700292DDA216821F0030101432160AA
:10132000FFF71CFF814641F2883A0EE00968890305
:10133000EFE709688901ECE7FFF710FFA0EB09016F
:10134000514502D90320BDE8F0872068696800F0A4
:101350000C00B0EB810FEFD1D8F80010404601F03F
:101360000701B14207D90770006800F00700B042DA
:1013700001D00120E7E72878400705D52068E96813
:1013800020F4E050084320602878000706D5206844
:10139000296920F4604040EAC100206000F038F87C
:1013A0002168084AC1F30311515CC840064908602E
:1013B00006480068FFF7FAFE0020C4E7003C024040
:1013C00008380240E68C0208680000206000002017
:1013D0000448054900680968044AC1F38221515C48
:1013E000C84070476800002008380240F68C0208A8
:1013F0000448054900680968044AC1F34231515C58
:10140000C84070476800002008380240F68C020887
:10141000154810B5006810F00C02144813D04110A4
:10142000042A0FD0082A0ED10F4C241F22682368EB
:1014300002F03F025B0207D52068C0F38810A0FBD2
:10144000010106E0084610BD2168C1F38811A1FB27
:1014500000010023FEF7B4FE2168C1F30141491CDD
:101460004900B0FBF1F010BD083802400024F40040
:101470002DE9F84F04006ED02078DFF84C93C007B8
:10148000A9F104054AD009F104000168C1F3810102
:10149000012908D00068C0F3810002280AD1D9F8D8
:1014A0000000400206D52868800337D56068002810
:1014B000E1D033E06068B0F5803F10D0B0F5A02FE8
:1014C000286810D020F480302860286820F480201C
:1014D00028606068A8B1FFF741FE06460DE0286865
:1014E00040F48030F4E740F480202860F7E700BF44
:1014F000FFF734FE801B642873D828688003F7D573
:101500000CE0FFF72BFE064605E000BFFFF726FEC6
:10151000801B6428F0D828688003F7D42078DFF88F
:10152000AC8280074FF0000A3ED5A748001D016835
:1015300011F00C0F08D00068C0F3810002280BD115
:10154000D9F80000400207D42868800716D5E06863
:10155000012800D112E033E1E068B8B10120C8F8F9
:101560000000FFF7FBFD064605E000BFFFF7F6FDB4
:10157000801B0228C0D828688007F7D52868216911
:1015800020F0F80040EAC10028600DE0C8F800A093
:10159000FFF7E4FD064604E0FFF7E0FD801B0228AC
:1015A0001FD828688007F7D42078000722D5864FF7
:1015B00087486169703771B101210160FFF7CEFD85
:1015C000064604E0FFF7CAFD801B022809D83868E8
:1015D0008007F7D50EE0C0F800A0FFF7BFFD064674
:1015E00005E082E0FFF7BAFD801B02287DD838684D
:1015F0008007F7D42078400768D5DFF8CCB1002702
:101600000BF13C0BDBF80000C0000BD4DBF8001042
:1016100041F08051CBF80010DBF80000012700F00A
:10162000805000906B4E3068C00510D4306840F494
:1016300080703060FFF792FD009005E0FFF78EFDAF
:101640000099401A022850D83068C005F6D55E4E81
:10165000A0686C3601280FD00528306810D020F023
:1016600001003060306820F004003060A068B8B13C
:10167000FFF774FD00900FE0306840F00100F4E7E0
:1016800040F004003060F7E7FFF768FD0099411A69
:1016900041F28830814266D830688007F4D50EE088
:1016A000FFF75CFD009007E0FFF758FD0099411A35
:1016B00041F28830814256D830688007F4D42FB187
:1016C000DBF8001021F08051CBF80010A069C8B3FE
:1016D0003D49091D0968C1F3810102294AD0022848
:1016E000504607D0C8F8600000E03CE0FFF736FD48
:1016F00004463BE04746C8F86000FFF72FFD06466A
:1017000005E000BFFFF72AFD801B02282BD82868C0
:101710008001F7D4D4E907010843A16A2E4A490899
:1017200002EB0141626A41EA8211084394F82C10ED
:1017300040EA0161C9F8001001203866FFF70EFD8C
:10174000044606E03EE000BFFFF708FD001B02284C
:1017500009D828688001F7D534E000BFFFF7FEFC08
:10176000001B022802D90320BDE8F88F28688001F9
:10177000F4D427E00128F7D0D9F80000E26900F49A
:10178000800191421CD1226A00F03F01914217D1A1
:1017900047F6C071626A0140B1EB821F10D1A26AA4
:1017A0004FF0FF3300F4403103EB5202B1EB024F34
:1017B00006D194F82C1000F07060B0EB016F01D0EE
:1017C0000120D1E70020CFE7043802400000474263
:1017D000800E4742007000400000FFFF704790F805
:1017E0005100704770B5040009D0606A002540B10F
:1017F00025616561A56294F8510040B10CE00120BB
:1018000070BD6068B0F5827FF4D0E561F2E784F8DE
:101810005050204600F044F8022084F8510020681F
:10182000016821F040010160A088218900F48270E4
:1018300001F404410843A18901F400610843217CBB
:1018400001F002010843217D01F001010843218BD1
:1018500001F400710843217F01F03801084394F836
:10186000201001F080010843218D01F4005108434C
:1018700021680860A069042101EA104094F824104E
:1018800001F010010843216848602068C16921F413
:101890000061C1616565012084F85100002070BDC0
:1018A00070B586B0064614216846FEF7F4FC204960
:1018B000306888423AD11F480025016841F48051C0
:1018C0000160006800F4805005901A4814380168DF
:1018D00041F0010101600068694600F001000590D7
:1018E000E02000900220CDE90105032003900520AF
:1018F00004901148FFF730FB114C104820604FF066
:10190000C06060604020C4E9020500012061400021
:1019100060618000C4E90605256220466562FFF724
:1019200067FA08B1FEF7A5FEB464A66306B070BD01
:101930000030014044380240000002405864024038
:10194000300300202DE9F84F984616468A46044693
:10195000FFF704FC814694F8510001281ED1BAF12A
:10196000000F73D0002E71D094F85000012815D0CC
:10197000012784F85070032084F851000025656524
:10198000C4F830A0A686E686A563A587E5876564CA
:101990002564A068B0F5004F03D00CE00220BDE83C
:1019A000F88F2068016821F040010160206801681B
:1019B00041F48041016020680168490603D4016850
:1019C00041F040010160E068B0F5006F606803D04D
:1019D00048B3012E27D047E008B1012E1FD1206B5C
:1019E00021680088C86006E020688168890709D5F9
:1019F000216B0988C160206B801C2063E08E401E33
:101A0000E0860CE0FFF7AAFBA0EB0901414503D3F8
:101A1000B8F1FF3F03D035E0B8F1000F32D0E08ECF
:101A20000028E1D123E0206B21680078087306E0EC
:101A30002068816889070AD5216B09780173206BBA
:101A4000401C2063E08E401EE0860DE02BE0FFF797
:101A500085FBA0EB0901414503D3B8F1FF3F03D05B
:101A600010E0B8F1000F0DD0E08E0028E0D14A461A
:101A70004146204600F000FF08B120206065A068C4
:101A800030B109E084F8517084F85050032086E7A3
:101A90002068C1688068009084F8517004F8505F35
:101AA00060680028F3D0012079E7000070B5044693
:101AB00090F8510001281CD1C9B1C2B194F850006E
:101AC000012816D0012084F85000032084F851002A
:101AD000002565652163A286E286A56365642564A9
:101AE000A587E587A068B0F5004F04D00DE0012080
:101AF00070BD022070BD2068016821F040010160C6
:101B00002068016841F480410160A16C17480864B5
:101B1000A16C1748C863A16C1648C864A06C056521
:101B2000E38E2268216B0C32A06CFFF7CBF930B149
:101B3000606D40F01000606584F85050D7E7206871
:101B40000168490603D4016841F04001016084F84E
:101B500050502068416841F0200141602068416890
:101B600041F002014160002070BD0000092800081A
:101B700013280008E72700087047704710B5401E7B
:101B8000B0F1807F01D3012010BD4FF0E0246061EF
:101B90000F21601701F0D6F80020A0610720206116
:101BA000002010BD7047704770B590F83C20012AA6
:101BB00032D0012480F83C40022280F83D200368A6
:101BC0005A689D6822F070060A6832435A60134BC7
:101BD00002689A4214D0B2F1804F11D0104B9A4251
:101BE0000ED0104B9A420BD00F4B9A4208D00F4B9D
:101BF0009A4205D00E4B9A4202D00E4B9A4204D123
:101C0000496825F080031943916080F83D40002128
:101C100080F83C10084670BD022070BD00000140F5
:101C20000004004000080040000C00400004014097
:101C3000004001400018004010B5040003D094F8A3
:101C40003D0010B107E0012010BD002084F83C00E9
:101C5000204600F01FF8022084F83D00211D206876
:101C600000F0F8FE012084F8460084F83E0084F875
:101C70003F0084F8400084F8410084F8420084F872
:101C8000430084F8440084F8450084F83D000020B7
:101C900010BD000008B5114A01681148914208D1F1
:101CA000016841F010010160006800F01000009030
:101CB00008BD0C4A9142FBD1016841F0200101604E
:101CC0000068002200F02000009004213720FFF778
:101CD000B3FABDE808403720FFF7A0BA0010004073
:101CE000403802400014004090F83D10012901D016
:101CF00001207047022180F83D1000681149884298
:101D000014D0B0F1804F11D00F4988420ED00F4946
:101D100088420BD00E49884208D00E49884205D02F
:101D20000D49884202D00D49884204D1816801F0F2
:101D30000701062903D0016841F00101016000207C
:101D4000704700000000014000040040000800400F
:101D5000000C004000040140004001400018004019
:101D600090F83D10012901D001207047022180F830
:101D70003D100168CA6842F00102CA60006811495A
:101D8000884214D0B0F1804F11D00F4988420ED054
:101D90000E4988420BD00E49884208D00D4988422E
:101DA00005D00D49884202D00C49884204D181688F
:101DB00001F00701062903D0016841F0010101602B
:101DC000002070470000014000040040000800406F
:101DD000000C004000040140004001400018004099
:101DE00001680A6A41F211131A4207D10A6A9B106C
:101DF0001A4203D10A6822F001020A60012180F828
:101E00003D100020704770472DE9F04104460068FE
:101E1000C66805694FF00007A90713D5B10711D5AA
:101E2000F91E016101202077206880698007204623
:101E300002D0FFF7E8FF04E000F07EF8204600F053
:101E40007CF82777680716D5700714D521686FF0DE
:101E500004000861022020772068806910F4407F28
:101E6000204602D0FFF7CFFF04E000F065F82046DF
:101E700000F063F82777280715D5300713D52168B8
:101E80006FF008000861042020772068C06980078F
:101E9000204602D0FFF7B7FF04E000F04DF82046DF
:101EA00000F04BF82777E80616D5F00614D5216820
:101EB0006FF010000861082020772068C06910F4D6
:101EC000407F204602D0FFF79EFF04E000F034F888
:101ED000204600F032F82777E80708D0F00706D050
:101EE00021686FF001000861204600F027F82806FD
:101EF00008D5300606D521686FF0800008612046BD
:101F0000FFF750FE680608D5700606D521686FF009
:101F100040000861204600F01BF8A8060AD5B0066C
:101F200008D521686FF0200008612046BDE8F04127
:101F3000FFF739BEBDE8F08170477047006803497C
:101F4000884202D101201FF05DB9704700140040A3
:101F5000704770B5040004D094F84100002510B11A
:101F600006E0012070BD84F84050204600F024F8BF
:101F7000242084F841002068C16821F40051C16028
:101F8000204600F00FFE2068016921F490410161B4
:101F90002068416921F02A0141612068C16841F44B
:101FA0000051C1606564202084F8410084F842003B
:101FB0006563002070BD000010B586B00446142192
:101FC0006846FEF768F914492068884221D1134811
:101FD0000021026842F010020260006800F0100068
:101FE00005900E481438026842F001020260006851
:101FF00000F0010005904FF4C06000900220CDE990
:102000000101032003900720049069460448FEF76D
:10201000A3FF06B010BD000000100140443802408C
:10202000000002402DE9F843044690F8410098462C
:1020300016460D46202802D00220BDE8F88385B15F
:102040007EB100206064212084F84100FFF786F80B
:10205000A6848146E684A0682027B0F5805F02D080
:1020600003E00120E9E7206910B12E4600250EE0CB
:1020700000260CE08021204600F01AFEA8B9C6B167
:1020800016F8010B21684860E08C401EE084E08C6B
:102090004B464FF00002CDF800800028EAD14FF007
:1020A0004001204600F004FE40B184F84170032056
:1020B000C3E735F8020BC0F30800E3E784F841708A
:1020C0000020BAE7FEE70000024601210148FFF7C1
:1020D00040B80000000402402DE9F84305461448CA
:1020E0000024214602884388204603FB02F600F0C4
:1020F000F5F900F065FA012000F098F90020FFF7EB
:10210000E3FF2F0AEDB24FF6FF780AE08DF800707A
:102110008DF801504346022269460648FFF712FC3B
:10212000641CB442F2D3BDE8F8430120FFF7CCBFF2
:10213000CC020020D80200202DE9F0410D46591BA9
:10214000141A491C621C02FB01F68BB292B229469A
:10215000069F00F0C3F900F033FA0020FFF7B4FF48
:10216000012000F063F90D4D2868016841F4006119
:102170000160B2B239462846FFF798FC0748FFF7DE
:102180002EFB0328FAD02868016821F40061016061
:10219000BDE8F0410120FFF797BF0000D802002002
:1021A000F0B41149F0232C252A26104A4FF0000CD8
:1021B0004FF4A0742B2760B1012088710C804B80F4
:1021C000CD710E724F7282F800C01078F0BC00F032
:1021D00035B981F806C00B804C80CD710E724F72FC
:1021E00005201070F1E70000CC0200200000002064
:1021F00010B5112000F0B6F97820FEF79BFE3620CE
:1022000000F0B0F9002000F099F93A2000F0AAF9A6
:10221000552000F093F9B02000F0A4F9112000F04F
:102220008DF9F02000F08AF9B12000F09BF94020F0
:1022300000F084F9102000F081F9122000F07EF9FE
:10224000B22000F08FF90C2000F078F90C2000F09B
:1022500075F9002000F072F9332000F06FF9332097
:1022600000F06CF9B72000F07DF9752000F066F9F8
:10227000BB2000F077F9192000F060F9C02000F0D1
:1022800071F92C2000F05AF9C22000F06BF90120FE
:1022900000F054F9C32000F065F90B2000F04EF96E
:1022A000C42000F05FF9202000F048F9C62000F0BB
:1022B00059F90F2000F042F9D02000F053F9A42082
:1022C00000F03CF9A12000F039F9B02000F04AF903
:1022D000002000F033F9D02000F030F9E02000F0C9
:1022E00041F9702000F02AF9042000F027F90C20B1
:1022F00000F024F90E2000F021F90E2000F01EF964
:10230000072000F01BF9322000F018F9442000F0FB
:1023100015F9442000F012F9072000F00FF9102001
:1023200000F00CF90E2000F009F9122000F006F977
:10233000162000F003F9E12000F014F9702000F0FD
:10234000FDF8032000F0FAF80A2000F0F7F80D205D
:1023500000F0F4F80D2000F0F1F81A2000F0EEF88B
:10236000332000F0EBF8442000F0E8F8442000F0BF
:10237000E5F83F2000F0E2F81C2000F0DFF81B2019
:1023800000F0DCF81D2000F0D9F8212000F0D6F88C
:10239000352000F0E7F8002000F0D0F8BDE810404C
:1023A000292000F0DFB8000010B5012000F036F859
:1023B0000A20FEF7BFFD002000F030F81420FEF7E1
:1023C000B9FD012000F02AF81420FEF7B3FDFFF755
:1023D0000FFF0020FFF7E4FE4FF6FF742046FFF7E3
:1023E0007BFE0C48418802883F3901EBD170C0F375
:1023F0004F01503A02EBD270C0F34F00064A0DF085
:102400001BFC4FF4FA70FEF795FD2046BDE8104026
:10241000FFF762BECC0200206C6502080246102164
:102420000148FEF796BE0000000802400246022165
:102430000148FEF78EBE00000004024010B50021E6
:10244000082805D2DFE800F0161812140C19100E37
:10245000082812D2DFE800F0110406080A0C0E105A
:1024600080210AE0402108E0C02106E0202104E0AC
:10247000602102E0A02100E0E021362000F0A6F873
:10248000154C207A00F06EF8002000F057F800207C
:1024900000F054F82088401EC0F3072000F04EF8EA
:1024A0002078401EC0B200F049F8607A00F05AF877
:1024B000002000F043F8002000F040F86088401E43
:1024C000C0F3072000F03AF8A078BDE81040401EA5
:1024D000C0B200F033B80000CC0200202DE9F0417A
:1024E00005461044401E87B2C818DFF84C80401ED5
:1024F00086B20C4698F8080000F034F8280A00F07C
:102500001DF8E8B200F01AF8380A00F017F8F8B22F
:1025100000F014F898F8090000F024F8200A00F000
:102520000DF8E0B200F00AF8300A00F007F8F0B257
:10253000BDE8F04100F002B8CC02002001B5012056
:10254000FFF774FF0020FFF7BFFD4FF6FF73012276
:1025500069460348FFF7F6F90120FFF7B5FD08BD0E
:10256000D802002001B50020FFF760FF0020FFF730
:10257000ABFD4FF6FF73012269460348FFF7E2F90E
:102580000120FFF7A1FD08BDD802002038B50446A0
:102590000120FFF74BFF0020FFF796FD200A8DF882
:1025A00000008DF801404FF6FF7302226946034890
:1025B000FFF7C8F90120FFF787FD38BDD8020020DA
:1025C0000148C079FFF7CEBFCC02002010B50C4601
:1025D000FFF7C8FFE0B2BDE81040FFF7AFBF000053
:1025E000094808B5016841F48001016000680022D3
:1025F00000F48000009005213B20FEF71DFEBDE8A1
:1026000008403B20FEF70ABE303802402DE9F04377
:1026100087B014216846FDF73EFE2A48002601686F
:1026200041F080010160016801F0800105910168BD
:1026300041F004010160016801F0040105910168A5
:1026400041F001010160016801F00101059101689B
:1026500041F00201016000681B4F00F0020005908C
:10266000012233213846FEF774FDDFF86080012235
:1026700006214046FEF76DFDDFF85490012203214C
:102680004846FEF766FD02253320012403958DE8B8
:10269000510069463846FEF75FFC0620009001AA0B
:1026A000112082E8310069464046FEF755FC0320C0
:1026B00003958DE8510069464846FEF74DFC07B08A
:1026C000BDE8F083303802400008024000000240BC
:1026D00000040240104810B50E4901604FF48271A9
:1026E0004160002102228160C0E90312012242619F
:1026F0005202C0E906210162416281620A21C1627F
:10270000FFF770F8002803D0BDE81040FDF7B1BF17
:1027100010BD000000300140D80200201CB500248C
:102720000E4800940C49019401604721C0E901144E
:102730004FF6FF718461C160FFF77EFA08B1FDF7C3
:1027400098FF0094694605480194FFF72DFA002888
:1027500001D0FDF78EFF1CBD00100040900300204B
:102760001CB500240F4800940D49019401604721D5
:10277000C0E9011440F2E731C16080218161FFF7B7
:102780005BFA08B1FDF775FF0094694605480194AE
:10279000FFF70AFA002801D0FDF76BFF1CBD00000F
:1027A00000140040D80300200C4810B50A4901600D
:1027B0004FF4E1314160002181600C22C160C0E929
:1027C00004128161C161FFF7C4FB002803D0BDE89A
:1027D0001040FDF74EBF10BD001001402004002046
:1027E000FEE7FEE7704710B5806B01684A6822F08B
:1027F00003024A60416D41F010014165012180F8FA
:102800005110FEF7EBFF10BD10B5806BFFF7B5F967
:1028100010BD38B50546846BFEF7A0FC024628685B
:102820000068C00523D42068416821F02001416080
:102830002068416821F0020141606421204600F0D7
:102840001BF818B1606D40F020006065A0680021A1
:1028500018B92068C26880680090E186012084F879
:102860005100606D18B12046FEF7B8FF38BD204614
:10287000FFF782F938BD0000F8B515460E460B4645
:10288000009204460122022100F02CF8A0B913485E
:1028900013490068B0FBF1F04FF47A71484300909F
:1028A0006068B0F5827F0DD133460022802120463A
:1028B000009500F017F870B1606D40F02000606581
:1028C0000320F8BD009830B1401E00902068806859
:1028D000C0430006F6D50020F8BD000068000020C7
:1028E00000366E012DE9F8431E469146884604469F
:1028F000089DFEF733FC401B351AFEF72FFC0746F8
:1029000026480068C0F3CB3068430AE0701C09D049
:10291000FEF724FCC01BA8420FD275B10098B8B3D3
:10292000401E00902068816838EA010033D0002101
:102930004945EBD10020BDE8F8832068416821F0CB
:10294000E00141606068B0F5827F0BD1A068B0F50E
:10295000004F02D0B0F5806F04D12068016821F0EB
:1029600040010160A06AB0F5005F09D120680168EC
:1029700021F4005101602068016841F400510160B8
:10298000012084F85100002084F850000320D2E791
:10299000FFE70025C6E70121CAE700006800002024
:1029A0007047FEF7E1BB000030B593B030216846B8
:1029B000FDF771FC14210CA8FDF76DFC1C480025E7
:1029C000016841F080510160006800F08050119072
:1029D0001848016841F4804101600068022400F455
:1029E0008040119001200090000401908001CDE909
:1029F000064008200890A820CDE9090404200B9087
:102A00006846FEF735FD08B172B6FEE70CA90F2047
:102A100081E831004FF48050CDE90F0502210CA868
:102A2000FEF73CFC002801D072B6FEE713B030BDC3
:102A300040380240007000400248016841F47001D3
:102A40000160704788ED00E00148FFF7DDB9000044
:102A5000D8030020F0B50268274B284D284E294F97
:102A6000294C4FF0804C984209D0604507D0A842CD
:102A700005D0B04203D0B84201D0A04204D122F028
:102A8000700E4A6842EA0E0298421BD0604519D087
:102A9000A84217D0B04215D0B84213D0A04211D0EE
:102AA0001A4DA8420ED01A4DA8420BD0194DA8427B
:102AB00008D0194DA84205D0184DA84202D0184D93
:102AC000A84203D122F44075CA682A434D6922F016
:102AD00080022A438D68C5620D688562984201D0E4
:102AE000A04201D109690163016841F0040101605C
:102AF000012141610260F0BD00000140000400407E
:102B000000080040000C004000040140004001406B
:102B1000004401400048014000180040001C0040F3
:102B20000020004010B5FDF7A7FD08B1002010BD42
:102B300006480549416090F82C1041F0800180F86A
:102B40002C10012010BD0000B10800080C0000206E
:102B5000FDF7AEBE01680C3151E8002F22F49072EF
:102B600041E80023002BF5D10168143151E8002F12
:102B700022F0010241E80023002BF5D1016B01296D
:102B800009D101680C3151E8002F22F0100241E810
:102B90000023002BF5D1202180F842100021016391
:102BA0007047000070B5044600680169E26821F4CE
:102BB0004051114301612169A068E26908436169DC
:102BC000114308432168CA6849F20C639A430243DF
:102BD000CA6020684169A26921F4407111434161D2
:102BE00031492068884202D03049884202D1FEF73C
:102BF000FFFB01E0FEF7ECFBE269002319216425ED
:102C00003226B2F5004F626828D0A0FB0101930F75
:102C10009200FDF7D5FA0146B0FBF5F06FF018020F
:102C2000504301EB800006EB0010B0FBF5F000F024
:102C3000F002B1FBF5F002EB0012B1FBF5F06FF022
:102C40001803584301EB800006EB0010B0FBF5F0D1
:102C500000F00F0021681044886070BDA0FB0101E6
:102C600092185B41FDF7ACFA0146B0FBF5F00201AA
:102C7000B1FBF5F06FF01803584301EB800006EB51
:102C8000C000B0FBF5F000F0F80002EB4002B1FB31
:102C9000F5F0584301EB800006EBC000B0FBF5F007
:102CA00000F00700D6E700000010014000140140CA
:102CB0002DE9F843984617460D460446089E24E041
:102CC000701C22D0FEF74AFAA0EB0800B0421AD8D6
:102CD000CEB12068C168490717D5802D15D0402D89
:102CE00013D00168C94309070FD401680025406863
:102CF00000902046FFF72EFF0820606484F84050C3
:102D00000120BDE8F8830320FBE72068006835EA6E
:102D1000000004D00020B842D2D00020F1E701200A
:102D2000F9E7FEE70FB4054B10B503A9044A029872
:102D300001F08EFD10BC5DF814FB0000BDE9000839
:102D4000C80200200907090E002804DB00F1E0207A
:102D500080F80014704700F00F0000F1E02080F8C8
:102D6000141D704702E008C8121F08C1002AFAD1DA
:102D700070477047002001E001C1121F002AFBD1FB
:102D8000704770B5044600256FF02F0608E02068F4
:102D9000411C2160007805EB850106EB41014518D7
:102DA0002068007800F004F80028F0D1284670BDB3
:102DB0003038092801D801207047002070470000F2
:102DC00010B54021074801F081F80022042106488F
:102DD0001EF092FA054CA06002F0F8FA0020207074
:102DE00010BD0000DC3800207554000814020020DB
:102DF00070B5B1F90030B2F90040A34200DC2346BF
:102E00000380B1F90250B2F90240A54200DD2C4620
:102E10004480B1F90460B2F90450AE4200DA35469C
:102E20008580B1F90610B2F90620914200DB114607
:102E3000C1800120AB4201DC8C4200DD002070BD6E
:102E4000F8B50D460446B0F90000B1F90010164679
:102E5000884247DBB4F90210B5F90220914241DB08
:102E6000B4F90410B5F9042091423BDCB4F9061022
:102E7000B5F90620914235DC96B3ADF800006088C4
:102E8000ADF8020032466946284600F099F800285D
:102E900027D0A088ADF800006088ADF80200324667
:102EA0006946284600F08CF800281AD02088ADF832
:102EB0000000E088ADF8020032466946284600F07E
:102EC0007FF800280DD0A088ADF80000E088ADF8AC
:102ED000020032466946284600F072F8002800D009
:102EE0000120F8BD0020F8BDB0F90020B1F9043090
:102EF0009A4213DCB0F90420B1F900309A420DDB9C
:102F0000B0F90220B1F906309A4207DCB0F90600A8
:102F1000B1F90210884201DB0120704700207047A0
:102F2000F8B50D460446B0F90400B1F90010164694
:102F3000884243DBB4F90600B5F9021088423DDB54
:102F4000B4F90000B5F90410884237DCB4F9021076
:102F5000B5F90620914231DC76B3ADF80000608807
:102F6000ADF8020032466946284600F029F818BB41
:102F7000A088ADF800006088ADF8020032466946CE
:102F8000284600F01DF8B8B92088ADF80000E088A8
:102F9000ADF8020032466946284600F011F858B9EB
:102FA000A088ADF80000E088ADF80200324669461E
:102FB000284600F005F808B10020F8BD0120F8BD52
:102FC0002DE9FC4114460E46B1F90020B0F900107D
:102FD00005468A423ADBB5F90400824236DCB6F98E
:102FE0000270B5F90220974230DBB5F906309F42F6
:102FF0002CDC002C75DD401A9A1A401C521C00B2C1
:1030000012B200EBD07002EBD2724010521090421C
:1030100000DB1046844200DD0446ADF8001028882D
:1030200000222044ADF804006888ADF802006888EA
:1030300031462044ADF806006846FFF7C1FF40B1B5
:10304000BDF804002044ADF804003FE00020BDE8D6
:10305000FC81E8880022001BADF80200E888ADF88A
:10306000060031466846FFF7ABFF28B1BDF8040003
:103070002044ADF8040011E0A8880022001BADF840
:103080000000A888ADF8040031466846FFF798FFB5
:1030900050B1BDF80000001BADF80000BDF8020003
:1030A000001BADF8020016E06888ADF802006888E1
:1030B00000222044ADF8060031466846FFF780FF45
:1030C00070B1BDF80000001BADF80000BDF80600AF
:1030D0002044ADF80600314668461BF0FBFBB6E71E
:1030E000FFE70120B3E710B5B1F90040B2F90030B5
:1030F0009C4200DA23460380B1F90240B2F9023063
:103100009C4200DA23464380B1F90440B2F904300E
:103110009C4200DD23468380B1F90610B2F90620F7
:10312000914200DC1146C18010BD0000FEB507468B
:103130001EF05EF80025354C0646009537B1F8685C
:10314000606038461EF0A6F9606802E011F070F881
:10315000606000691BF05AFB6068406908B11BF0B1
:1031600055FB6068C0691BF051FB6068006A1BF08A
:103170004DFB60680169E1B31BF028FE1BF0A4FD64
:103180006068B0F8501199B30168097C890715D5BA
:1031900011F0ACF8401E07B2606811F061F8401EF3
:1031A00003B20022114601A800970EF0F8FE6068F5
:1031B00001A90268926B516004F06AFC60684FF4E8
:1031C0008071303017F024F96068202100F5987084
:1031D00017F01EF96068A0F8505130461EF002F852
:1031E000009060680068436A13B1226800999847AC
:1031F00000E007E016F04EFF00F036F8BDE8FE40B4
:1032000000F006B8A0F85051FEBD0000BC0200203E
:1032100070B50A4D002400BFC4EBC40655F8260063
:1032200008B116F0ABFF05EB86001C2117F0F0F893
:10323000641CE4B2042CEFD370BD0000B839002048
:10324000084949680AE04A68824202D00A68824214
:1032500003D10A7E42F001020A7649690029F2D1BF
:1032600070470000900200207047000004210148D0
:1032700000F02CBED03800201C21014800F026BEF2
:10328000E83800202DE9FF5F0446DDE90E0613B99A
:10329000B0F5807F7ED0B6F900504FF0FF376D4219
:1032A000454307EB25252DB22580B6F902C0CCF1A8
:1032B000000C0CFB00FC07EB2C273FB26780B6F933
:1032C00000C0A1EB0C0141434FF0020C0CEB21219B
:1032D00009B2A180B6F90280A2EB080242430CEBCE
:1032E000222000B2E080002B7ED04FF00A0A93FB30
:1032F000FAF5684200EB800003EB400705F1010995
:1033000028B21EF007FA00900FFA89F01EF002FAB8
:1033100083465A3528B21EF0FDF9804609F15A005D
:1033200000B21EF0F7F90146009AC7F10A0000FB4F
:1033300002F300FB08F00BFB073301FB070193FBD3
:10334000FAF291FBFAF04FEA601AB4F90010B4F9FE
:1033500002000AFB01FCCDF80CC05511378805FBB3
:1033600010C207EBA2220FFA82F905FB01F2BB465D
:10337000029277880AFB002107EBA1210BB2B4F976
:103380000410BE460AFB01FC05FB10C20BEBA22297
:1033900016B200E02FE005FB01F7CDE9007CB4F99F
:1033A0000680DDF80CC00AFB007005FB18C1DDF8D3
:1033B00004C0009F05FB18C5029A0AFB087C0AFBA3
:1033C00008220BEBA1210EEBAC270EEBA02009B2DB
:1033D0000EEBA2220BEBA5250FFA87FC00B212B26E
:1033E0002DB24F46494500E00EE000DA0F46B542E7
:1033F00016DAA84615E000202080491E6080A180D2
:10340000521EE280BDE8FF9F32882A4422807288E3
:103410003A44628032881144A180718808444FE0A8
:10342000B046474504DA4F46494506DA0F4604E000
:10343000B54201DA2F4600E0374627804F4649451E
:1034400000DD0F46B54201DDA84600E0B046474525
:1034500003DD4D46494505DC01E0B54201DD294665
:1034600000E03146A1809A4201DA154600E01D468F
:10347000844501DA614600E001468D4205DA9A4250
:1034800001DA114606E0194604E0844501DA614696
:1034900000E0014661809A4201DD114600E01946D4
:1034A000844501DD654600E00546A94205DD9A42F6
:1034B00001DD104604E0184602E0844500DD604668
:1034C000E0809FE72DE9FE4F0446D0F800B0B0F948
:1034D0000800E589081AB4F90A10511AD4E909322A
:1034E000B5F5807F38D0A589ADB3A66B7043451183
:1034F0004E437011266BE16A06FB05F701FB10775E
:10350000694306FB001003EBA72902EBA0208046CD
:103510000612B4F904004FEA2927B8424EDD002F05
:103520004CDBB4F90610B14248DD002E46DB94F8BE
:1035300034104A0745D58A0704F1140322D400FB4E
:10354000067045004FF0020A0BEB05015246184683
:1035500016F014FF27E00DE0256BE66A05FB00F787
:1035600006FB1177464305FB016003EBA70902EB5D
:10357000A000CCE7A56B68434D4303EB601902EB59
:103580006510C4E700FB067000EB40054FF0030A2E
:103590000BEB05010222184616F0F0FEE81C584419
:1035A00010F8010CA07594F83400C0071FD04FF438
:1035B000FC60ADF80000A18A814218D10020BDE86E
:1035C000FE8F32B204F118002369CDE90102002513
:1035D00039B2AA468B4614F0BDF90090BDF8000040
:1035E000A082DDE90102594614F04CF9DAE7E07CEB
:1035F00078B1A4F83C90A4F83E80A4F84070A4F8F8
:103600004260656484F848A02046BDE8FE4F00F0A3
:1036100002B80120D3E72DE9F04F044690F83C10A2
:10362000D0F8009090F83E0087B04FF0FF36702938
:1036300007DAB4F940203546012A00D5002580314B
:103640000DE0902916DDB4F94020B4F904300125CD
:10365000521C9A4200DB0025A1F27F114942C9B2F7
:103660008846702809DAB4F94210012900D50026ED
:10367000803010E00025FF21F2E790280DDDB4F93D
:103680004210B4F906200126491C914200DB0026B5
:10369000A0F27F104042C7B201E00026FF27606918
:1036A0000090A07D0590002083468246049094F807
:1036B0003400400744D594F84810606C11FB0501B4
:1036C0004944022201A816F059FEA08894F8481037
:1036D00010FB01F0616C022206FB0011494403A8B3
:1036E00016F04CFEA18894F8480011FB00F1626CC2
:1036F00006FB012210FB05901118022202A816F009
:103700003DFE94F83400800761D594F84800626C5F
:1037100010FB052300EB09010B4413F8013C049353
:10372000A38813FB00F306FB0322114411F801BC2C
:1037300010FB0500111801EB090010F8010C45E021
:10374000B4F84000B4F94220284401B204F1180052
:103750008146236914F0FEF80190B4F84200B4F9F0
:103760004010304402B254F8103F484614F0F2F8CA
:103770000390608E2368304402B2208E284401B248
:10378000484614F0E7F8029094F82400103C8007B3
:103790001DD5B4F9422034F8400F284401B2484600
:1037A00014F070F804906088B4F90010304402B24C
:1037B000484614F067F883466088304402B234F813
:1037C0004009284401B2484614F05CF8824694F857
:1037D000340042464546800735D5059810FB08F36E
:1037E0000499C8F1FF0011FB0031C1F307211BFB55
:1037F00008F61AFB0060C0F3072011FB07F3C7F1BE
:10380000FF0610FB06331B0AA375022907D80228FE
:1038100003D8002007B0BDE8F08F002702E002289F
:1038200000D8FF270598022800D800220498022813
:1038300000D8FF22BBF1020F00D80025BAF1020F19
:1038400003D8FF2501E0FF20A075EAB1FF2A04D0CC
:10385000DDE9000110F0CAF80090BDB1FF2D17D0CE
:10386000DDE902102A4610F0C1F8049097B1FF2F4D
:1038700005D001463A46009810F0B8F80090BDF81F
:103880000000A0820120C5E70198E5E70298ECE777
:103890000398EAE7BDF81000F3E700002DE9F047D0
:1038A0000446B0F908000A2700026062B4F90A0071
:1038B0000002A062B4F90C1091FBF7F5684200EB2E
:1038C000800001EB4006684205F1010800B21DF0DE
:1038D00021FF8246E84300B21DF01CFF8146C5F17E
:1038E0005A0000B21DF016FF0546C8F15A0000B29A
:1038F0001DF010FFC6F10A0101FB0AF3024609FBA5
:103900000630694390FBF7F002FB061191FBF7F1DB
:103910004011E06248112063A07C14F0C8F894F8CC
:10392000341060F3000184F83410A07C14F0AFF878
:1039300094F8341060F3410184F83410A07C04281A
:1039400024D0052822D0062820D021F0040100BF71
:1039500084F8341021682162A16921F0E00160F34C
:103960000401A08860F39421E08860F35F51A161B5
:10397000E0894FF4001101EB5001B1FBF0F0A063BE
:10398000FF20A075208AA082BDE8F08741F00401E5
:10399000DEE700002DE9F04115460E460746114CC2
:1039A0001DF026FC80462B4632463946204614F050
:1039B000FFFB20B10020A062E06950B110E02C2193
:1039C000204616F025FD4FF00040A0620020BDE823
:1039D000F08140461DF006FCE06108B90120E0617D
:1039E0002046F4E70C39002010B51421074800F0F8
:1039F0006DFA14F0A3FB40B105490160054941602F
:103A0000054981600549C16010BDFEE7F43800201A
:103A1000697B0108E57E01085D800108357B0108AE
:103A200070B50D4604461021284616F0F1FC2068BA
:103A30000078012804D0022807D0042807D008E025
:103A4000208A2880608A688003E0E06800E00A201D
:103A5000686020684268002A03D02946BDE87040AB
:103A6000104770BDFEB5866A0446BEB9A08A218A99
:103A70000844A082E08A618A0844E08220460AF075
:103A8000ACFA060079D020460CF066FE002209212F
:103A9000304613F039FA607880076ED4208A10B966
:103AA000608A002869D00025ADF80450ADF80850B0
:103AB00094F83C0000F00F000328304616D018F0B0
:103AC0002FFA0746304618F0E5F803460C20009020
:103AD000B4F912103A46304609F036FEADF8080047
:103AE000304618F029F9C10712D017E018F0ACF9E8
:103AF0000746304618F048F9024603200090B4F912
:103B000010103B46304609F01FFEADF80400E7E711
:103B1000BDF90410002901DDADF80450810705D47A
:103B2000BDF90410002901DAADF80450410705D4AD
:103B3000BDF90810002901DDADF80850000705D4D3
:103B4000BDF90800002801DAADF8085002AA01A961
:103B500020461FF058FB0023BDF90820BDF90410D2
:103B600030461AF0E3F9A08ABDF804100844A08298
:103B7000E08ABDF808100844E082FEBD2DE9FC5F34
:103B80000446806A5FEA000B71D094F83C0000079D
:103B90006DD014F047FE019000684021457E5846E4
:103BA00019F068F94FF0000818B9A4F81A80A4F8C1
:103BB0001880584618F0A6F98246584618F0A9F918
:103BC000064694F83C004FF0640900F00F000C2802
:103BD00002D003284CD09AE0A4F8188056B1B4F96A
:103BE0001A50002714F01EFE00684946407EC0F1BE
:103BF000640022E0608BC5F1640110FB01F191FBD0
:103C0000F9F06083584618F045F80546584618F014
:103C100087F902460C200090B4F91A102B4658463A
:103C200009F092FD6083024600231EE07A1917B264
:103C300010FB05F292FBF1F215B2002DF6D1ADF8B2
:103C40000070A4F81A806A46002120461FF0DBFAB3
:103C500041F6FF72BDF90030514258460AF022FB8E
:103C6000BDF800100123084402B200214CE09AE0A4
:103C7000A4F81A80BAF1000F0AD0B4F9185000273E
:103C800014F0D0FD00684946407EC0F1640022E097
:103C9000208BC5F1640110FB01F191FBF9F0208349
:103CA000584618F071F80546584618F0CDF8034606
:103CB00003200090B4F918102A46584609F044FD34
:103CC0002083014600231EE07A1917B210FB05F28B
:103CD00092FBF1F215B2002DF6D1ADF80070A4F808
:103CE00018800022694620461FF08DFA41F6FF72C7
:103CF000BDF90030514258460AF04CFABDF80010A8
:103D00000123084401B2002258461AF00FF9208B13
:103D1000002848D1608B002845D1C6B9584618F014
:103D2000FFF80546584617F0B5FF002D06DC0028C1
:103D30000DDD002D02DA01232A4604E0002806DA10
:103D40000123404202B2002158461AF0EFF8BAF1BE
:103D5000000F19D1584618F017F80546584618F0C4
:103D600073F8002D07DC00280EDD002D03DA012397
:103D70000022294605E0002806DA012300224042FD
:103D800001B258461AF0D2F80A215846019A13F0A7
:103D9000BBF86078800706D414F83C0F20F00F00C1
:103DA000207044F8148CBDE8FC9F00007FB50E46DF
:103DB000040003D110F03CFA040023D00025FEB12A
:103DC000ADF80050ADF8025010F04AFA401EADF8C0
:103DD0000400204610F08AFA401EADF806006A463C
:103DE000314602A8FFF704F800280BD02068017CB8
:103DF000890708D5DDE90001C4E90C0101202AE0AA
:103E0000A0F850517FBD82690AB102A990470026EF
:103E10000BE000BF04EBC601002202A83031FFF71F
:103E20000FF80028EED1761CB6B2B4F85001B042BB
:103E3000F0D880B2202804D204EBC00002A93030B0
:103E400004E0A4F8505104F1300069460EF046F841
:103E5000B4F85001401CA4F8500160680028D1D08B
:103E60001DF024FB7FBD70B5054600F012F8044636
:103E70000CE02146284600F01EF80646214628465A
:103E800000F071F8204616F079F93446002CF0D194
:103E900070BD002800D04068704700B5034600227E
:103EA000FFF7F7FF03E01846521C00F004F801008A
:103EB000F9D1104600BD0068091D405870470068E0
:103EC00040587047002800D0806870470022426048
:103ED000C91C21F0030182600160704770B504467F
:103EE0000068083016F0C0F8050013D00146002223
:103EF00020461EF0D5FA2946204662681EF0CAFA0E
:103F0000616819B12A4620461EF0CAFA6560A068A9
:103F100000B9A560284670BD70B504460068083039
:103F200016F0A2F8050013D00146002220461EF02C
:103F3000B1FA29462046A2681EF0B2FAA16819B16A
:103F40002A4620461EF0A6FAA560606800B96560A2
:103F5000284670BD28B1416809B9806808B10020C1
:103F600070470120704770B504000DD0FFF791FF36
:103F700000228842204608D1FFF79DFF6060011EA5
:103F800001D000221EE0A26070BDFFF79BFF8842B7
:103F9000206808440AD10168A16029B12046BDE823
:103FA000704000221EF076BA626070BD056820463F
:103FB000FFF781FF06460246294620461EF06AFAB0
:103FC0002A4631462046BDE870401EF069BA10B559
:103FD0000446006882680AB121469047206800685C
:103FE000002801D02060F5E710BD8068002801D0CE
:103FF000B0F91600704700002DE9F047074690B071
:10400000408C189E40F00400788490463A8499468B
:104010008A463289384618F099FD0546A7F820905F
:1040200032895146384618F091FD0446788CA542F5
:1040300020F00400788403D12904B1EB044F68D048
:10404000A7F8208032895146384618F07FFD054692
:104050008046A7F82090514638460BF065FB318921
:1040600000682A461CF03AF83089602823D147F6C8
:10407000FF794D4501D04C451DD1384618F0B1FEB1
:1040800000EBD0704510384618F0ABFE00EBD07056
:104090004010C84506D1691C431C994200DA00E073
:1040A000194688464C4506D1691C421C914201DAEA
:1040B0006C1C00E014461948FFF710FF05002BD0D8
:1040C0002F60C5E903843089A8806846C5F808A038
:1040D0000DF0D4F91248FF21CDE9005011480290AB
:1040E0001148039000200790CDE9080130880A901C
:1040F00070889DF83E1040420B90F06806900020BA
:1041000060F300018DF83E103069059068460DF0AF
:1041100029FA10B0BDE8F087FEE700000039002062
:10412000D55D0208C95F0208255F02081421014815
:10413000FFF7CCBE003900202DE9FC5F0025924638
:104140008B4606462C46042743F60F0843F60E0915
:1041500000E100BFF16807EBC400085882017DD47C
:1041600080B230EA0B0212D05FF0000230EA0A009F
:104170000FD00020824271D051F8340001AA41F6DC
:10418000100100901BF082FD002868D103E001229D
:10419000ECE70120EEE701AA41F6110100981BF0BF
:1041A00075FD002873D101AA41F6120100981BF099
:1041B0006DFD00286BD101AA41F6130100981BF098
:1041C00065FD002863D101AA41F6150100981BF096
:1041D0005DFD00285BD101AA41F6140100981BF097
:1041E00055FDE0BB01AA41F2690100981BF04EFDAC
:1041F000A8BB01AA43F20C0100981BF047FD70BB5D
:1042000001AA43F20D0100981BF040FD38BB01AA42
:1042100041F2010100981BF039FD00BB01AA41F2F7
:10422000040100981BF032FDC8B901AA41F2020155
:1042300000981BF02BFD90B901AA41F203010098F0
:104240001BF024FD58B901AA41F2050100981BF0AA
:104250001DFD20B901AA41F2060101E079E016E056
:1042600000981BF013FD90B901AA41F232010098A9
:104270001BF00CFD58B901AA414600981BF006FD41
:1042800028B901AA494600981BF000FD10B103208F
:10429000BDE8FC9F01AA40F60A0100981BF0F6FC5D
:1042A000F0BB01AA40F60B0100981BF0EFFCB8BB75
:1042B00001AA414600981BF0E9FC88BB01AA4946C7
:1042C00000981BF0E3FC58BB01AA40F63C010098A3
:1042D0001BF0DCFC20BB01AA40F63D0100981BF05E
:1042E000D5FCE8B901AA40F63A0100981BF0CEFCD3
:1042F000B0B901AA4FF4046100981BF0C7FC78B96B
:1043000001AA40F6450100981BF0C0FC40B901AA83
:1043100040F6410100981BF0B9FC08B901AA00E081
:1043200013E040F6420100981BF0B0FC68B901AA06
:1043300040F6430100981BF0A9FC30B901AA40F6F1
:10434000490100981BF0A2FC08B1022501E005B963
:104350000125641C708CC0F3C500A0423FF6FAAE84
:10436000284695E70148406870470000BC020020DD
:104370007047C0F30410072800D9072070470000D9
:1043800010B518210348FFF7A1FD0349012008706B
:1043900010BD0000AC380020400200202DE9F041A3
:1043A00090460C46050015D0FBF780FF0A4F0646E5
:1043B0002146BA68284690470446BA6828194146FB
:1043C00090470146701A03E06218AA5C2A55641CE3
:1043D000A042F9D2BDE8F081540200202DE9F0415D
:1043E000094D90460E466A681C4607461946904796
:1043F000306020B120686A68384400219047C8F8CE
:104400000000BDE8F0810000540200202DE9F04FCB
:1044100087B08A46DDE910581F46934604460021BE
:1044200005B129805CB12078002809D0BAF1000FCD
:1044300005D0002618F0060F15D0002004E000205B
:1044400007B0BDE8F08F401C215C0A2904D00D297B
:1044500002D00029F7D100E0401C002DF0D04FF031
:10446000FF312980ECE75FEA887001D541F6FF77DC
:10447000894608468DF81410049127E00498CDF879
:10448000189068B34FF0000C05AA06ABCDF80CC02D
:10449000CDF80080CDE9013220443B465A465146D2
:1044A0001DF062F906997A1A314417B20EB288B13A
:1044B00004990144049120780A280BD00D2809D0D2
:1044C000605C0A280FD00D280DD00846205C08B18A
:1044D000002FD3DC049848B105B12E800498AFE7D3
:1044E0004FF0010CD0E7481C0490F3E7064A04A9FA
:1044F000204652689047002DF0D0014600225046D9
:1045000012F0DDFD06B2E8E7540200202DE9F0418B
:104510001746884606001ED0002F1CD0FBF7C6FEAB
:1045200004463846FBF7C2FE050014D00B4A2C4463
:104530004146926830469047411903E0621BB25CE5
:104540003255641EA142F9D930442A463946BDE8A5
:10455000F04115F01FBFBDE8F081000054020020BB
:1045600000230278232902D0012A0DD00FE02AB1BE
:104570000021012A04D0022A04D008E0012101E030
:10458000017004E0017001E0202902D001231846E7
:1045900070470221F6E72DE9F0410E4680460246BB
:1045A0000021334608461DF01BFB04460027401C33
:1045B00015F05AFD050008D02F5533464246611CC0
:1045C0001DF00EFB2846BDE8F081FEE72DE9F0471F
:1045D0001E4614460D468246DDF8209015E000BFC9
:1045E0004FEA540808FB0657394650464A4690475A
:1045F000002808DD44F30000C0EB540407EB060577
:10460000A4F1010401E005DA4446002CE8D120467B
:10461000BDE8F0873846FBE72DE9FC5F9B460CAB15
:104620008A468146DDE9116093E81210DDE90F57F3
:104630005FEA80784FF030031AD45EB15FEAC07849
:1046400008D000F00C0858EA0C0803D0761E01E0F0
:104650000B55641CBC4204D2202CF9D301E00B554D
:10466000641C5FEAC07803D0B44201D2202CF6D398
:104670005FEAC06825D55FEA40580AD44CB1BC4215
:1046800001D0B44205D1641E03D0102D03D1641EA5
:1046900004E0102D02D0022D0AD00EE0850603D4CE
:1046A000202C1ED2782506E0202C1AD2582502E0B4
:1046B000202C16D262250D55641C202C11D20B55CE
:1046C000641C202C0DD2BCF1000F01D02D2306E07C
:1046D000430701D52B2302E0030702D520230B5506
:1046E000641CCDE900BAC846154681468B46AA46E9
:1046F000800714D1274607E02A46DDE900316D1C0A
:104700002020C446E0477F1CB742F5D307E02A4685
:104710006D1C641EDDE900311BF80400C047002C4D
:10472000F5D15FEA897006D409E02A46DDE9003157
:104730006D1C2020C047A5EB0A00B042F5D32846E7
:10474000BDE8FC9F2DE9F04F8FB099468B46DDE91F
:104750001818DDE91C63DDE91A47924686460022F7
:1047600009B923F01003580507AD00D5C9B1B1FB55
:10477000F4F004FB1010C0B20A2801D2303009E076
:104780005FEA836C02D54FF0410C01E04FF0610C01
:1047900060440A38B1FBF4F1A854521C09B1202A34
:1047A000E5D3CDF80880CDE90563CDE90052CDE928
:1047B00003474B46524659467046FFF72DFF0FB050
:1047C000BDE8F08F2DE9FF4F8FB01CACDDE92395DC
:1047D00094E8030820AC94E8C004002450EA0102E5
:1047E00001D125F010056A050DF11C0802D550EA2B
:1047F000010217D032463B46FBF7E2FCD2B20A2A4E
:1048000001D2303206E0AB0601D5412300E061233E
:104810001A440A3A08F80420641C50EA010201D044
:10482000202CE7D3CDE90084CDF808B0CDE905957B
:10483000CDE9036A0FAF97E80F00FFF7EDFE13B065
:10484000BDE8F08F9A4200D288547047704700004C
:104850002DE9FF4F8DB00F460546002606E02528BE
:104860000BD0DDE90F1290476D1C761C28780028CC
:10487000F5D111B03046BDE8F08F0024A246A14624
:104880000122EC4900E0044315F8013F203B02FA05
:1048900003F00842F7D128782A2810D06FF02F02B1
:1048A0002878A0F13001092914D80AEB8A0102EB1B
:1048B000410144F0020400EB010A6D1CF0E701CF56
:1048C0005FEA000A03D544F40054CAF1000A44F038
:1048D00002046D1C28782E2817D115F8010F44F01A
:1048E00004042A280ED06FF02F022878A0F130019E
:1048F00009290AD809EB890102EB410100EB010902
:104900006D1CF2E757F8049B6D1C28786C280FD0BB
:1049100006DC4C2817D068280DD06A2814D104E092
:10492000742810D07A280FD10DE044F400140AE066
:1049300044F4801401E044F440146978814202D1C7
:1049400004F580146D1C6D1C2A786E2A1FD00CDCB7
:10495000632A31D004DC002A8BD0582A11D1A3E07D
:10496000642A68D0692A0CD165E0732A2ED004DC51
:104970006F2A73D0702A04D19BE0752A6FD0782AF1
:104980006ED01046DDE90F129047761C50E1C4F35B
:104990000250022806D0032809D0042801CF09D0EC
:1049A000066045E101CFF117C0E9006140E101CFA8
:1049B00006803DE106703BE117F8040B8DF800001E
:1049C00000208DF80100EB46012003E057F804BBFE
:1049D0004FF0FF3061074FF0000102D40DE008F105
:1049E0000101884649450FDA8045F8DB1BF80810BD
:1049F0000029F4D108E008F1010188468142FADB80
:104A00001BF808100029F6D1DDE90F23AAEB0800F6
:104A10008146214600F036F9304400EB080604E0F8
:104A2000DDE90F121BF8010B9047B8F10108F7D22E
:104A300021464846F7E00A21C4F302534FF0000B29
:104A40000891022B04D001CFC117032B09D00AE033
:104A5000FF1D27F00707F7E8020108E032E01FE03A
:104A600020E000B2C117042B01D140B2C117031ED0
:104A700071F1000307DA4FF0000CD0EB0C006CEB87
:104A800001012D2302E0230504D52B238DF82430CA
:104A9000012303E0E30701D02023F7E7984658E01D
:104AA0000A2110E010210EE010204FF0000B0890BA
:104AB0000CE010214FF0000B44F004044FF0080903
:104AC000089103E008214FF0000B0891C4F3025352
:104AD000022B04D001CF0021032B06D006E0FF1DDE
:104AE00027F00707F7E8020103E080B2042B00D1AA
:104AF000C0B24FF0000823072BD5702A07D0DDF88D
:104B000020C08CF0100C5CEA0B0C05D00EE04023AA
:104B10008DF82430012308E050EA010306D0302349
:104B20008DF824308DF8252002239846DDF820C02A
:104B30008CF0080C5CEA0B0C0BD150EA010301D19C
:104B4000630706D530238DF824304FF00108A9F112
:104B50000109582A04D038A20B9208AA0A920BE045
:104B60003AA2F9E75B46089AFBF72AFB0B9B9B5C92
:104B70000A9A521E0A92137050EA0102F2D10A9860
:104B8000ADEB000000F1200B600702D524F4803467
:104B900001E04FF00109D94502DDA9EB0B0000E06F
:104BA000002000EB0B0141440890AAEB010AE0034E
:104BB00006D4DDE90F232146504600F063F8064491
:104BC0004FF0000908E009A911F80900DDE90F120A
:104BD000904709F10109761CC145F4DBE0030CD5CF
:104BE000DDE90F232146504600F04CF8064404E06E
:104BF000DDE90F1230209047761C0899481E089076
:104C00000029F5DC08E00A980A990078491C0A9105
:104C1000DDE90F129047761CBBF10001ABF1010BEF
:104C2000F1DC21465046DDE90F2300F019F8064477
:104C30006D1C1BE60928010030313233343536371C
:104C400038396162636465660000000030313233D8
:104C50003435363738394142434445460000000078
:104C60002DE9F041044600251E461746880404D469
:104C700005E039462020B0476D1C641EF9D5284652
:104C8000BDE8F0812DE9F041044600251E4690461E
:104C9000C80301D5302700E02027880404D505E0AB
:104CA00041463846B0476D1C641EF9D52846BDE81C
:104CB000F08100002DE9FF4F89B005460A980024D5
:104CC0009246002800D1FE4D8FE1252804D02246CF
:104CD000641C53460A990BE2491C4FF00008084631
:104CE0000C9101782B2919D004DC202919D0232913
:104CF00004D119E02D290ED0302909D00026C8B2E0
:104D0000FEF756F8B0B10CA8FEF73BF806461FE0D8
:104D100048F001010AE048F0020107E048F0040110
:104D200004E048F0080101E048F01001401C88460A
:104D30000C90D6E70C9908782A2809D1169840C813
:104D40001690002E02DA48F002087642491C0C91B7
:104D50000C984FF0000B01782E2919D1401C0C90B3
:104D600048F480680078FEF723F820B10CA8FEF71D
:104D700008F883460CE00C9A10782A2808D1169877
:104D800002C81690002900DC0021521C8B460C92B0
:104D90000C9801786C290AD004DC68290FD06A29A4
:104DA00019D128E0742929D07A2914D126E0401C91
:104DB0000C90017848F480786C291CD00BE0401CE2
:104DC0000C90017848F08008682904D148F040012F
:104DD000401C88460C9002460078692822D015DCD9
:104DE00062281FD00DDC252871D050281AD05828F1
:104DF0007FF46DAF16E048F40071E9E748F4807184
:104E0000E6E7632878D06428F2D10BE0732874D0E9
:104E100004DC6F2806D07028EAD103E0752801D0A1
:104E20007828E5D178280DD058280BD070280BD0E1
:104E3000502809D06F2816D0622816D00A2128F0F1
:104E4000100016E0102107E05078102148F488780F
:104E5000562804D1521C0C921078582807D010788C
:104E6000502804D006E0082109E0022107E048F0BC
:104E7000200080461078692803D0642801D028F0EB
:104E80000C085FEA485001D528F00108107869281D
:104E90001ED064281CD0562864D05FEA885072D592
:104EA000169804ABC01D002283E806080292CDE9E3
:104EB000076820F007005346F0E80212CDE900121F
:104EC0001690224628460A99FFF77CFC89E00AE101
:104ED0005FEA885024D5169804AFC01D20F0070360
:104EE000F3E802021693002387E80A08CDE9076871
:104EF000002A03DA012102E080E0A6E0002100237D
:104F0000029119461B1A914101DA114603E0002172
:104F1000404261EB020153462246CDE90001D1E750
:104F20005FEAC85004D5169804C80FE0524215E055
:104F30005FEA486003D5169810F8042B06E05FEA94
:104F40000860F0D5169830F8042B12B21690CDE90F
:104F5000021BCDE90468D00F002AE7DDCDE900206F
:104F600053461EE01698AAEB040202C81690486841
:104F7000006800900A980B6801192846FFF79AFE0E
:104F800004442FE0FFE75FEAC8500CD5CDE9021BCF
:104F9000CDE9046816980021534604C8CDE90021E4
:104FA0001690224619E05FEA486003D5169810F87B
:104FB000042B08E05FEA0860169803D530F8042B4C
:104FC00092B200E004C816900020CDE90020CDE99F
:104FD000021BCDE904685346224628460A99FFF78A
:104FE000B1FB04460C98401C0C900C9908780028E2
:104FF0007FF46BAE54457DD222467DE001275FEA07
:10500000887006D509E02246641C534620200A9980
:10501000A84738467F1CB042F5D316992246641C37
:1050200011F8040B169153460A99A8475FEA887055
:1050300006D4D7E72246641C534620200A99A84785
:1050400038467F1CB042F5D3CCE7169850F8049B45
:1050500016904B46BBF1000001D0014601E04FF035
:10506000FF31484600E0401C02780AB1491EFAD2DE
:10507000C71A5FEA485003D558465F4500D3074634
:105080005FEA887006D512E02246641C5346202051
:105090000A99A84738467F1CB042F5D307E000BF05
:1050A000224609F10109641C53460A99A84799F858
:1050B000000040B15FEA4851F2D5BBF1010B01E0BD
:1050C0004D480008ECD25FEA887006D48AE7224691
:1050D000641C534620200A99A84738467F1CB042DA
:1050E000F5D37FE706E02246641C534625200A9943
:1050F000A84777E7AAF10102534600200A99A8477A
:105100000DB02046BDE8F08F10B502004FF0000052
:105110000CD04B1E194200D0FEE70A44521E9A439F
:10512000B2F5803F02D20C2A01D9104610BD0C20E6
:1051300010BD08444A1E401E9043114200D0FEE7B5
:10514000704700002DE9F0410F460121002504467B
:1051500041862E460BE01B49FBF7AFF810B16D1CE2
:10516000ADB202E0608E401C6086761CB6B257F885
:10517000260010B101780029EDD1208EA8421ED062
:10518000A06A002610B114F0F9FFA662E06A10B11F
:1051900014F0F4FFE662E80014F066FFA06238B194
:1051A000680014F061FFE06218B1A16A11B102E079
:1051B000FEE7FEE70025690015F02AF92586BDE81F
:1051C000F0810000282801082DE9F84F8146407A37
:1051D0000F4600F00700022819D01046804697427B
:1051E00000DD3A46164603202A4C2B4A00EB4600C7
:1051F00020F00305A06811681035411A636805EBBB
:10520000010C9C4505D2416821F0004124E008468C
:10521000E4E79D4219D892464FF0FF3B4819616878
:10522000884210D9002269461C48CDF800B00BF026
:105230004BFE002269461A480BF046FEA168DAF8D8
:105240000000091AEAE7A068DDE7284614F00CFF21
:10525000C0B1416841F0004188EA6702416089EAD3
:1052600002010160416801F04041491C31F0804178
:1052700041608681A0F80E8005D500F110018160A3
:10528000BDE8F88FFEE7A16801F1100229448260B1
:10529000A160F5E7D000002030020020C9DF00083F
:1052A000290F010870B586B000228DF808208DF80E
:1052B0000C208DF81020444C90F83C20142302F070
:1052C0000302A5784FF4B476012A23D0022A5FD0D6
:1052D000AA4211D010F8265F05EB051505EB450530
:1052E000B5FBF3F52570407800EB001000EB4000B3
:1052F000B0FBF3F06070A27004AA03A8CDE900022D
:1053000001EB41004FF6FF7101EA400002AB627809
:1053100021781AE0AA4210D0858C05EB45056D0274
:10532000B5FBF6F5A58090F8270000EB001000EB28
:105330004000B0FBF3F06070A27004AA03A8CDE9AE
:105340000002C9B202AB62783CE008F04FFB9DF866
:1053500010209DF80C10D308BDF800209DF808001F
:1053600063F30402ADF800208A08BDF8001062F370
:105370004A11ADF80010C108BDF8000061F3CF205C
:10538000ADF8000080B20090BDF8000006B070BD1E
:10539000AA4210D0858C05EB45056D02B5FBF6F5EC
:1053A000A58090F8260000EB001000EB4000B0FB59
:1053B000F3F02070A27004AA03A8CDE90002CAB2DB
:1053C000217802ABA088C0E78001002010B5084C0E
:1053D000012020700748FEF75CFD0028A06803D07C
:1053E000BDE810401CF062B8BDE810401CF052B897
:1053F00014020020DC38002010B5044690F83E006E
:10540000626B810707D4A18F39B1A1F57F43FF3BC0
:1054100015D0491EA187A18F89B90AB181070ED580
:1054200021461348FEF79FFDFFF7D0FFE16809B161
:10543000204688472046BDE8104014F09FBEA16B6F
:105440004942E162002A11D0810702D4216B49420E
:10545000E1624110491C61F3410084F83E00616A39
:10546000E069E1616062A06AA262606310BD000051
:10547000DC38002070B5304D68681BF0B3FE06467E
:10548000687880F00100687047E00020287094F888
:105490003E006978C0F380028A4242D061F3820004
:1054A00084F83E00E16A8A19030719D4002917DC41
:1054B000002A15DBC00709D1216939B12046884788
:1054C000E1690144E161616A08446062A16809B16F
:1054D0002046884794F83E0040F0080084F83E00DB
:1054E000E06A8019E06216D4A16A884200DDE162B8
:1054F000A169204688470146206A884204D021627B
:1055000062680AB120689047D4E90A01814202DB4F
:105510002046FFF771FF287818B10848FEF7B9FC5C
:1055200003E021460548FEF7C6FC0400ADD11BF0A0
:105530005FFE686070BD000014020020DC380020AF
:1055400070B5044640680D4608B1FFF7F9FF2268C0
:10555000002A04D029462046BDE87040104770BD9F
:1055600089B20CF0D8BB89B20CF011BC10B504465E
:10557000406882080AD0496821F00301091D0844E7
:105580006060204600F042F8204610BDFEE740680B
:10559000103120F00300884201D301207047002021
:1055A00070472DE9FC47054648680C4620F003008B
:1055B00001AA69461CF016FEDDE9007005EBC71173
:1055C00001EB80098046D9F83C0060B164B1C4E9C0
:1055D000020504F10806C46030460421FFF7A9FD66
:1055E000864202D0FEE7FEE7FEE7C9F83C40012014
:1055F000296900FA07F21143296105EB870100FAD6
:1056000008F04A6902434A61BDE8FC8710B50446C8
:1056100000F087F8046010BD2DE9FC4706464FF006
:1056200000000D0000900746019042D00C46E9466C
:105630000DF10408802907D3084620F0A8FB411F7C
:1056400001208840401E04444246494620461CF042
:10565000C9FD009C0A2C2CDA06EB8400019A4069F3
:105660004FF0FF3101FA02F210400CD1641C306996
:10567000A14008401DD020F082FB0446009006EBBC
:105680008000406978B120F07AFB034606EBC41134
:10569000019001EB8000C76B5FB1786820F00300D8
:1056A000A84201D2FEE7FEE739463046009A1DF0D7
:1056B000E5FB3846BDE8FC8710B50446FFF7A6FFBA
:1056C000416841F002014160606840F001006060A3
:1056D00010BD10B5044600F024F8416821F0020125
:1056E0004160606820F00100606010BD70B5064642
:1056F0000D46084600F015F8040010D02079C007C8
:105700000BD0686880080BD02146304600F03CF88A
:1057100021462846FFF72AFF0546284670BDFEE7CA
:10572000FEE7426800F1080122F00300001F084470
:10573000910800D1FEE7704770B506460C004FF0A7
:1057400000001ED0F2B120791546C0071BD01146CB
:105750002046FFF71CFF78B12946204600F025F8C7
:1057600005462046FFF752FF6868294640F00200D0
:1057700068603046FFF715FF2046FFF7AAFF04F1E7
:10578000080070BDFEE7FEE77CB5054648680C469C
:1057900020F0030001AA69461CF024FDDDE9002386
:1057A000214628461DF06AFB7CBD2DE9F0410D46DF
:1057B000044600F10801281F0E18606806F108076A
:1057C00020F00300401BA0F1040838460421FFF735
:1057D000B0FC874200D0FEE7606820F0030108EBD0
:1057E0000500001D814200D0FEE7307900F0030083
:1057F00040EA0800706020F003000C2800D2FEE7A9
:10580000207900F00300284360603046FFF754FF22
:105810003046BDE8F08138B5044613F003F805467C
:1058200013F039F80028204605D0218FE18617F0C3
:10583000EFFD012038BD11F027F9002820461ED0C9
:1058400010F0F7FF218FE08E81420CD02087E08E90
:1058500000906A461C21204611F056FB0128E9D130
:10586000204617F0D5FD284613F021F80428E0D192
:10587000204616F0BDF9002111F0E3FFD9E711F041
:105880005FF9D6E710B511F0F6FA072806D1FBF755
:10589000B1F9BDE8104002A0FDF744BA10BD000008
:1058A000726573746172740A0000000008B54028C4
:1058B00031D00EDC082828D006DC01281AD00228B6
:1058C0001AD004281CD11EE0102820D0202817D17F
:1058D0001FE0B0F5007F24D005DC80281DD0B0F596
:1058E000807F0DD11BE0B0F5806F1CD0B0F5006F4C
:1058F00006D11AE00E4800E00E480DF053FF00906C
:10590000BDF8000008BD0C48F7E70C48F5E70C4867
:10591000F3E70C48F1E70C48EFE70C48EDE70C48DB
:10592000EBE70C48E9E70C48E7E70C48E5E700003F
:10593000BABABA00FEFFE600EBFFCC00C9FFD70001
:10594000C9FFEC00CAEDFF00CAD5FF00FFE0C000B0
:10595000FFC3C100FFBDE6002FFFDB00FFF46900BD
:1059600070B511F0CDFA054616F088F904462846C0
:105970000DF004F801462046BDE8704001221AF0FF
:105980005DBF00002DE9F04F0D4687B004460021B1
:1059900016F063F860B32946204600F061FA294604
:1059A000204600F06FF80021204616F08DFF05908C
:1059B0000021204617F05AF804900021204616F0E6
:1059C00041FE012800D0002080460021204617F02B
:1059D000DEF907460021204616F0B9FE42F2D179E1
:1059E00006464F450BD1608C400508D4012707E0DF
:1059F00007B02846BDE8F04F1C2114F009BD002770
:105A0000204616F0A8F8DFF878A08346204600214B
:105A1000BAF8022017F09AF8D5F810C0AB682968D8
:105A2000CDF800C0CDF80C80CDE90131C2B23946C5
:105A30005846059B09F0EAFE28834E4504D1608C48
:105A4000800501D4012600E00026204616F069F802
:105A5000074620460021BAF8062017F077F8C2B2B0
:105A6000686900246B68E9688DE81B003146384698
:105A7000049B09F0CBFE688307B0BDE8F08F0000FF
:105A8000F40000202DE9F34F81B00C46019809F095
:105A90000FF90646019816F05EF88246304600F08F
:105AA00025FF2061400014F00BFB206020694000BE
:105AB00014F006FB002541F69A79A0603AE036F929
:105AC0001510DFF82081494533D10027DFF818B1E0
:105AD0001FE03946019815F0C0FF5946009017F0B5
:105AE000D0F9A8B9009809F0F5F8012810D100986C
:105AF00009F0E6F8A8420BD1009817F072F9414678
:105B0000404501DA084602E0009817F06AF980463D
:105B10007F1C019815F0B3FFB842DAD8B8F1000F36
:105B200003DBA16821F8158003E0A168002021F8BB
:105B300015006D1C2069A842C1D800252F462846B3
:105B400041F69B784B4615E036F91010414504DBD1
:105B50000D44A5F5F8559B3D0BE0994204D1A16891
:105B600031F81010394403E0A26822F810103944CB
:105B70000FB2401C21698142E6D80021019816F03D
:105B8000A3FE2169C1F1010200FB02A0C01B00B20B
:105B9000002800DA002000224FF0FF331146C446EF
:105BA00011E000BF36F9117067450BDBA7F5F85718
:105BB0009B3F3AB210FB02F3B3FBF5F3A76827F85B
:105BC00011300B46491C27698F42EBD8002B07DBAD
:105BD000A91A4143B1FBF5F1401AA16821F813005D
:105BE000BDE8FE8F01E0FFFF010006002DE9F14F47
:105BF00000221146009818F0D7FA0021009816F0FC
:105C00007FFD04460021009816F092FF20440FFA11
:105C100080F90021009816F042FE20440FFA80F827
:105C2000009816F0C3FC00EB090101EB0800DFF857
:105C300098A006B25446009815F021FF07460025AB
:105C40002AE0009821498068006850F825008346C2
:105C500017F017F9F8B9584617F03CFC40BB002183
:105C6000584616F0C8FC18B3012821D002281FD0CE
:105C700003281DD00021584617F0ACF858B9BBF8DE
:105C80001A10BBF81600081A401C00B24844A04283
:105C900000DB044624B26D1CBD42D2D3544504D06F
:105CA00004EB080000B2B04200DC3046BDE8F88FDB
:105CB0000098BBF91A10B0F91600081A411CA1424D
:105CC000E8DB0C46E6E7000001E0FFFF010004000E
:105CD0002DE9F84F00228046114618F04FFA0021B6
:105CE000404616F00DFD04460021404616F0A9FE80
:105CF00020440FFA80FA0021404616F04EFE204460
:105D00000FFA80F9404616F05FFC00EB090101EB49
:105D10000A00DFF844B105B25C46404615F0AFFE1C
:105D200007460021404616F0A9FC01284FF0000666
:105D300044D078E0D8F808004849006850F82600B8
:105D4000009017F09EF8C0BB009817F0C3FB50B14D
:105D50000098B8F91810B0F91400091A481CA042AC
:105D60002ADB4C1C28E00021009816F044FC58B1B6
:105D7000032809D0062807D0082805D0002100985C
:105D800017F021F858B118E00098B8F91810B0F9D8
:105D90001400081A411CA1420EDB0C460CE00098CE
:105DA000143000900CF0DBF85044A04204DB009863
:105DB0000CF0D5F800EB0A0424B2761CBE42B9D32D
:105DC0005C453BD004EB090033E000BFD8F8080085
:105DD0002249006850F82600009017F052F808BBDE
:105DE000009817F077FB60BB0021009816F003FCC9
:105DF00038B3012825D0042823D0072821D000213A
:105E0000009816F0E7FF68B90098143000900CF085
:105E1000A6F84844A04204DB00980CF0A0F800EB80
:105E2000090424B2761CBE42D0D35C4506D004EBF4
:105E30000A0000B2584501D0A84200DC2846BDE85F
:105E4000F88F0098B0F91810B8F91400091A481C16
:105E5000A042E6DB4C1CE4E701E0FFFF0100040088
:105E60002DE9F84F0C46834609F040FB064600F04A
:105E70003DFD6061400014F023F9606060694000FE
:105E800014F01EF9002541F69A79E0603AE036F9FF
:105E90001500DFF80C81484533D10027DFF804A155
:105EA0001FE03946584615F0D8FD5146009016F0CF
:105EB000E8FFA8B9009809F09FFB012810D10098CD
:105EC00009F090FBA8420BD1009815F096FE4146D0
:105ED000404501DA084602E0009815F08EFE804643
:105EE0007F1C584615F0CBFDB842DAD8B8F1000F48
:105EF00003DBE16821F8158003E0E168002021F868
:105F000015006D1C6069A842C1D800273D4638467F
:105F100041F69B784A4615E036F91010414504DBFE
:105F20000F44A7F5F8579B3F0BE0914204D1E1687D
:105F300031F81010294403E0E36823F810102944D5
:105F40000DB2401C61698142E6D80021584616F026
:105F50008DFD8146584615F0E4FD01466069C0F1AB
:105F6000010209FB0210401B02B2002A00DA0022E3
:105F7000002043460FE000BF36F91010994209DBBC
:105F8000A1F5F8519B3912FB01F1B1FBF7F1E5687E
:105F900025F81010401C61698142EDD8BDE8F88FEA
:105FA00001E0FFFF0100060070B5002015F0BEF90A
:105FB00004460EF0B1F9084D20462C600CF09AFE14
:105FC000F0221146686018F050FA6868BDE8704029
:105FD000052118F020B900006C0000201CB50B88CA
:105FE00004892344ADF800304B8844892344ADF83C
:105FF00002308B8804892344ADF80430C988438972
:106000001944ADF806104369694698471CBD000065
:10601000F8B50D46D0E90C2104468AB112787AB160
:1060200041B100BF1AF00BFF0D4909688847616B49
:10603000884211D2206B88B100200A4E009006E001
:1060400061B1EFE7326869469047A84206D0206BFD
:106050000099415C0029F5D10020F8BD0120F8BD70
:106060006C020020580200202DE9FF4F87B0C8784D
:10607000189CC0070D46002801D0F14800E0F14807
:10608000069001D0F04800E0F048049001D1EE48BD
:1060900000E0EE484FF0100A4FF00C0ECDF814005F
:1060A0006088A1884FF0000BA0EB010001B25A46B6
:1060B0005846276912E000BF00EB8006E3680AEB50
:1060C000860C13F80CC05FEACC7C0BD04FF0080CA8
:1060D0000CEB86069B5BC91A09B2401C8742EBD8C1
:1060E000002347E00EEB86069B5B1A4412B2F4E7EE
:1060F00003EB8306E7680AEB86000190385CC00773
:1061000037D191FBF2F00EEB860CCDF800C037F8DA
:106110000CC00CFB00FC0FFA8CF94FF0060C0420AD
:106120000CEB860C00EB860037F90C80385ECC4611
:10613000C84500DCC446604504DC4046CC46C84542
:1061400000DD6046484506D0DDF804804FF0010CC4
:10615000E34647F808C0D4F80CC0082707EB8606CA
:106160002CF80600E768009EBE5B921B081A12B26C
:1061700001B25B1C20699842BAD8BBF1000F8FD1E5
:106180000021079816F057FA012826D00027002092
:10619000ADF80800ADF80C0003A902A8CDE9000194
:1061A0002089B4F9022003B2287816991CF04CFA21
:1061B000E878384207D0079815F0CDFCBDF80810F4
:1061C0000844ADF808000999079815F046FC064602
:1061D0004FF4FA684FF0640B27E10127D7E79C4999
:1061E000304616F04EFE00287DD10021304616F0D4
:1061F0009DFAE8B34FF000094846216911E000BF5D
:10620000E26800EB800352F82320B24208D100EB91
:106210008002E168082000EB820031F9009002E082
:10622000401C8142ECD8E878C007708C02D040F462
:10623000806001E040F40070708406F1140004995D
:1062400082468847484528D0304617F0E1F8B08AA2
:10625000ADF80000F08AADF80200308BADF8040014
:10626000708BADF80600069A49465046904700E00C
:106270000FE06A462921304610F046FE304615F000
:10628000FDFC3246222110F03FFE304617F0C0F8E8
:1062900003E0708C20F4C060708400200090687867
:1062A000012810D0022816D1059906F1140088475C
:1062B000B4F90010491C21F00101081A00EBD0705C
:1062C00040F34F0006E0059906F114008847218845
:1062D000081A00B20090E87838420AD0049906F112
:1062E0001400884700E098E0BDF80810081AADF8DF
:1062F00008003046002143F20C0216F027FC0FFA8A
:1063000080F93046002143F20D0216F01FFC0FFA0F
:1063100080FA304616F065FD0190304615F06DFCB0
:106320000146C9F3413001280ED129F4C04040454F
:106330000ADCB0F57A7F01DDC0F57A70019A50432E
:1063400090FBFBF00FFA80F9CAF3413001280DD120
:106350002AF4C040404509DCB0F57A7F01DDC0F584
:106360007A70484390FBFBF00FFA80FAB18A1498D8
:10637000F28A411A01EB0900159900B28A1A02EB60
:106380000A01EA7809B2D207002A02D0BDF9082032
:1063900000E0009A10440FFA80FA01D0009801E062
:1063A000BDF9080008440FFA80F95AEA09001BD029
:1063B000304617F02DF8B18A01EB0A00B082318B1C
:1063C00001EB0A003083F18A01EB0900F082718B46
:1063D00001EB09007083304617F01AF801234A4692
:1063E0005146304617F0C4F8E87838420CD1049989
:1063F00006F11400884717990844BDF80C100844AA
:10640000BDF80810084406E0BDF80C1017980844C1
:10641000BDF80810081AADF80800E87809AAC0F31A
:106420008001079808F02EFF0646002E04D0DDE913
:10643000090188427FF4D3AE0BB0BDE8F08F0000B5
:10644000B71F0108AD1F0108471F0108FB1E010807
:10645000010006002DE9F04F91B00E0005463FD037
:106460002E83286808B113F089FE06EB460006214A
:1064700001EB400013F0F8FD286040B3022101EB6E
:1064800046010144E960042101EB86010144C5E9AC
:10649000010101210024012E1AD0F000083013F070
:1064A0000FFE814600EB860000F10408B00000B248
:1064B000A346ADF81000C0F101028010ADF812B093
:1064C0000FFA82FA5C46CDF828B00690ABE0FEE702
:1064D000B4220270E8680480E8684180A8680480FB
:1064E00011B0BDE8F08F0027BDF81220BAF1000FFF
:1064F00007DC032101EB42010AEB01000FFA80FAED
:106500000CE0BDF810100523521A03EB420202EB17
:106510000A00491E0FFA80FAADF81010BDF81200FB
:10652000401CADF8120004A800F0E9F868B1BDF90C
:10653000100006A9821041F827200AA900F00300E4
:1065400041F827007F1C042FCEDB042F71D109995D
:106550000698884212D129F8140028F814B0DDE911
:106560000A010144DDE90C2010440844696808551B
:10657000696800010855641C24B252E007998842FA
:1065800019D029F8140028F814B06A680A98105530
:106590006A6800011055641C069A20B2521E29F840
:1065A000102028F810B0DDE90B120A440D99091DDE
:1065B00011446A682FE0089929F81400884228F8E5
:1065C00014B0DDE90A025946104412D06A68105529
:1065D0006A6800011055641C069A20B2521E29F800
:1065E000102028F81010DDE90C12114408316A68F7
:1065F00011E00C9A10446A6810556A680001105541
:10660000641C069A20B2521E29F8102028F8101097
:106610000D996A680C3111546A6809011154401CC3
:1066200004B20BF1010B04A800F069F800287FF414
:106630005AAF40F2D32016FB00F109EB4402881256
:1066400032F9022C824205D108EB440232F9022CC5
:1066500082421AD0A1EB8021B1F5007F03DC4943CF
:1066600041F3CF3106E0C1F58061494341F3CF31B9
:10667000C1F10F0129F8140028F8140068680155C9
:10668000686809010155641C24B2A01E0EE000BF19
:1066900038F8102029F8142039F8102028F8142090
:1066A00069680A5C0A55641C24B2401E0028EFDAAF
:1066B000EA680021084611801BE0EA6822F8110010
:1066C000AB6839F8102023F811200AE0AE6839F9D8
:1066D000102036F81130934200DA1A4626F81120BD
:1066E000401C38F910208A4201D1A042EEDB491C3F
:1066F00009B2A042E1DB484613F02EFDF0E6B0F906
:106700000210B0F90000814201DC01207047002036
:10671000704717B581B0022A03D8BDF8080004B04D
:1067200010BDBDF80830BDF80400D90A01EBD02136
:106730001F2900D31F2161F3CF20C3F34511C0F3FC
:1067400045142144ADF804003F2900D33F2161F3F3
:106750004A1003F01F0100F01F031944ADF80400B4
:106760001F2900D31F2161F30400ADF80400FF2AA4
:1067700007D0DDE901010DF053F90090BDF80000EC
:10678000CDE780B2CBE717B581B0022A03D8BDF8B8
:10679000080004B010BDBDF80400BDF80810C30A1D
:1067A000CC0A13FB04F35B0963F3CF2000F01F0353
:1067B00001F01F0413FB04F35B0963F30400C0F34F
:1067C0004513C1F3451113FB01F1890961F34A1027
:1067D000ADF80400FF2A07D0DDE901010DF020F932
:1067E0000090BDF80000D4E780B2D2E717B581B0C1
:1067F000022A03D8BDF8080004B010BDBDF8083067
:10680000BDF80400D90AA1EBD021002900DC002149
:1068100061F3CF20C3F34511C0F34514091BADF854
:106820000400002900DC002161F34A1003F01F017D
:1068300000F01F03C91AADF80400002900DC002194
:1068400061F30400ADF80400FF2A07D0DDE901017F
:106850000DF0E6F80090BDF80000CDE780B2CBE780
:10686000F8B5044610F04CFB0646204610F003FB3A
:106870000546304615F002FA04462B2D2AD00A2D83
:1068800027D16946304615F05FFA304615F063F9B6
:1068900005460021204615F0DCFE0128BDF9000068
:1068A00005EBD5711CD000EB610000BF90FBF5F04B
:1068B00001B2002900DA0021608D4FF00102884208
:1068C000204610D019F0BAFF00221C21204610F0FB
:1068D0001BFBF8BD618DBDE8F840002219F0AEBF8A
:1068E000C0EB6100E2E719F0A9FFF8BD0146002006
:1068F00041F6FF7200E0401C31F910309342FAD1AA
:1069000070471CB5044690F8500000F00100884222
:106910002DD094F8500011B140F0010001E020F0BA
:10692000010084F8500004F1440168460BF0BBFA02
:10693000606ABDF80010828A1144ADF80010BDF8FD
:106940000210C08A0844ADF80200606ABDF8041065
:10695000808A0844ADF80400606ABDF80610C08A59
:106960000844ADF806006946204616F085FD1CBDBA
:1069700008B5084611460CF0E2FE0090BDF8000094
:1069800008BD2DE9F04F0646C87A89B015460F4676
:10699000022803D8012009B0BDE8F08F18463A69F3
:1069A000B968FCF7F7FF041EF5D0207D00F01F004A
:1069B00011F07DF808B1062008E0207D00F01F00EE
:1069C00011F065F808B1052000E00420226A814634
:1069D00022B1294630461CF044FEB7E0A069E8B376
:1069E000294602A80BF020FA388818B97888B0F543
:1069F000807F2AD0A88829886A88401A401C01B262
:106A0000E8883B1D801A401C02B27888CDE900035B
:106A1000B7F9003002A8FCF735FCBDF8080029885A
:106A20000844ADF80800BDF80A0069880844ADF8CC
:106A30000A00BDF80C0029880844ADF80C00BDF828
:106A40000E0069880844ADF80E0002AA04A8B168D7
:106A5000FCF7CEF9002879D004A800E00DE0D6F8C4
:106A60000880B060CDF800902A4639463046A369C8
:106A70000DF0C6FEC6F8088068E02A4604A8B16892
:106A8000FCF7B6F9002861D0BDF81400BDF810106D
:106A9000401A401C0FFA80FB0BEB4B0013F010FB6D
:106AA000039004A901A8D6F808A00BF0BDF90121B4
:106AB00001A80BF07BFABDF91000B5F90010BDF983
:106AC0001280401A0690B5F90200A8EB000534E0E8
:106AD00001AA514607A8FCF78BF960B30398009010
:106AE00006985B4601B22AB2204611F0BFFB01288E
:106AF0000CD0204611F00FFB039813F02DFB20461D
:106B000011F009FB0020C6F808A044E707A8B06010
:106B1000CDF8009001AA39463046039B0DF070FE77
:106B2000BDF80600401CADF80600BDF80A00401C88
:106B3000ADF80A006D1C08F10108BDF916004045CA
:106B4000C6DAC6F808A0039813F006FB204611F039
:106B5000E2FA1FE77047000070B5084C05460020B8
:106B6000216848622046FBF7BFF82068416AA942C5
:106B7000FCD3BDE870400148FBF732B99003002018
:106B800038B505460092B1F90240B1F90630B1F9C5
:106B90000420B1F9000021460AF050FA2846BDE869
:106BA00038400DF03FBB70B5054611F03BFE064680
:106BB000286B1AF017FB3168898B884223D295F82D
:106BC0003C006C6A10F0030105D06420012906D056
:106BD000022909D106E0002060F30F0404E060F30D
:106BE000174401E060F31F64304611F069FF21464D
:106BF00028460DF0F5F930B100221C21284610F08E
:106C000083F9012803D11AF0F3FA2863012070BD3B
:106C10002DE9F04FA1B0074614468A4604A80DF0AE
:106C2000D7FB4FF4A021384615F0EFFC9DF81D105E
:106C300060F382018DF81D10A1882088091A491C73
:106C400009B201EBD1714E103044ADF8700060888C
:106C500000213044ADF87200384615F0B0FD814691
:106C6000514608A814F038FD04A810904FF40030E5
:106C700015902D48099000200A9007F130008346B6
:106C8000FDF720F94AE02079032843D1208BADF8A5
:106C90001000208AADF812006079FD2801D948461D
:106CA00002E010FB09F0000A8DF81C002568B5F918
:106CB0002030E88B18440090D5E90512A06813F045
:106CC000C1F98046B5F92030E88B18440090D5E929
:106CD0000512E06813F0B6F90546608B08AA304447
:106CE000ADF85C001CA811901A211994384610F0D8
:106CF0000BF9A9B21FFA88F0CDE90001BDF85C30AC
:106D00001CAA04A950460DF053FB08AA1B213846C3
:106D100010F0FAF821465846FDF7D1F80400B2D138
:106D200021B0BDE8F08F000018D402082DE9F74F1C
:106D3000C878A0B00C4602287DD9114601A80BF0F6
:106D400085F8B4F92000012829DD94F82200FD28F7
:106D500025D3208818B394F82300BDF80410400808
:106D6000C0F380021144ADF80410BDF80610C0F362
:106D700040000844ADF8060094F82310BDF8080060
:106D80004908C1F3C001401AADF8080094F8231077
:106D9000BDF80A00C1F34001401AADF80A0020987E
:106DA00001A9826805A8FCF723F8002843D0E07BFE
:106DB00010F0070619D0E088ADF80000BDF800001B
:106DC0006189884200D1002601A80EF00FFA07461B
:106DD0001C210EA8F9F75FFAA0788DF85100BDF8D4
:106DE0000000ADF840001FB105E060680090E5E7E5
:106DF000208800B9EEB3E078FD2800D3FF20834659
:106E0000BDF80800BDF80410401A401C0FFA80FAC3
:106E1000BDF80A00BDF80610401A401C01B28946B0
:106E20005046CA4500DB0846B4F90050B5EB600F88
:106E300000DB451000E043E0BDF81810BDF8140079
:106E4000081A401C0FFA80F84FF0FF301D90002008
:106E50000790002D00DC87B1404613F031F9079010
:106E600000232A4601A916A80EF02CFC002116A822
:106E700000E01CE00DF0DAFF1D90BDF81400ADF845
:106E80000C00BDF81800ADF810000798119003A889
:106E90000E901390FF208DF850004A465146A01DD9
:106EA00010F01AFB040018D0022E0CD015E001A837
:106EB0000E90E0788DF850000EA920980EF0BEFEDE
:106EC00023B0BDE8F08FBDF91410A06800EB4100BD
:106ED000BDF90410A0EB41000F90002F7DD0BDF94B
:106EE000165027E02FB2ADF80E70ADF81270424682
:106EF0005946079813F05AFABDF9141043463A461A
:106F000007980EF035F98DF84800012802D10220CB
:106F10008DF84800012E08D1BDF90610A068691A45
:106F200000EB41000088ADF840000EA920980EF05B
:106F300085FE6D1CBDF91A00A842D3DAB7E000BF88
:106F4000BDF80600BDF9161038440FFA80F9BDF8F7
:106F50000A00C01B0FFA80FA494503DDBDF91A107B
:106F6000514544DB42465946079813F01FFABDF9D4
:106F70000C1043464A4607980EF0FAF88DF8480080
:106F8000012802D102208DF84800BDF916104945AC
:106F900013DCADF80E90ADF81290012E09D1BDF9B9
:106FA0000620A168A9EB020001EB40000088ADF8C3
:106FB00040000EA920980EF041FEBDF91A1051456F
:106FC00015DBADF80EA0ADF812A0012E0BD1BDF966
:106FD0000600A268AAEB000000E009E002EB400016
:106FE0000088ADF840000EA920980EF027FE7F1C07
:106FF000AF42A5DBBDF80400ADF87800BDF808008D
:10700000ADF87C00BDF806002844ADF87A00BDF864
:107010000A00401BADF87E001EA80EF0E7F80746F8
:1070200030430CD001208DF84800BDF90A008DF8DE
:1070300050B0A0EB0509BDF90600054435E0BDF8E8
:1070400006008DF850B02844ADF80E00BDF80A00D7
:107050000EA9401BADF812000020119020980EF0F0
:10706000EDFD24E06FB142465946079813F09EF9B2
:10707000BDF9141043462AB207980EF079F88DF83E
:107080004800ADF80E50ADF81250012E08D1BDF9F0
:107090000600A168281A01EB40000088ADF8400006
:1070A0000EA920980EF0CAFD6D1C4D45DADD07983B
:1070B00008B113F051F81D98401C05D01D980EF032
:1070C000ADFB16A80EF076F8002C3FF4F9AE204682
:1070D00010F0FCF9F4E6F0B5074608698FB01546E4
:1070E0000C46002871D0A17E02296ED911F0D1FA88
:1070F000022820D06946206911F02EF8012864D1B9
:1071000005A80DF085FBA0788DF82000208BADF848
:107110001C00E07E8DF81E00A07E8DF81F00207FF1
:107120004FF0FF36E0B300996888ADF8060006EB33
:1071300051510844A8E0002641F6FF70CDE90060F7
:107140000296D4E9041233460DA81AF0A7FB28468C
:107150000AF0F3FE01462A88BDF9340001EBD17133
:1071600002EB610200EBD071A2EB61010844401E0A
:10717000ADF81000ADF80C1028460AF0B8FE014634
:107180006A88BDF9360001EBD17102EB610100EBB9
:10719000D072A1EB62010844ADF80E10401E00E071
:1071A00015E0ADF8120005A80DF0E8FD6069059046
:1071B000208BADF82000A07E8DF82E00009603AA4B
:1071C00005A9384623690DF03DFB0FB0F0BD2846F8
:1071D0000AF0B3FE298800EBD07001EB6000009943
:1071E000C1F38A21A0EB5100ADF8040028460AF053
:1071F0007EFE698800EBD07001EB60010098A1EB86
:107200009051C0F38A22ADF80610BDF80430521E2A
:107210001A4406EB5050ADF808200844ADF80A00B7
:1072200001AA05A9384623690DF0CAFACDE70099ED
:107230002888C1F38A21ADF80400491E084410E0F3
:1072400001AA05A9384623690DF0BAFA0098BDF8DD
:107250000410C0F38A200144ADF80410BDF80810F2
:107260000844ADF80800BDF90400B5F904108842DF
:10727000E6DDBDF80610009801EB5051ADF80610A0
:10728000BDF80A1001EB5050ADF80A00BDF9060038
:10729000B5F906108842CADD97E7F0B5074691F8C0
:1072A000220087B016460C4602286BD9208C002895
:1072B00068D094F8230010F03E0F63D0C00761D16E
:1072C000B08831887288401A401C01B2F088B4F945
:1072D0000050801A401C00B2814200DA0846B5EB2B
:1072E000600F00DD4510314604A80AF0AFFD94F8A8
:1072F0002300BDF91020C0F344014807B4F9200071
:1073000001D4284440421044ADF810000807BDF9EC
:107310001420B4F9200001D428444042101AADF8DA
:10732000140094F82300BDF9121040088007B4F946
:10733000200001D4284440420844ADF8120094F8DB
:107340002300BDF916104008C007B4F9200001D190
:1073500028444042081AADF81600208C281A00B2C2
:10736000002800DA0020A27894F82210CDE9021259
:10737000E18BADF8041000902B4604AA3146384644
:1073800000F002F807B0F0BD2DE9FF4FA9B01D468F
:10739000DDE93879DDF8D88016460C46FF2F00D39A
:1073A000FF2708460DF022FF2690284350EA0800E8
:1073B00074D029982146826808A8FBF719FD002897
:1073C00073D0BDF82400BDF82010401A401C00B254
:1073D00004901C210AA813F01BF8049812F070FE08
:1073E0000D904FF0FF302490002D0ADD00232A4637
:1073F000214615A80EF066F9002115A80DF016FD1E
:1074000024900123424631461BA80EF05BF900216F
:107410001BA80DF00BFD259001A80A900F90BDF858
:10742000DC008DF84070ADF830008DF84190B4F973
:1074300000002290B6F900C04319634500DC6346A2
:10744000B4F904000FFA83F92190B6F90430401B17
:10745000984200DB18460FFA80F8B4F902E0B6F95A
:1074600002000EEB05018246514500DC01460FB2D9
:10747000B4F906B0B6F90610ABEB05028A4200DBA0
:107480000A4610B20590A8EB0900401C00B22790F4
:10749000D6450DDC01200CE000E006E00097324606
:1074A0002146379B299800F0B8F92DB0BDE8F08F40
:1074B000002082468B4501DB012000E0002083464E
:1074C0002698D8B3BDF82000ADF80400BDF824001C
:1074D000ADF80800BDF9224022E000BFBAF1000F6C
:1074E00001D1A7421BDCBBF1000F02D10598A042DD
:1074F0001ADB25B2ADF80650ADF80A5004990D9884
:1075000012F0B4FFBDF920102A46049B0D980DF02F
:107510002FFE8DF838000AA929980EF08FFB641C05
:10752000BDF92600A042D9DA1BA80DF043FE25982C
:107530000EF074F92498401C07D000E009E015A86B
:107540000DF038FE24980EF069F90D9812F004FE43
:10755000ABE72298604501DC012000E00020139099
:107560002198984201DB012100E0002101200090D8
:1075700013981291084000EA0A0010EA0B0F04D099
:107580002798322801DA00200090012000998DF818
:1075900038001AEA010F0ED0ADF80490ADF808805B
:1075A0006088ADF8060070880AA9401EADF80A0090
:1075B00029980EF043FB00991BEA010F0ED0ADF89D
:1075C0000490ADF80880F0880AA9401CADF80600C8
:1075D000E088ADF80A0029980EF030FB139878B1D6
:1075E0002088ADF804003088ADF80670401EADF874
:1075F00008000598ADF80A000AA929980EF01EFBAC
:10760000129878B1B0880AA9401CADF80400A0888F
:10761000ADF808000598ADF80670ADF80A00299895
:107620000EF00CFB0098C0B1BDF92400BDF920108C
:10763000A9F10102ADF80410904200DB1046ADF84C
:107640000800401A401C05B2002D70DD139850EA66
:107650000A0066D0BDF9224061E0BDF82000ADF817
:107660000400BDF82400ADF80800B4F90200B6F932
:107670000210401AA84200DB05460FFA85F80025E3
:1076800033E06088284406B2E088401B07B2BDF9A9
:107690002200B04203DDBDF92600B84224DB049984
:1076A0000D9812F0E3FEBDF904103246049B0D98CC
:1076B0000DF05EFD8DF83800BDF92200B04207DC08
:1076C000ADF80660ADF80A600AA929980EF0B6FA7E
:1076D000BDF92600B84207DBADF80670ADF80A70B8
:1076E0000AA929980EF0AAFA6D1C4545C9DB8DE060
:1076F00026B2ADF80660ADF80A6029460D9812F082
:10770000B5FEBDF904102B4632460D980DF030FD44
:107710008DF838000AA929980EF090FA641CA74247
:10772000E6DC139850EA0B001DD0059C16E01AE029
:1077300026B2ADF80660ADF80A6029460D9812F041
:1077400095FEBDF904102B4632460D980DF010FD44
:107750008DF838000AA929980EF070FABDF92600B4
:10776000641CA042E4DABDF9200008F1010188425E
:1077700000DC0846BDF82410ADF80400081A401CCF
:1077800005B2ADF80810002D40DD129850EA0A004D
:107790001BD0BDF9224016E026B2ADF80660ADF868
:1077A0000A6029460D9812F061FEBDF904102B46BF
:1077B00032460D980DF0DCFC8DF838000AA92998A6
:1077C0000EF03CFA641CA742E6DC129850EA0B006B
:1077D0001CD0059C15E026B2ADF80660ADF80A6035
:1077E00029460D9812F042FEBDF904102B46324690
:1077F0000D980DF0BDFC8DF838000AA929980EF0FF
:107800001DFABDF92600641CA042E4DA1BA80DF0A5
:10781000D1FC25980EF002F88FE62DE9FF478EB0D7
:107820000C46824615461C2102A81A9E12F0F0FD55
:10783000CDF808D0BDF84400ADF810008DF82060F8
:10784000B4F90200B5F90210884201DC012700E01A
:107850000027B4F90600B5F90610884201DB0126BD
:1078600000E00026B4F90000B5F90010884201DC00
:10787000012100E000218946B4F90410B5F9042083
:10788000914201DB012100E00021ADF80000A08859
:10789000ADF804006088ADF8020068888846401E94
:1078A000ADF806001FB102A950460EF0C7F9E888EE
:1078B000401CADF80200E088ADF806001EB102A938
:1078C00050460EF0BBF92088ADF800002888401E15
:1078D000ADF8040017B1B5F9020001E0B4F90200F7
:1078E000ADF8020016B1B5F9060001E0B4F90600E2
:1078F000ADF80600B9F1000F03D002A950460EF012
:107900009DF9A888401CADF80000A088ADF80400DF
:10791000B8F1000F03D002A950460EF08FF912B053
:10792000BDE8F0872DE9F04F8B46A2F57F4195B079
:1079300091460646FF3944D0746A208C80469842AE
:1079400004D02384608C40F0040060844FF4802ACB
:107950005146204615F093F907465146204615F04A
:10796000C2F90546B7F90870304607F0B4FBB0F924
:1079700016107A1909FB021105EBD570A1EB600016
:10798000ADF8060038446D1E2844ADF80A00706A50
:10799000818AADF80410008BADF8080006A80DF040
:1079A00061FF06AA5146204615F0D7FB01AA06A999
:1079B00058460DF043FFA4F82080608C20F00400AE
:1079C000608415B0BDE8F08F2DE9F0430E46A2F5B6
:1079D0007F4191B090460546FF3956D06C6A278C9E
:1079E0009F4204D02384608C40F00400608406A889
:1079F0000DF0C4F94FF4802906AA4946204615F037
:107A000009FB4946204615F06EF9ADF82A002846D4
:107A100007F061FB050038D00698B5F91620B0F9DB
:107A20000810BDF92A0000EB010C08FB0C2200EB4A
:107A3000D073A2EB63021044491EADF80A2008443B
:107A4000ADF80E00A08AADF80800208BADF80C0050
:107A500002AA0EA8B168FBF7CBF988B10EA8D6F838
:107A60000880B060284611F0A9FC03460020009071
:107A700005F1140206A930460CF0E4FEC6F80880B1
:107A80002784608C20F00400608411B0BDE8F0838E
:107A90002DE9F041274E074670680CF0DDFB0446E7
:107AA0003868856BE96A09B128468847206850B173
:107AB000606828B907E070680068816A01B188478A
:107AC00020690028F7D10120206171680968C96820
:107AD0008A69D20702D08969890700D400206061D1
:107AE000606908B1012600E000263868416971B17B
:107AF000016911F0300F06D0490704D5D5E900100F
:107B000000F01AF803E0D5E90021FEF767FA2068D3
:107B100000280BD06168002908D03A68127CB24373
:107B2000D20703D1A268824202D1A160BDE8F081F0
:107B3000A060FBE7BC0200202DE9F34F05468A4810
:107B400093B041680E683069820701D542076ED450
:107B5000C0F3011002281ED0012801D0032866D1ED
:107B600000200F9008460CF077FB8346A988B5F9F2
:107B70000000EA88091A491C0CB2B5F90210521A21
:107B8000521C17B24FF4A052B2FBF4F3BB420FDA0F
:107B9000B2FBF4F20DE029463046149A00F0F0F8FA
:107BA000149A15B029463046BDE8F04FFEF716BAD4
:107BB0003A460C920791317CC1F30111012905D09D
:107BC0006880611E0844E8800020BDE07188081AC2
:107BD000401EE880001B401C6880F5E70C99A7EB6D
:107BE0000A00884200DD084600B201900120CBF86F
:107BF0001000BAF1000F20D1A7421EDB0194307CA7
:107C0000C0F30110032810D000202146149A00F080
:107C1000EAF8307CC0F30110012809D031880798B8
:107C2000081A401EA880001B56E00120EDE797E0EF
:107C3000079828800798204466E00F9820B94FF4F1
:107C4000205012F03DFA0F90307CC0F30110032851
:107C50001BD000208646DDF850C001990F980A908D
:107C600014FB01F0401E0D90601E48430E90002052
:107C70008146884222DA0E9ABEF1000F02EB09001B
:107C800001D00D9A101A002212E00120E2E70A9BAF
:107C9000BEF1000F03EB400863460CF1020C1B8899
:107CA000A8F8003001D0084400E0401A521C12B27B
:107CB000A242ECDB09F1010000B2D9E7307CC0F34D
:107CC000011001281BD031880798091AA1EB0A007E
:107CD000401EA8800199401A401C288001990AEB97
:107CE0000108B84513DBDBF81800C0070FD0DBF83C
:107CF000180080070BD50120CBF814000AE0079884
:107D00005044288001990844401EA880E6E70021DD
:107D1000CBF814100F9828B1024629463046FEF7DA
:107D20005DF905E0149AF8E7B16A09B13046884771
:107D3000DBF810000028F7D101981499604301EB9B
:107D4000400014900FFA88F08246B842FFF646AF22
:107D50000F98002804D015B0BDE8F04F12F0FCB920
:107D600015B0BDE8F08F0000BC02002030B50488DB
:107D70000D88058010880880188810801C8030BD10
:107D8000F8B58B880C884D881B1BCC885B1C641B4A
:107D9000641C13FB04F300245B1E0DE002EB43069E
:107DA00002EB44073588ADF80050B7F800C0A6F8DC
:107DB00000C05B1E3D80641CA342EFD843884C8802
:107DC000CA881B1B5B1ECB8043889A1A521E4A80AE
:107DD00003880C888A881B1B5B1E8B800088801A96
:107DE000401E0880F8BD2DE9F0470C461746824634
:107DF000002601EBD47931E00025601C00EBD0783F
:107E000027E0A01B401E01B2601B401E00B2BAF169
:107E1000000F0AD015FB041207EB420311FB04010B
:107E200007EB410210FB046009E010FB046207EB62
:107E3000420311FB040007EB400215FB041007EBA3
:107E4000400116FB045007EB4000FFF78FFF6D1C4D
:107E50002DB2B5EB680FD4DB761C36B2B6EB690FEA
:107E6000CADBBDE8F08700002DE9F047A2B0054667
:107E70000FF046F8044628460FF003F88246606A81
:107E800011F09CFA054694F85000C00778D004A879
:107E90000DF0E8FC4FF4E02904AA4946204615F00D
:107EA0005CF904F1440101A809F0FDFF606ABDF826
:107EB0000410828A1144ADF80410BDF80610C08A7F
:107EC00001AA0844ADF80600606ABDF80810808A6F
:107ED0000844ADF80800606ABDF80A10C08A08447A
:107EE000ADF80A0004A950460DF0A8FC494620460A
:107EF00014F0FFFB06464946204614F040FD871962
:107F00004946204614F006FE4FF000081E4906447C
:107F1000CDF87480CDF87880E06C096828448847F3
:107F20000246E06C41191DA812F094F9BDF8040056
:107F300040F257423844ADF80400BDF8060041460F
:107F40003044ADF80600606A14F000FE054612A841
:107F50000CF014FF12AA4946204615F05BF89DF874
:107F60001300022804D8BDF85400A9B2884207D0F3
:107F70001DAB01AA12A95046CDF800800CF062FC9E
:107F800022B0BDE8F0870000540200202DE9F04F38
:107F9000C3B0054630300E461890FBF7DBFF0028D3
:107FA0007DD105F1140240A8B168FAF721FF00283D
:107FB00075D040A8D6F808A0B0603CA80CF016FF19
:107FC0004FF4E0243CAA2146284615F072F82CA86C
:107FD0000DF048FC9DF8F8008DF8B30047F6FF70EF
:107FE000ADF8B0002146284614F0D8FE00EBD07062
:107FF00047102146284614F0D1FE00EBD0704FEA1E
:10800000600B314601A813F067FB29A8079019A857
:1080100005905F48029005200E9403901898FBF796
:1080200051FFADE00A223CA929A812F013F9382229
:108030002CA919A812F00EF9E088ADF8A400E08888
:10804000ADF8680014A80A903FA80B90607BC007A9
:1080500004D0B4F90000B4F902100DE0A288A2F532
:10806000FE40FF386FD03AAB2846A1680BF056F8B7
:10807000BDF9E800BDF9EA10AA8A10440FFA80F8A9
:10808000E88A08440FFA80F9B7B1BBF1000F13D0AA
:10809000A8EB0700ADF89C0008EB070000E074E0D7
:1080A000ADF8A000A9EB0B00ADF89E0009EB0B00AA
:1080B000ADF8A20027A800E000200490207B8107F3
:1080C0002AD0C00702D0B5F9140000E04046ADF850
:1080D0005000ADF85290217B4846890702D5B5F98A
:1080E000181000E04146ADF8FC10ADF8FE0001AA02
:1080F0001A2128460EF008FF3FAB14AA29A93046E2
:108100000CF067FE27AA19A930460DF097FB01AACB
:108110001B2128460EF0F8FE217B11F00C0F2BD00E
:108120004046ADF85080490702D5B5F9161000E079
:108130004946ADF85210ADF8FC00207B000703D58E
:10814000B5F91A0001E017E04846ADF8FE0001AAB3
:108150001A2128460EF0D8FE3FAB14AA29A93046B2
:108160000CF037FE27AA19A930460DF067FB01AACB
:108170001B2128460EF0C8FE21461898FBF79FFEEB
:1081800004007FF44FAFC6F808A043B0BDE8F08FFD
:10819000C4CE02082DE9F04F9FB005460EF0B0FEA8
:1081A000044628460EF06DFE1C90204614F019FE81
:1081B0000546204613F021FD0146A08A05EBD57245
:1081C00000EB62000FFA80FBE08A01EBD17100EB5B
:1081D00061000FFA80FA4FEA620806A80CF006FE6A
:1081E00006AA0021204614F064FF4FF41D7018FB0E
:1081F00000F042F2341190FBF1F0801CADF81A004F
:1082000000263146204614F008FA054647F6FF7965
:1082100000234A4604F114010AA80DF053FA002184
:108220000AA80CF003FE1B90A78AE28AADF80E2084
:10823000218BADF81010638B7819ADF80C00481B3A
:10824000ADF810005019ADF80E00581BADF8120033
:1082500001234A4603A910A80DF034FA002110A802
:108260000CF0E4FD1D90BDF91A20A8EB05000027D5
:10827000A0EB0209904439462046FDF713F8099017
:10828000BDF82400ADF81800300A00B2054619F018
:1082900041FA00FB08F00BEBE030ADF8580028463F
:1082A00019F030FA00FB08F00AEBE030ADF85A00A4
:1082B000284619F02FFA00FB09F00BEBE030ADF87F
:1082C0005C00284619F01EFA00FB09F00AEBE030CA
:1082D000ADF85E0017AB16AA06A91C980CF079FD44
:1082E000FF1CBFB206F58766B7F5807FC3D90AA821
:1082F0000CF060FF10A80CF05DFF1B980DF08EFADB
:108300001D980DF08BFA1FB0BDE8F08F2DE9F04FEE
:1083100088468A68A7B0044600F1140124A8FAF739
:1083200067FD00287ED0D8F808001F9024A9C8F85F
:1083300008100021204614F0C7F905460021204608
:1083400014F0DEFA284400B220900021204614F0F8
:108350009BFB284405B2204613F0FDFBB4F88410C3
:10836000484340F30F201B90204613F0DAFBB4F88B
:108370008610484340F30F201D9018A80CF036FDDE
:1083800018AA0021204614F094FE4146684613F0D6
:10839000A3F9002618A80690701E0E90DFF8CCA155
:1083A0000D96CDE901A609966A461A2120460A963D
:1083B0000EF0AAFD20463122314614F0C7FB00F032
:1083C000FF090021204614F07FF98346204633221E
:1083D000314614F0BBFBC6B2204613F0D5FC239007
:1083E000204613F09DFDB4F87E10E9B3E18A2944DC
:1083F000081A00B21E90A08AADF84C00208BADF890
:108400005C000025B4F97E70B9F1020F40D9BBF1D0
:10841000000F3DDDB00707D50021204614F034FBE6
:1084200010B900E09FE00125F00731D0002120467F
:1084300014F0EFF960BB7F1E3FB229E01D9810FBDE
:1084400005F1B4F87E006A46401E91FBF0F01E99DB
:108450000844ADF84E00ADF85E000120CDE901A062
:1084600013A8099017A800E014E00A901A210E95AD
:1084700020460EF049FD17AB13AA18A940460CF090
:10848000A8FC6A461B2120460EF03EFD6D1C2DB255
:10849000BD42D3DBB4F88000F0B3A18A2098002756
:1084A00001442398081A00B21C90E08AADF84E00EF
:1084B000608BADF85E00B4F98050B9F1020F13D9AA
:1084C000BBF1000F10DD700705D50021204614F028
:1084D00017FA00B90127300706D50021204614F00D
:1084E0006AFA08B96D1E2DB256460DF14C0B0DF10E
:1084F0005C094FF0020A26E01B9810FB07F1B4F864
:1085000080006A46401E91FBF0F01C990844ADF8CB
:108510004C00ADF85C0000E017E00E97CDE9016A71
:10852000CDE909B91A2120460EF0EEFC17AB13AACB
:1085300018A940460CF04DFC6A461B2120460EF05F
:10854000E3FC7F1C3FB2AF42D6DB4FF0FF300E9012
:10855000002009900A906A461B2120460EF0D4FCA8
:108560001F98C8F8080027B0BDE8F08FC4CE0208F5
:108570002DE9F14F9CB01C980EF07DFC06461C982E
:108580000EF0BEFC0446122E7ED0152E01D0182E01
:108590007BD1002114F0EDFBE18E41430F1200214D
:1085A000204614F0C3FB218E01EB000A204614F094
:1085B00018FC0490204613F020FB03902046002175
:1085C00041F2320214F0C2FA05462046002141F67B
:1085D000120214F0BBFA28440FFA80F92046002159
:1085E00041F6130214F0B2FA284400B20D9020466E
:1085F000002141F6100214F0A9FA28440FFA80F87D
:108600002046002141F6110214F0A0FA2844618EA0
:108610000FFA80FB01EB0900ADF86000A18E01EBC1
:108620000800ADF8620094F8390000F0030001285A
:108630007DD018A9B8B2CDE90001DDE903210FFA18
:108640008AF305A8FAF71EFEBDF81410A08A0844A4
:10865000ADF81400BDF81610E08A0844ADF8160015
:10866000BDF81810A08A0844ADF81800BDF81A101B
:10867000E08A0844ADF81A0004F114010D461AA866
:108680000C9109F0FEFB01E06BE067E005A92846CC
:1086900009F0F7FBCF481C9913F0C9F901285DD107
:1086A0001AA90C9809F0EDFB152E57D1E08D002882
:1086B00054D0A08D002851D0002F4FD01C980EF020
:1086C000E0FB064603A80C9909F0DBFB20460FF0FF
:1086D00007FF054694F8390000F0030001287DD01B
:1086E000BDF81800BDF81410401ABDF80C1008446D
:1086F000ADF81000BDF81A00BDF81610401ABDF80C
:108700000E100844BDF80C10ADF8120001EB090082
:10871000ADF80C00BDF80E1001EB0800ADF80E002E
:10872000BDF810100D98081AADF8100000E089E0AF
:10873000BDF81210A1EB0B00ADF8120094F8380050
:1087400000F00301012977D0800775D0022974D089
:108750000023194630460C9A0CF032F81DB0BDE8E3
:10876000F08F1C980EF0C3FB054600780228F5D068
:1087700094F838004FF00106C14389075AD000F041
:108780000301022956D0C0F38400042801D0012837
:1087900050D120460021462214F0D8F9C0B2FF285B
:1087A00048D10021204614F0C1FA218EC14241D1A6
:1087B0000021204614F0DDFAE18E41430F121C988F
:1087C0000EF095FB8046B7F5807F37D0204613F03A
:1087D00014FA8146204614F004FB00E037E001461D
:1087E00004F13202B8B2CDE9000200234A4603A8E0
:1087F000FAF748FDBDF80C00A18A00220844ADF844
:108800000C00BDF80E00E18A0844ADF80E00BDF87A
:108810001000A18A0844ADF81000BDF81200E18AEA
:108820000844ADF8120003A94FEA0800FAF708FB64
:10883000002893D12E7091E734E0BAE0002204F1D1
:108840001401F3E705A9204613F09FF914E7B4F9E2
:108850002C0029B2401ABDF80C10401C00EBD0705F
:10886000A1EB6001ADF80C10BDF81010BDF80E20A2
:10887000A1EB6000ADF81000B4F92E002914401AE5
:10888000401C00EBD070A2EB6000ADF80E00B4F914
:108890002E00401ABDF81210401C00EBD070A1EB66
:1088A00060002FE70FA80BF0B3FF0FAA00212046AE
:1088B00014F067FBADF83E70ADF83CA0608EADF8EB
:1088C0004000A08EADF8420094F8380015AAC00907
:1088D0008DF85000BDF8141001EB0900BDF816101A
:1088E000ADF8540001EB0800ADF85600BDF81810C3
:1088F0000D98081ABDF81A10ADF85800A1EB0B003E
:10890000ADF85A00B16810460F46FAF771FA002820
:1089100091D015A8B060BDF90E10608D084400B26A
:10892000ADF80200884203DDE18D401AADF8020087
:10893000E18D80B20844401E31E000BFBDF90C104B
:10894000208D084400B2ADF80000884203DDA18DFF
:10895000401AADF80000A18D80B20844401E0DE021
:108960006A460FA93046636A0BF02AFFBDF8000083
:108970002844ADF80000BDF804002844ADF8040018
:10898000BDF90000BDF910108842E9DBBDF8021006
:1089900028140144ADF80210BDF806100844ADF8E3
:1089A0000600BDF90200BDF912108842C6DBB760AF
:1089B000D4E60DA80CF0E2F90DAA0021204614F02F
:1089C00029FB00200090636A0DA930460C9A0BF039
:1089D00039FFC3E6844B03082DE9F04FD3B00546B9
:1089E0000EF08EFA044628460EF04BFA4F9010A96E
:1089F000204613F0CAF8002140F60A02204614F07F
:108A0000A5F80546002140F60B02204614F09EF81A
:108A1000BDF84010BDF84420491BADF840102A4471
:108A2000BDF84230ADF844201B1ABDF84650511A2B
:108A30002844ADF84600C01A401C0FFA80FAADF881
:108A40004230D4E90A02491C0FFA81FBA2EB00086C
:108A5000D34501DB012100E00021894600213E9140
:108A600094F85C1001F00301012908D1002806DA0E
:108A7000002A04DD216B814201D101203E900021BA
:108A8000204613F052FF21900021204613F0A8FF4A
:108A900036900021204614F00CF82090002120464A
:108AA00013F0CCFE359004F1340010A9139009F0B6
:108AB000D6F9A18E21980844A086218F3698081AED
:108AC0002087E18E20980144E186618F3598081A4D
:108AD00000B26087B9F1000F11D0E18E401A401C3E
:108AE00000B204281DDAE18A0AEBDA726FF00100A5
:108AF00000EB62000844E086001D608711E0218FD2
:108B0000A08E081A401C00B204280ADAA18A0BEBD6
:108B1000DB726FF0010000EB62000844A086001DCC
:108B20002087218FA08E081A401C00B21890618FF8
:108B3000E08E081A401C00B22290B9F1000F05D057
:108B400004F13805DC48189F139E04E004F1360652
:108B5000DA48229F351D3A90A36D581C14D0216D20
:108B6000A06A626D091A101A7943784391FBF8F1F3
:108B700090FBF8F009B200B2401A5843C21700EB5C
:108B8000126001EB202005E0216BA06A081A7843EF
:108B900090FBF8F000B21690A26C501C14D0216C1F
:108BA000A06A636C091A181A7943784391FBF8F1AB
:108BB00090FBF8F009B200B2401A5043C21700EB24
:108BC000126001EB202005E0D4E90910081A78436F
:108BD00090FBF8F000B23F902046002141F26A423B
:108BE00013F0B4FFC0B2B9F1000F28D001280AD1A8
:108BF00030462E4605463F98404200B23F901698B8
:108C0000404200B2169031883F980844288031884D
:108C10001698084430803E9888B3A06A4042784352
:108C200090FBF8F000B2B9F1000F15D0318808447C
:108C3000B5F9001000B281420BDD308039E029889F
:108C40003F98081A401C308029881698081A2880F6
:108C5000E1E7318028802CE02988081A401CB6F909
:108C6000001000B2814201DD288001E029803080BF
:108C7000B5F90010B6F900008142EADB19E0FFE720
:108C80003A9913988847012813DC35A84F9912F0B8
:108C900023FD4FF4003042908948369000203790F1
:108CA0001398389035AA1A2120460EF02DF935AACE
:108CB000FBE050A8139909F0D2F868460CF0D2FDF9
:108CC0004FF400356A462946204614F046FA23A898
:108CD0004F9912F001FD4FF000087948CDE92408C2
:108CE0003095CDF89CD013982690454623AA1A219A
:108CF00020460EF009F920466022294613F026FF8F
:108D000005B258465146D34500DB0846B5EB600F27
:108D100000DD4510229A1899BDF90000914200DB50
:108D20001146B0EB610F00DD4810B9F1000F02D021
:108D3000228FA18E01E0628FE18E511A491C09B287
:108D4000B1EB400F18DD9DF8220012909DF80370E2
:108D50009DF81A608DF803808DF81A808DF82280B6
:108D60006946139A4F980CF069FD12988DF80370BC
:108D70008DF81A608DF82200A18A219800230844FA
:108D8000ADF83401218B36982A46081AADF838011F
:108D9000E18A20980844ADF83601618B3598081AAD
:108DA000ADF83A014DA947A80CF08CFC002147A86A
:108DB0000CF03CF817909DF822608DF82280454613
:108DC0008DF8368010A90EA809F049F8BDF83810C2
:108DD0002198084400B2ADF83800BDF83A20209937
:108DE00011440BB2ADF83A30BDF83C203699511A17
:108DF0000AB2ADF83C20BDF83E703599791A09B237
:108E0000ADF83E10B9F1000F12D0C81A401C00B2E4
:108E100004281FDAE18A0AEBDA726FF0010000EB36
:108E200062000844ADF83A00001DADF83E0011E0C4
:108E3000101A401C00B204280CDAA18A0BEBDB727A
:108E40006FF0010000EB62000844ADF83800001D2F
:108E5000ADF83C00BDF90020002319A813990CF0CF
:108E600031FC002119A80BF0E1FF07460EAA694664
:108E70004F980CF0E3FC8DF822608DF803508DF8CC
:108E80001A508DF836506946139A4F980CF0D6FC5C
:108E900019A80CF08FF947A80CF08CF938460CF0A3
:108EA000BDFC17980CF0BAFC23AA1B2120460EF03B
:108EB0002BF853B0BDE8F08F531F0108071F0108BE
:108EC000DC4A03082DE9F047B8B005460EF018F863
:108ED000044628460DF0D5FF82460021204613F0B7
:108EE000BFFB0646204613F07CFF0546204612F0E5
:108EF00084FE854201DB012701E00027284694F823
:108F00005C108046002001F00301012906D1A16A0E
:108F1000002903DAE16A002900DD01208FB110B1D8
:108F2000606A00280ADB012E03D100BFB4F93400C7
:108F300001E0B4F93800ADF800000BE0012EF8D0E4
:108F4000F4E710B1606A002801DBE08E00E0608F7A
:108F5000ADF8020017A80CF085FC4FF4403517AAB5
:108F60002946204614F0F9F83B4642466946204619
:108F700019F0A8FB04F168006946814608F08AFFF1
:108F8000514605A812F0A8FB2F4806900020CDE915
:108F9000125017ADCDE908950790204616F058FC01
:108FA000022806D005AA1A2120460DF0ADFF4A4638
:108FB0003DE0382217A926A811F04CF905AA1A217C
:108FC00020460DF0A1FF4A4617A950460CF036FC8A
:108FD00005AA1B2120460DF097FF4FB1012E02D0AC
:108FE000B4F9340001E0B4F93800ADF8000002E053
:108FF000608FADF802003B4642466946204619F0B4
:1090000061FB04F160006946064608F043FF382220
:1090100026A917A811F01EF901200995CDE9070628
:10902000139005AA1A2120460DF06EFF324617A9AB
:1090300050460CF003FC05AA1B2120460DF064FFEE
:1090400038B0BDE8F0870000104C03082DE9F0436C
:109050008FB004460DF054FF054612F00FFE074690
:1090600003A80BF08BFE03AA0021384613F0D2FFB1
:1090700020460DF006FF816804460E4607F11402F3
:109080000DA8F9F7B5FE002850D00DA8A0600BA9D7
:10909000384606F0BBFAA88AADF80400E88AADF8B5
:1090A0000600288BADF80800BDF82E00ADF80A00C8
:1090B00001AA1046A168F9F79BFE4FF000090DF1D7
:1090C000040878B1A7682846C4F8088010F076F93B
:1090D000034605F1140203A92046CDF800900BF0D9
:1090E000B1FBA760A88AADF80400BDF83200ADF866
:1090F0000600288BADF80800688BADF80A0001AABD
:109100001046A168F9F774FE78B1A7682846C4F83C
:10911000088010F053F9034605F1140203A9204614
:10912000CDF800900BF08EFBA760A6600FB0BDE8F5
:10913000F08300002DE9FF4F9FB0987B8A7E00F0FE
:109140000F04DDF8B0E00E46032C18D0012C1DD022
:10915000022C21D0042C13D0082C7DD1A24D4FF02D
:10916000FF0A6101FD2A2FD2A04F3878904202D128
:109170007868A04225D00020DFF874821FE0042424
:10918000994D4FF0F00A103D1021EBE7964D4FF04E
:10919000800A163D0221E5E7934D4FF0C00A143DC9
:1091A0000421DFE715F800C0BCF1FF0F1DD01CFB48
:1091B00002FC4FEA1C2C00BF08F800C0401C88428B
:1091C000F0D38B4D3A707C601F9AB3F806801889F3
:1091D00007902199926808FB04F0B1F90010B2F9E8
:1091E0000030994203DB002302E09446E4E75B1A77
:1091F0009B46B2F9043001EB08079F4201DC41466F
:1092000001E0591A491C89462199B2F90230B1F995
:109210000210994201DB002300E05B1A1193079BC7
:10922000B2F906200B44934201DC079901E0511A80
:10923000491C0A91119941430BFB04100EEBD0011C
:1092400000F007072C911C2115A811F0E1F8B08956
:10925000ADF85C00B07E00E0C2E08DF86C00B07F3D
:10926000C0F3C2008DF86D00FBF77CF80AF0F8FF40
:10927000079A08FB02F1814200DC08461C9010F0BE
:109280001FFF0790189021980026018801EB0B0220
:10929000ADF80C200188A9F1010001442198ADF836
:1092A00010104388119818448B1AADF81200ADF8CD
:1092B0000E00ADF83810ADF834200A99ADF836003C
:1092C0005B1C08441BB2ADF83A000B930DA80BF0E1
:1092D0008DFF1D9003A815901A90C4F1080008EBAB
:1092E0000B010F90A1EB090060431290119860E010
:1092F00033462AFA07F059464FF0000C1FE02C9A2B
:10930000DDF83C801278A8EB0708024032FA08F238
:1093100005D015F80280079A02F8068002E0079A45
:1093200002F806C00F9A974202D22744E04004E0B8
:109330002C9A0027521C50462C92491C761C4945F9
:10934000DDDB1D9880B10798BDF912201844BDF9E6
:109350000C1080460B9B0BF00BFF8DF8640018B9C6
:1093600040460B9911F054F8A9EB0B0081191C9899
:10937000814205D2BDF81200401CADF812000EE08B
:1093800002208DF8640015A91F980CF057FCBDF859
:109390001200401CADF80E00ADF812000026129825
:1093A0002C99384401EBD00100F0070701982C916B
:1093B000401C0A99019088429ADBBDF90E10BDF954
:1093C0001200814209D0401EADF8120002208DF833
:1093D000640015A91F980CF031FC079810F0BCFE32
:1093E00023B0BDE8F08F00002ECD0208DC00002085
:1093F000603700202DE9F04F8346B1F902000C469A
:10940000401E411000F001004618B2F90050B3F9B7
:10941000000089B0854200DA2846ADF80000B2F9B4
:109420000000B3F90030984200DC1846401EADF849
:1094300004005088801BADF8020050880844ADF845
:10944000060069460846DBF80820F9F7D1FC002839
:109450001FD0E08818B1A08808B1012700E00027DC
:10946000012568460BF0C2FE00B907B100251C219A
:1094700002A810F0CDFFCDF808D02088ADF810007C
:10948000207A6E468DF8200035B102A958460CF0BE
:10949000D5FB09B0BDE8F08FBDF80410BDF90000A0
:1094A000BDF90680091A491C0DB2BDF80210ADF8CD
:1094B00006104FF0000A47B1B4F90610B4F90420C1
:1094C000114490FBF1F201FB120A284610F0F8FD5E
:1094D000079605908146BDF902603EE02946484660
:1094E00010F0C4FFBDF900102B4632B248460BF015
:1094F0003FFE8DF818000FB300B3002150460B4615
:1095000017E000BFB4F90420824205DB121A1144AF
:10951000104409B200B208E0B4F906C062448242C5
:1095200001DC002001E009F80130491C401C09B2AF
:1095300000B2A942E6DB02208DF8180002A95846C5
:109540000CF07CFBBDF80200401CADF80200BDF839
:109550000600401CADF80600761C4645BEDD4846B8
:1095600010F0FAFD95E700002DE9FF4FB2F9024037
:10957000B3F90250C5B0AC4208DA128864F31F4058
:1095800062F30F0065F31F411A8807E01B8865F33B
:109590001F40128864F31F4163F30F0062F30F0151
:1095A0000FFA81F904B20514A9EB04064FEA214A27
:1095B000AAEB05070391002E01DD314600E0714260
:1095C000002F01DD384600E07842814201DD0120B4
:1095D00000E0002015904698B0F90210159858B197
:1095E000002F01DD384600E078424201002E01DD07
:1095F00030460CE070420AE0002E01DD304600E00B
:1096000070424201002F01DD384600E0784292FBB3
:10961000F0F0AB4A105C10FB01F03F30C0114FEA94
:10962000600800F0010202EB080B49464C4500DAE5
:109630002146A1EB0001ADF8581001DD214600E004
:1096400049460144ADF85C105146554500DA2946BB
:10965000A1EB0001ADF85A1001DD294600E05146AA
:109660000844ADF85E00459816A982680846F9F7E7
:10967000BFFB00287ED01598002100287BD0002E4B
:1096800016DDAAEB080000B2CDE90001A5EB080049
:1096900002B24B46214620A80BF04CFE0AEB0B0011
:1096A000012100B2CDE900014B4605EB0B0015E0AE
:1096B0000AEB0B0000B2CDE9000105EB0B0002B292
:1096C0004B46214620A80BF035FEAAEB08000121ED
:1096D00000B2CDE900014B46A5EB080002B22146DD
:1096E0000AA80BF027FE002120A80BF09FFB189082
:1096F00000210AA80BF09AFB159046984FF0FF390D
:10970000C846407AC00623D4A819032100B2CDE987
:109710000001E01B03B22A4621462BA80BF00AFEEB
:10972000039902200A14911909B2CDE90010039897
:1097300001B2C81B03B236A80BF0FCFD00212BA818
:109740000BF074FB8146002136A80BF06FFB8046BE
:10975000BDF85C00BDF85810401A401C04B2FAF77E
:1097600001FE0AF07DFD054616A808F0D2FBA842CE
:1097700006D201E0A1E027E016A808F0CAFB0546E2
:10978000AA46284610F09CFC8346BDF95E70BDF8E1
:109790005A00ADF85E0000255146584610F066FEAE
:1097A0001C2119A810F034FE16A9199146980088BA
:1097B000ADF86C004698BDF95A60007A8DF87C00CF
:1097C000CDF870B01E9145E009EB0B00CDE900A18A
:1097D00003B204EB0B0001B22A4620A80BF0AAFD4D
:1097E0000121A9EB0800CDE900A103B2A4EB080018
:1097F00001B22A4674E700BFBDF958100BEB050013
:10980000234632B207900BF0B3FC8DF8740018B900
:109810002146079810F0FCFD25442919514505D231
:10982000BDF85E00401CADF85E0012E002208DF82D
:10983000740019A945980CF001FABDF85E000025E6
:10984000401CADF85A00ADF85E005146584610F085
:109850000DFE761CBE42CFDDBDF95A10BDF95E008B
:10986000814209D0401EADF85E0002208DF87400E0
:1098700019A945980CF0E2F9584610F06DFC20A8A3
:109880000BF098FC0AA80BF095FCB9F1FF3F02D051
:109890002BA80BF08FFCB8F1FF3F02D036A80BF0DD
:1098A00089FC18980BF0BAFF15980BF0B7FF4846E3
:1098B0000BF0B4FF40460BF0B1FF49B0BDE8F08FAC
:1098C0002ECE02082DE9F04F8346B1F902000C4676
:1098D000401E411000F00100158889B00844281A84
:1098E000ADF8000010880844ADF80400B2F9021089
:1098F000B3F90200814200DA0846ADF80200B2F97D
:109900000200B3F90210884200DC0846401EADF8A0
:10991000060069460846DBF80820F9F769FA0028CE
:109920001FD0E08818B1A08808B1012600E0002609
:10993000012768460BF05AFC00B906B100271C212C
:1099400002A810F065FDCDF808D02088ADF8100011
:10995000207A6D468DF8200037B102A958460CF0E8
:109960006DF909B0BDE8F08FBDF80400BDF8001036
:10997000BDF90670401A401C0FFA80F9BDF80200CC
:10998000ADF80600484610F09BFB8246059007950F
:10999000002056B1B4F90600B4F904100844BDF92A
:1099A000021091FBF0F200FB12108046BDF902504C
:1099B00031E04946504610F059FDBDF900104B46C4
:1099C0002AB250460BF0D4FB8DF81800A6B178B13E
:1099D000B4F90410414502DA00208DF81800B4F9FA
:1099E0000600B4F904100144414501DC4FF00008C1
:1099F00008F101000FFA80F802A958460CF01EF990
:109A0000BDF80200401CADF80200BDF80600401C85
:109A1000ADF806006D1CBD42CBDD504610F09CFB3E
:109A20009FE77CB505460DF06BFA446A28460DF0B9
:109A300028FA626A0546816868461432F9F7D8F94F
:109A4000002835D0AE68C5F808D094F83C008006F0
:109A500021D5628FE08E824208D1212329462046FB
:109A6000FDF760FF2046628F21231DE02023294659
:109A70002046FDF757FF2046628F20232946FDF739
:109A8000A3FF2046E28E01232946FDF74BFF204627
:109A9000E28E012308E02046628F20232946FDF74D
:109AA00041FF628F204620232946FDF78DFFAE60DF
:109AB0007CBD2DE9F04F95B004460DF021FA054626
:109AC00020460DF0DEF90746284605F000FE014667
:109AD00028461BF023FA05EB800A2846002140F6B1
:109AE0000A02DAF83C9013F031F88046284600214B
:109AF00040F60B0213F02AF8EA8A2B8BB5F814C053
:109B0000698B121A4344ACEB080C63F30F0608444C
:109B10006CF30F0460F31F4662F31F4404A80AF0BD
:109B200077FE04AA0021284613F02BFA0025A84648
:109B3000B9F100004FF0FF3B19D002A90EF00CFB69
:109B400002982114C0F38A256A1E22440BEB505060
:109B5000ADF804200844ADF80040ADF80210ADF8AF
:109B600006004B466A4604A938460AF029FEDAF890
:109B700054005FEA00091AD002A90EF0EDFA02992A
:109B8000ADF80460C1F38A28A6EB0800401CADF8CC
:109B900000002014ADF802000BEB51510844ADF861
:109BA00006004B466A4604A938460AF009FEDAF870
:109BB00024005FEA00094CD06019ADF84800A6EB1C
:109BC0000800ADF84C002014ADF84A003014ADF890
:109BD0004E0012A90846BA68F9F70AF9002838D0E9
:109BE00002A948460EF0B8FA12A8BE68B86060191B
:109BF00005B202982114C0F38A22521E2A440BEBAC
:109C00005050ADF80050ADF804200844ADF80210F3
:109C1000ADF8060012E04B466A4604A938460AF041
:109C2000CFFDBDF80400411CADF800100299C1F34E
:109C30008A210844ADF80400481905B20298BDF81D
:109C40004C10C0F38A20401E084400B2A842E2DC57
:109C5000BE6015B0BDE8F08F2DE9F04FD5B00546D8
:109C60000DF04EF90446008E00287DD028460DF0F8
:109C700008F94F90608C49A940F0040060842046A8
:109C800011F083FF0025278C2584608CA94640F0C5
:109C900004012E46C846618433A80BF0E3FD41A8B9
:109CA0000BF06CF84FF4A02A33AA5146204613F06B
:109CB00054FA41AA5146204613F0ACF9608C0021B9
:109CC00020F0040060842046278412F0F9FE5390AF
:109CD0000021204612F0B9FD52900021204612F0DA
:109CE0002BFE51900021204612F081FE509020A8BA
:109CF0004F9911F0F1FCB548CDF8B4A0CDE9210899
:109D000012A824900AA8259054E1761CB6B2606A85
:109D1000AFA150F82600F6F7D0FA0028F5D0E06A97
:109D200030F81500C0F3C001002974D18846C0F393
:109D3000C01109B14FF00108C0F3401010B148F054
:109D4000800014E0A08EA84212D1B80601D548F0D8
:109D50002008B80701D548F00208780701D548F077
:109D60000408380704D500E02CE148F008008046DC
:109D7000A06A00EBC50103A808F07AF8BDF80C1042
:109D8000BDF82401B8F1000F0144ADF80C10BDF886
:109D90000E20BDF826110A44ADF80E20BDF81020A3
:109DA0001044ADF81000BDF812000844ADF81200E0
:109DB00026D0A4F82080608C40F00401618412A8B1
:109DC0000BF050FD0AA80AF0D9FF12AA514620460E
:109DD00013F0C3F90AAA5146204613F01BF9278451
:109DE000608C20F004016184E06A30F81500C0F353
:109DF000003000289DF845000ED040F001000DE035
:109E0000382233A912A810F025FA202241A90AA865
:109E100010F020FAE8E7C9E020F001008DF84500D5
:109E200003A8239020AA1A212E9520460DF06CF845
:109E30009DF86B004108C9063CD520F03E001E305D
:109E40008DF86B00B4F914305199BDF90C20194408
:109E50008A4203D120F008008DF86B00B4F9182075
:109E60005098BDF91010101A814205D19DF86B0071
:109E700020F010008DF86B00B4F916205398BDF94E
:109E80000E101044814205D19DF86B0020F00400B3
:109E90008DF86B00B4F91A205298BDF91210101AFF
:109EA000814207D19DF86B008108490061F34500AC
:109EB0008DF86B00BDF81210BDF90E00091A491C8F
:109EC0000FFA81FB5FEA886108D5E16A31F8151065
:109ED000890503D5A0EB0B00ADF80E0003AA12A96B
:109EE0004F980BF0ABFC606ABDF93C30BDF93A10FD
:109EF00050F826000890BDF82801BDF824C10A9A40
:109F0000A0EB0C00401C00B2CDE900109DF845C04C
:109F1000CDF808C054A8089917F0C0FCBDF810107F
:109F2000BDF80C00BDF95031091A491C09B2C91A13
:109F300001EBD17100EB6100ADF80C00BDF812101F
:109F4000BDF80EC0BDF95221A1EB0C01491C09B2AC
:109F5000891A01EBD1710CEB610109B21844ADF81B
:109F60001000881802B2ADF80E10ADF812205FEAAA
:109F700088600ED5E06A30F81500800509D50BEB36
:109F8000DB70A1EB6001A2EB6000ADF80E10ADF844
:109F90001200CDF8009003AA0AA9089B4F980AF076
:109FA00051FC20AA1B2120460CF0AEFF6D1C761C34
:109FB000ADB2B6B2208EA8423FF6A9AE608C20F0BA
:109FC0000400608455B0BDE8F08F0000144B030816
:109FD0000A0000002DE9F04FA7B005460CF090FFF5
:109FE000044628460CF04DFF22900021204612F036
:109FF00072FB0546002141F61202204612F0A6FD32
:10A0000028440FFA80FB002141F61302204612F08B
:10A010009DFD28440FFA80FA0021204612F05EFDD3
:10A0200028440FFA80F918A80AF0A8FE18AA4FF4DD
:10A030000031204612F0EEFFA06A08B1179009E047
:10A04000802010F03DF805460146802220460CF0A5
:10A05000EBFC179594F83C00002700F00F00012856
:10A0600000D101272046002141F26A4212F06EFD24
:10A07000C0B2012800D10127E06A002869D00EF0A3
:10A0800008FB804602280DD002A9E06A0EF064F8B1
:10A0900001281BD04FF0FF363546E7B1A18A01EB0E
:10A0A0000B001CE0BDF972009DF87D2041F6FF71A8
:10A0B0008DE80700BDF97430189A15A8E16A17F009
:10A0C000EDFBBDF95460BDF95650E6E70298C0F3C8
:10A0D0008A26450DE1E7218BA1EB0A00801B711E4A
:10A0E000ADF814000844ADF81800B8F1020F5ED0C6
:10A0F000204611F082FD401BE18A00EBD07001EB9D
:10A100006000ADF81600691E0844ADF81A0011A8E9
:10A110000AF07EFB4FF4003811AA4146204612F0A7
:10A1200030FF06EBD6704010ADF8480005EBD57057
:10A130004010ADF84A00204643F60F02414612F0A7
:10A1400005FDADF8440005AA11A9E36A22980AF0BA
:10A1500037FB09A80AF012FE09AA0021204612F0D6
:10A1600059FFBDF936009DF8412041F6FF718DE899
:10A170000700BDF9383007A8099A179917F08EFB28
:10A18000E18A01EB0900BDF81E10ADF80E0008448D
:10A19000ADF81200E06AE0B13FB3218BA1EB0A00F9
:10A1A000BDF81C10B0EB0100ADF80C0024E0E18A12
:10A1B0006D1E01EB0900ADF816002844ADF81A0039
:10A1C0000020009005AA18A9E36A22980AF03AFB39
:10A1D000BFE7204612F005FEBDF91C10A28A401A06
:10A1E00000EBD07002EB6000DEE7A18A01EB0B0010
:10A1F000BDF81C10ADF80C000844ADF810000020AC
:10A20000009003AA09A9179B22980AF01BFBA06AD9
:10A21000002802D117980FF09FFF27B0BDE8F08FFC
:10A220002DE9F04798B005460CF06AFE0446284632
:10A230000CF027FE06460FA9204611F044FC94F8C6
:10A2400048000025C10600D50125800601D545F04E
:10A2500002050021204612F0A8FDA0F51C51D139BD
:10A2600004D1608C400501D445F0040507A80AF02C
:10A2700085FDB4F84400ADF83200B4F84600ADF8FE
:10A2800034008DF8395007AA0021204612F0C2FE92
:10A290009DF83800012708B98DF83870E06B0890F8
:10A2A000206C099008994FF6FF70814219D00999E6
:10A2B000814216D04FF48028204644F2574241464E
:10A2C00012F044FC0090BDF80000ADF82A002046D2
:10A2D0002022414612F03AFC0090BDF80000ADF893
:10A2E0002C0094F8480041F6FF7A00F0070002289D
:10A2F00001D003281ED19DF83800022801D0032880
:10A3000018D1BDF92E100295CDE9001ABDF93030F3
:10A31000079A16A8616A17F0C1FABDF84000BDF8A7
:10A320003C10401A401CBDF9581000B2884201DAB6
:10A330008DF8387094F8480004F1300700F00700F9
:10A34000032809D0BDF84200BDF83E10401A401C59
:10A3500000B2B0F5806F00DA00270FA914A8B26828
:10A36000F8F746FD00287DD094F8480040070BD14F
:10A37000204611F0D5FD404202B200210FA807F09F
:10A3800001FE608BADF8420094F848000DF15009D1
:10A3900000F00700022813D0032811D000970FAA5D
:10A3A00007A93046636A0AF04DFAB068C6F808900B
:10A3B000804694F8480000F0070003280FD05FE0C3
:10A3C000D6F80880C6F8089000970FAA07A930466B
:10A3D000636A0AF037FA4046C6F80880E6E7BDF936
:10A3E0002E100295CDE9001ABDF93030079A06A863
:10A3F000616A17F053FABDF84000BDF83C10401AEE
:10A40000401CBDF9181000B2884219DA202211460A
:10A4100007980CF054FEB4F84410BDF8182000EB77
:10A42000400011440844ADF83200B4F84600ADF8DD
:10A43000340000970FAA07A93046636A0AF002FAAF
:10A44000BDF84200BDF83E10401A401C01B2BDF9F3
:10A450001A00814214DAB4F84410ADF832100799AA
:10A46000098900E00EE0B4F8462000971044084443
:10A47000ADF834000FAA07A93046636A0AF0E2F982
:10A48000C6F8088018B0BDE8F0872DE9F04397B012
:10A4900007460CF0F0FC054638460CF031FD04464A
:10A4A0004FF48026152D7DD0182D7CD138460CF028
:10A4B000E8FC054607A80AF061FC07AA31462046D9
:10A4C00012F0A8FD13A9204605F0A0F813AA15A8BC
:10A4D000A968F8F78DFC002865D0204604F002FE3C
:10A4E0008146204612F07DFC064648460EF066FF87
:10A4F000BDF92E10CDE90016022202920146BDF9E7
:10A50000303005A8079A17F0C9F9204611F075FBFD
:10A51000B4F9161000EBD076B9F9160001EB66011C
:10A52000471A484611F069FBB90391FBF0F7002187
:10A53000204612F0ACFB0799B0F90800B1F90810F9
:10A54000081A00EBD070BDF816104010091A09B2B5
:10A55000ADF81610E28A794302EB660202EBA131F4
:10A560000F1A0021204612F0BDF880462046002137
:10A5700041F6120212F0EAFA06462046002141F6A0
:10A58000130212F0E3FAA28A06EB08011144ADF8B7
:10A590004010ADF84270218B081AA0EB0800ADF80E
:10A5A000440001E01DE019E0BDF816003844ADF8A4
:10A5B00046009DF8390040F002008DF8390015A8DA
:10A5C000AC68A86048460EF0F9FE034600200090F3
:10A5D00010AA07A928460AF035F9AC6017B0BDE803
:10A5E000F08338460CF04DFC054610A9204605F0D6
:10A5F0000DF868460BF036F96A463146204612F0EF
:10A60000ACFD10AA694628460BF018F9E6E72DE9DB
:10A61000F043ABB005460CF073FC044628460CF042
:10A6200030FC81460021204612F09BF907460021AC
:10A63000204612F0F1F906460021204612F05CFA9D
:10A6400005460021204612F015F9A18AE28AADF8EC
:10A650008A20238BADF88C30B4F81AC03944ADF899
:10A660008810991BADF88C10ACEB00005119ADF8B7
:10A670008E00ADF88A1006A80BF0F4F806AA4FF485
:10A680000031204612F069FD22AA06A948460BF0C7
:10A69000D5F8204611F0B1FA0546208BA18A411A5F
:10A6A000491C481B06B2606A411C06D07043C117A2
:10A6B00000EB116040F30F2708E0204611F092FFF5
:10A6C00010F0010F01D0374600E00027204600219E
:10A6D00041F26A4212F03AFAC0B2012801D1F01BED
:10A6E00007B2A08A3844ADF800002844ADF8040051
:10A6F000E08AADF80200608BADF806004FF44037F9
:10A700003946204612F02DF906463946204612F009
:10A7100083F980463946204612F0EEF9054639465F
:10A72000204612F0A7F8BDF80010BDF80420891BE0
:10A73000ADF8001002EB0801ADF80410BDF80210EE
:10A74000491BADF80210BDF806100844ADF806002C
:10A7500014A80BF087F814AA3946204612F0FDFC25
:10A760006A4614A948460BF069F82BB0BDE8F0839F
:10A770002DE9F04FE5B005460CF0C2FB0446284633
:10A780000CF07FFB8346826804F1140116A8F8F7E9
:10A790002FFB00287ED0DBF80800089016A9CBF824
:10A7A00008102046002141F2320212F0CFF900B227
:10A7B0005B900021204612F0A6F95F900021204610
:10A7C00012F05FF861900021204612F0D1F85E90FF
:10A7D0000021204612F027F94FF4A0255D9029466C
:10A7E000204612F0C5F80D902946204612F01BF9BC
:10A7F0000A902946204612F086F9159029462046EF
:10A8000012F03FF81490208C00260E902684608C65
:10A8100040F00401618428A80BF024F828AA2946F6
:10A82000204612F09AFC18A80AF0A8FA18AA29469D
:10A83000204612F0EFFB0E982084608C002720F059
:10A8400004006084204611F079FBE28A5F9911448C
:10A85000091A5B980844401EADF81600204611F016
:10A8600066FB5C900021204611F001FF012800D01A
:10A8700000205A90594637A810F02EFF4FF4A02020
:10A880004490E04838900020399049A83B9020A897
:10A890003C9000E093E0002089E0E16ABDF81600FA
:10A8A00031F919105791401C00B2491E0144ADF80E
:10A8B0001610BDF95E10ADF8120088427CDC5A9883
:10A8C00050B1218B5D98091A5C98091A5B98081A97
:10A8D000401EADF8100009E0A18A5E9801445C9822
:10A8E000091A5B980844401EADF81400002558E092
:10A8F000A06A4FF0000A50F8270008B190F800A0B5
:10A900005A9860B1BDF81000401EADF81400216BDC
:10A9100031F81510401A401CADF810000BE0BDF8DE
:10A920001400401CADF81000216B31F815100844DC
:10A93000401EADF81400002621E0A16AB81951F8B4
:10A94000200008B390F800A05FEACA701CD05A98A3
:10A95000216B002805EB06024FF0020000EB4200DD
:10A96000085A05D0BDF81010081AADF8100004E020
:10A97000BDF814100844ADF81400761CB6B2A08CD3
:10A980007119401E8142D8DBBDF91600BDF95A107D
:10A99000884217DAB819401C87B2A81980B2401C47
:10A9A00085B2A08CA842A3D809F1010080B2E18C45
:10A9B000814649453FF671AF0898CBF8080065B06D
:10A9C000BDE8F08FBDF91020ADF83C20BDF91210A4
:10A9D000ADF83E10BDF91480ADF84080ADF84200EE
:10A9E00086469DF8C300C0F3440043070DD5B4F973
:10A9F00014C05E9B63449A4207DDBDF9C03003EB8F
:10AA0000D373A2EB6302ADF83C2082070DD5B4F9F5
:10AA100016305F9A1A44914207DDBDF9C02002EB5F
:10AA2000D272A1EB6201ADF83E10010711D5B4F965
:10AA300018205D99511A491E88450ADABDF9C010DF
:10AA400001F0010201EBD17102EB61014144ADF86B
:10AA50004010C00712D0B4F91A206198101A401E95
:10AA600086450BDABDF9C00000F0010100EBD070A3
:10AA700001EB600101EB0E00ADF84200E28E002117
:10AA80004A4569D1A08EA84266D1208C420602D4E4
:10AA9000820600D52021820701D541F0020142073C
:10AAA00001D541F00401000701D541F00801E9B3E7
:10AAB0002184608C40F00401618449A80AF0D2FE30
:10AAC00020A80AF05BF94FF4A02849AA4146204685
:10AAD00012F043FB20AA4146204612F09BFA0E9842
:10AAE0002084608C20F0040161840FA83A90A18C2E
:10AAF00037AA09FB015045901A2120460CF004FAB0
:10AB00000FAA49A958460AF099FEA06A50F82700F2
:10AB1000F0B3BDF810100D98084403B2BDF814103E
:10AB20000A98ADF84430081A02B200E014E0BDF80B
:10AB300012101598ADF848200844ADF84600BDF84D
:10AB400016101498081AADF84A00CAF340005FEADC
:10AB500000080CD002210BE0382228A949A80FF0E8
:10AB600079FB202218A920A80FF074FBBDE7002173
:10AB7000D01A401CBDF9922000B20092CDE901012B
:10AB8000A06ABDF9943050F8271060A8491C00E075
:10AB900031E0189A16F082FEB8F1000F14D15798E0
:10ABA000BDF98221BDF8121000EBD07301EB6300F8
:10ABB00002EBD272A0EB6200ADF84600581000EB39
:10ABC00062000844ADF84A0004AA16A962A8F8F782
:10ABD0000FF980B162A90020CBF808100090A06A9C
:10ABE00011AA20A950F8273058465B1C09F02AFE0C
:10ABF00016A9CBF8081037AA1B2120460CF084F9BF
:10AC0000C8E60000484C03082DE9F04F8B46074684
:10AC100090881188A9B0401A401C00B200EBD07097
:10AC200046108819ADF8780050883044ADF87A00A5
:10AC300020A80AF0DBF84FF4A02420AA21463846C9
:10AC400012F037FA18A809F0E3FD18AA2146384691
:10AC500012F097F90021384611F0B1FD82465946AD
:10AC600002A810F039FD604803901EA80B9007F170
:10AC700030002490F9F726F9AFE025681394207985
:10AC8000012801D0A0B3A4E0B5F92030E88B184426
:10AC90000090D5E90512E0680FF0D4F9A98B628A1B
:10ACA00000B211448D19804616F034FD10FB05F1F9
:10ACB00047F6FF7991FBF9F0BDF87A100844ADF83A
:10ACC0009A00404616F022FD10FB05F191FBF9F0C9
:10ACD000BDF878100844ADF89800A08AADF880005F
:10ACE000208AADF882006079FD2802D9504603E041
:10ACF00016E010FB0AF0000A8DF888000120109081
:10AD000020A8089026A80C9002AA1A2138460CF018
:10AD1000FBF826AB1EAA20A958460AF05AF853E0C1
:10AD20002069E0B3B5F92030E88B18440090D5E9EC
:10AD30000512E0680FF086F9054625A920690DF097
:10AD40000BFABDF87800A18A411AADF85810BDF889
:10AD50007A00E28A801AADF85A00259AC2F38A2353
:10AD60005B1E1944ADF85C104FF0FF3101EB5251FE
:10AD70000844ADF85E006079FD2801D9504602E034
:10AD800010FB0AF0000A8DF86B00A08AADF8640091
:10AD9000E08AADF8660005EB8500400000E018E0B1
:10ADA000B0F5616F01DDA0F56160ADF8600018A835
:10ADB000099002AA1A2138460CF0A6F816AA18A97A
:10ADC0005846236909F0FCFC02AA1B2138460CF006
:10ADD0009BF821462498F9F772F804007FF44DAFF0
:10ADE00029B0BDE8F08F000018D4020830B5054640
:10ADF00091F82A0089B00C4602285FD9E08C00281F
:10AE00005CD0114604A807F021F8208DBDF8101081
:10AE1000401E091AADF81010BDF81210091AADF84D
:10AE20001210BDF814100144ADF81410BDF816103E
:10AE30000844ADF8160004A906A807F007F8BDF805
:10AE40001810E08CBDF81220091AADF81810BDF8E2
:10AE50001C100844ADF81C00BDF81A00E18C401A23
:10AE6000ADF81A00BDF81E00E18C0844ADF81E00D4
:10AE7000BDF81400BDF81010401ABDF81610401CA3
:10AE8000891A491C00B209B2B4F90020884200DADC
:10AE90000146B2EB610F00DD4A10E08CA17810444E
:10AEA00003B294F82A00CDE90201A08CADF80400A9
:10AEB000009204AA06A92846FCF766FA09B030BD3C
:10AEC000F8B504460CF01CF8064620460CF00FF8C6
:10AED0000446406BB0F5A02F51D1A06B0025072888
:10AEE00005D22069C570206980F8225012E081B235
:10AEF0002022304607F044FD60B12069C57020690A
:10AF000080F82250122013F0CDFC00906069BDF84B
:10AF100000108181208F4FF4004281B2304607F04B
:10AF20002FFD98B121696620C870304616F042F9AD
:10AF300000902069BDF800108180304607F01EFDAA
:10AF4000A16B884202D12169B220C870208F4FF4D2
:10AF5000804281B2304607F013FD00280FD02169EE
:10AF6000FF2081F82200304616F024F90090206975
:10AF7000BDF80010C1832169088C401C0884F8BD0D
:10AF80002DE9F0418CB005460BF0BAFF0446284687
:10AF90000BF077FF8046606A0EF010FA0078002808
:10AFA0003BD1A06A002838D00078002835D001A80D
:10AFB00009F0E4FE01AA4FF40021204612F02AF81D
:10AFC00094F85C00000705D59DF8210040F00200D0
:10AFD0008DF821000021204611F0D1FC0746002108
:10AFE000204611F097FD06460021204611F081FB16
:10AFF000054604F1140109A806F055FF701902B2C4
:10B00000781901B209A806F0BDFF0020009009AA36
:10B0100001A94046A36A09F015FC0CB0BDE8F08117
:10B020007CB50446806961896D468668A08961B1F6
:10B03000002865D0814203D12289E3889A427CD3DB
:10B0400002297BD003297AD0AFE010BBE0882189A8
:10B0500088421ED2B4F9060016F05CFBB4F9041065
:10B06000B4F90E20891A48432168498801EBE03081
:10B07000ADF80200E0885A3000B216F04BFBA18810
:10B0800010FB01F02168098801EBE030ADF8040005
:10B0900040E020680088ADF800002068A188408862
:10B0A0000844ADF80600B4F9060016F033FBB4F915
:10B0B0000410B4F90E20891A48432168498801EB2D
:10B0C000E030ADF80200E0885A3000B216F022FB02
:10B0D000A18810FB01F021683246098801EBE030BD
:10B0E000ADF8040069460846F7F782FE30B1A06962
:10B0F0006A4685602169A0690AF0A0FBA08970BB3F
:10B100002068A18800880844ADF8040020684088C1
:10B11000ADF80200B4F9080016F0FCFAA18810FBA3
:10B1200001F02168498801EBE030ADF80600208984
:10B130005A3000B216F0EEFA02E015E012E00FE02D
:10B14000B4F90410B4F90E20891A48432168324634
:10B15000098801EBE030ADF8000069461AE024E010
:10B16000022801D0012820D1206832460088ADF89D
:10B17000000020684088ADF802002068A18800889F
:10B180000844ADF804002068A18840880844ADF860
:10B19000060029460846F7F72BFE30B1A0696A463B
:10B1A00085602169A0690AF049FBA06986607CBDC1
:10B1B0007CB50446806961896D468668A08901294D
:10B1C0000CD0012867D0814203D12289E3889A42BA
:10B1D0007ED300297DD003297CD0B5E0012822D17F
:10B1E000E088218988421ED2B4F9060016F092FA4E
:10B1F000A18810FB01F02168498801EBE030ADF82F
:10B200000600E0885A3000B216F084FAB4F904104F
:10B21000B4F90E20891A48432168098801EBE0300F
:10B22000ADF8040042E02068A1880088401AADF81B
:10B23000000020684088ADF80200B4F9060016F05E
:10B2400069FAA18810FB01F02168498801EBE03020
:10B25000ADF80600E0885A3000B216F05BFAB4F997
:10B260000410B4F90E20891A48432168324609882F
:10B2700001EBE030ADF8040069460846F7F7B8FD89
:10B2800030B1A0696A4685602169A0690AF0D6FAE2
:10B29000A089012858D120680088401EADF804001C
:10B2A0002068A18840880844ADF80600B4F9080079
:10B2B00016F030FAB4F90410B4F90E20891A484394
:10B2C0002168498801EBE030ADF80200208902E0F6
:10B2D00018E010E014E05A3000B216F01BFAA18812
:10B2E00010FB01F021683246098801EBE030ADF82F
:10B2F000000069461DE0022804D0032802D023E0A4
:10B30000022821D12068A18832460088401AADF871
:10B31000000020684088ADF8020020680088401EC8
:10B32000ADF804002068A18840880844ADF8060004
:10B3300029460846F7F75CFD30B1A0696A4685608A
:10B340002169A0690AF07AFAA06986607CBD7CB5A3
:10B350000446806961896D468668A08902290CD0FF
:10B3600002287ED0814203D12289E3889A4279D390
:10B37000002978D0012977D0D4E002283FD1E08895
:10B38000218988423BD25A3000B216F0C3F9A18815
:10B3900010FB01F02168098801EBE030ADF80000F6
:10B3A000B4F9060016F0B6F9B4F90410B4F90E2099
:10B3B000891A48432168498801EBE030ADF806005E
:10B3C000B4F9080016F0A6F9A18810FB01F0216875
:10B3D000498801EBE030ADF8020020895A3000B214
:10B3E00016F098F9B4F90410B4F90E20891A4843FC
:10B3F0002168098801EBE030ADF8040066E02068C0
:10B400000088401EADF804002068A1884088401ADA
:10B41000ADF80200E0885A3000B216F07BF9A1883E
:10B4200010FB01F02168098801EBE030ADF8000065
:10B43000B4F9060016F06EF9B4F90410B4F90E2050
:10B44000891A484321683246498801EBE030ADF85B
:10B45000060069460846F7F7CBFC58B1A06985603D
:10B4600003E00AE03BE034E036E06A462169A06987
:10B470000AF0E4F9A089022854D12068A188008844
:10B48000401AADF8000020684088401EADF8060064
:10B4900020895A3000B216F03DF9B4F90410B4F91D
:10B4A0000E20891A48432168098801EBE030ADF885
:10B4B0000400B4F9080016F02DF9A18810FB01F082
:10B4C0002168498801EBE030ADF802003246694658
:10B4D0001DE0032803D025E0032800D010BB20681E
:10B4E000A18832460088401AADF800002068A18883
:10B4F0004088401AADF80200206829460088401EA6
:10B50000ADF8040020684088401EADF806000846EB
:10B51000F7F76EFC30B1A0696A4685602169A069C1
:10B520000AF08CF9A06986607CBD7CB50446806910
:10B5300061896D468668A08903290ED0032867D0EB
:10B54000814203D12289E3889A427ED302297DD0A9
:10B5500001297CD002297BD0B1E003281FD1E088EB
:10B56000218988421BD25A3000B216F0D3F8B4F9C0
:10B570000410B4F90E20891A48432168098801EBA8
:10B58000E030ADF80000B4F9060016F0C3F8A18869
:10B5900010FB01F02168498801EBE03040E02068B1
:10B5A000A18800880844ADF8040020684088401E47
:10B5B000ADF80600E0885A3000B216F0ABF8B4F9E6
:10B5C0000410B4F90E20891A48432168098801EB58
:10B5D000E030ADF80000B4F9060016F09BF8A18841
:10B5E00010FB01F021683246498801EBE030ADF8EC
:10B5F000020069460846F7F7FBFB30B1A0696A46CE
:10B6000085602169A0690AF019F9A089032856D13B
:10B6100020680088ADF800002068A1884088401AA2
:10B62000ADF8020020895A3000B216F073F8A188F4
:10B6300010FB01F02168098801EBE030ADF804004F
:10B64000B4F9080016F066F803E016E010E013E025
:10B650000FE0B4F90410B4F90E20891A48432168A8
:10B660003246498801EBE030ADF8060069461BE040
:10B6700018B1012801D022E008BB206832460088BA
:10B68000ADF800002068A1884088401AADF802009B
:10B690002068A18800880844ADF804002068294685
:10B6A0004088401EADF806000846F7F7A1FB30B110
:10B6B000A0696A4685602169A0690AF0BFF8A0699F
:10B6C00086607CBD70B5A4B00C46054620AA22A9B0
:10B6D00010F03CFC22A806F01CFC20B920A806F0C3
:10B6E00018FC00283ED012A9284617F0D5FD0128E5
:10B6F00038D1214668460FF0EFFF1B480190022029
:10B70000029012A804904FF480300D9022A806F009
:10B7100000FC80B122A803906A461A2128460BF04B
:10B72000F3FB22AA12A920460AF088F86A461B21D8
:10B7300028460BF0E9FB20A806F0EBFB002811D00F
:10B7400020AE6A461A21284603960BF0DDFB20AA9C
:10B7500012A9204603960AF071F86A461B21284672
:10B760000BF0D2FB24B070BD804C03082DE9F04FE4
:10B770000F468A68B5B0044600F1140115A8F7F722
:10B7800037FB002874D0B8682F9015A8B860002146
:10B79000204611F0B5F806460021204611F074F954
:10B7A0008246204610F0D7F9B4F88410484340F39D
:10B7B0000F29204610F0B5F9B4F88610484340F33D
:10B7C0000F20189004F124001790F8F766FB054647
:10B7D0000021204611F07FF8B4F8841048434FEA66
:10B7E0002028B4F88200C0F1010303FB089191FB0B
:10B7F000F0F001B2B1FBF5F000B24FF4A0252D90AE
:10B800002946204611F067F8B4F884104843001226
:10B810003290204610F0B8FA301A0FFA80FB20461A
:10B8200010F07EFBAAEB000000B231901AA80AF0DB
:10B8300019F81AAA2946204611F08FFC9DF87700C6
:10B8400020F007008DF87700FF208DF86B00608BEB
:10B85000BDF868100844ADF8AE00394601A80FF0F5
:10B860003BFF4848029004200E95002603907FE09D
:10B8700085E000BF09EB0801714391FBF0F101EB9A
:10B880000B00A18A0F9608440FFA80FA1798F8F770
:10B8900019FB69E0287BC00762D194F88800000793
:10B8A00001D4688900E000202D9A329B524401B2F5
:10B8B000D31A5046ADF8A8A05B1E0FFA82FA1BB24D
:10B8C000BDF95420ADF8AC30934249DBBDF95820A6
:10B8D00090424BDC2889ADF86C00B4F8820031440A
:10B8E00091FBF0F200FB12102A7B6968C2F300138F
:10B8F00004EB430200B232F96C3F31F91010B2F997
:10B900000420C91ADDF860C0D21A01FB0CF191FBCA
:10B91000F2F2319BE18AACEB02021A441144ADF819
:10B92000AA10696831F91010A1F5FE42FF3A17D04C
:10B930002AA904911AA912950591696801AA31F9F9
:10B94000100011901A2120460BF0DEFA2AAA1AA93B
:10B95000384609F073FF01AA1B2120460BF0D4FAE8
:10B9600029461798F8F7ABFA050093D1761CB6B2C2
:10B97000B4F88200B0423FF67DAF2F98B86035B082
:10B98000BDE8F08FC4CE02082DE9F04F89468A68E1
:10B9900000F11401C1B005460F463CA8F7F728FA9C
:10B9A00000287CD03CA9D9F808A0C9F80810B5F83F
:10B9B0008200022873D30021284610F085FE044639
:10B9C0000021284610F09CFF06190021284611F09E
:10B9D0005BF80444284610F0BEF8B5F884104843DC
:10B9E00040F30F200F90284610F09BF8B5F8861012
:10B9F000484340F30F200990284610F0C5F9A98A62
:10BA00003144081A00B23990284610F089FAE98AC0
:10BA10002144081A00B23A9039463EA8D9F80820C5
:10BA2000F7F7E6F900283AD027A809F0DFF927AAA6
:10BA30004FF4A021284611F03CFB2AA809F012FF80
:10BA40004FF400342AAA2146284611F086FB2146ED
:10BA5000284611F0A3F900EBD07047102146284684
:10BA600010F07CFE00EBD07041108B46BDF99E00BB
:10BA70005F4500DA394600EBD072B1EB620F05DDAD
:10BA80009DF8A51041F010018DF8A510012805D1F1
:10BA90009DF8A50040F010008DF8A50000E087E1BA
:10BAA000B5F882100F98814201DB012000E00020F0
:10BAB0003B9005F124003890F8F704FA73E1207BFD
:10BAC000C0077CD12089ADF89C002089ADF8AC007E
:10BAD00095F88800000701D4608900E0002000B2DA
:10BAE0000C903998ADF81800ADF808000C98059046
:10BAF00013906168099B31F91000217BC1F300129A
:10BB000005EB420131F96C2FB1F90410801A58434A
:10BB1000891A90FBF1F0191A3A980844ADF80A0016
:10BB2000494614A80FF0D8FDA3481590032016909D
:10BB30004FF4A020219027A81A902AA825941890A5
:10BB4000BDF90A00039000260790E9E0BDF908104E
:10BB5000ADF81810BDF80A00ADF81A00BAF90420C3
:10BB6000781C104481427BDC0F98B5F8822070432A
:10BB7000531E90FBF3F33998184400B2ADF8080057
:10BB80000C9B334493FBF2FC02FB1C3212B2059275
:10BB90006368DDF824C033F91220237BC3F300135C
:10BBA00005EB4303B3F96C80B3F97030A2EB0802E4
:10BBB00002FB0CF2A3EB080392FBF3F200E0EEE0D1
:10BBC000ACEB02033A9A1A4412B2ADF80A2090463E
:10BBD000BAF90020D21B521E90423FDB002E3DD00E
:10BBE0003B9AE2B36368139A33F912C047F6FF72C7
:10BBF000944533D0DDF814C033F91C3093422DD076
:10BC0000079B984501DA1A4600E04246039B0792DB
:10BC1000984501DD1A4600E04246039281427BD0FE
:10BC2000401EADF81800ADF808000798ADF81A20CE
:10BC3000ADF80A00824202D1401CADF80A0002AB06
:10BC400006AA27A9484609F0C4F8BDF80800CDF8AF
:10BC50000C80401CADF80800CDF81C805CE000E0D2
:10BC600063E0BDF81800C11B3844ADF83800BDF8DA
:10BC70001A00ADF83410A0EB0B015844ADF83A00AF
:10BC8000701E2290ADF836106168139831F91010CB
:10BC900047F6FF70814201D006A900E000211D9106
:10BCA00062680599804632F91110414501D002A819
:10BCB00000E000201E900DA817906168139814AA48
:10BCC00031F9100024901A2128460BF01DF9606804
:10BCD000139930F9112042450AD0059930F9111015
:10BCE000414505D002AB06AA27A9484609F071F8DC
:10BCF0006FB1BBF1000F0AD06168139831F91010D1
:10BD0000414504D00DAA2AA9484609F097FD14AA76
:10BD10001B2128460BF0F8F80598761CB6B2139054
:10BD2000B5F88200B0423FF611AF3B98B8BBB5F80A
:10BD30008200B04233D16168059831F91010A1F545
:10BD4000FE40FF382BD0BDF80800761EC11B3844DA
:10BD5000ADF83010ADF83400BDF80A0014AAA0EB1D
:10BD60000B015844ADF8360000201D901E900CA821
:10BD70001790ADF8321022966168059831F91000DD
:10BD800024901A2128460BF0BFF80CAA2AA948468D
:10BD900009F054FD14AA1B2128460BF0B5F82146E2
:10BDA0003898F8F78CF804007FF489AEC9F808A039
:10BDB00041B0BDE8F08F0000C4CE02082DE9F04F7D
:10BDC0008A468A68B9B0054600F1140137A8F7F72A
:10BDD0000FF800287DD0DAF80800349037A9CAF8A7
:10BDE00008100021284610F06FFC04460021284668
:10BDF00010F086FD06460021284610F045FE074655
:10BE000028460FF0A8FEB5F88410484340F30F20F1
:10BE1000339028460FF085FE0146B5F88600414371
:10BE200041F30F20249028460FF0AEFF0146AA8A66
:10BE300030191044401A00B22590284610F070F8CE
:10BE40000146EA8A38191044401A00B228902CA8FA
:10BE500008F0CCFF2CAA4FF4A021284611F029F9B4
:10BE600016A809F0FFFC4FF4003416AA2146284614
:10BE700011F073F92146284610F090FF00EBD070C6
:10BE80004FEA60092146284610F068FC00EBD070AC
:10BE900042109046BDF9B2004946C14500DB11464B
:10BEA00000EBD072B1EB620F05DD9DF8B91041F0E7
:10BEB00010018DF8B910012805D19DF8B90040F0A6
:10BEC00010008DF8B90005F124002A90F7F7FAFF69
:10BED00041E146E1207BC0077ED12089ADF8B0006A
:10BEE0002089ADF85C0095F88800000701D46089CE
:10BEF00000E0002006B22598ADF8D8002996ADF8EC
:10BF00009C006068B34630F816000A282CD033989D
:10BF100000902068002330F91670207BC0F3C00128
:10BF200005EB4100B0F97820B0F9741038460EF0F6
:10BF300089F8259900230844ADF89C0024980090C6
:10BF4000606830F91670207BC0F3001105EB4100EA
:10BF5000B0F97020B0F96C1038460EF073F82499DF
:10BF6000081A2899084402E07F48ADF89C00ADF813
:10BF70009E00514602A80FF0AFFB4FF4A0200F9097
:10BF80007A480390032004902CA8089016A8002754
:10BF9000139406909FE000BFBDF89C00ADF8D80058
:10BFA000BDF89E00ADF8DA002998B5F88220C119D5
:10BFB00091FBF2F002FB101006B2606830F9160037
:10BFC000A0F5FE41FF3968D024990091217BC1F38F
:10BFD000001105EB410100E0B9E0B1F97020B1F9C1
:10BFE0006C1000230EF02EF824990023081A2899CB
:10BFF0000844ADF89E0033980090217B2068C1F37F
:10C00000C00105EB410130F91600B1F97820B1F912
:10C0100074100EF017F825990844ADF89C00E7B3AA
:10C02000BDF8D800A0EB09014844ADF8C000BDF848
:10C03000DA00ADF8BC10A0EB08014044ADF8C20036
:10C04000781EADF8BE101090616831F91B10A1F593
:10C05000FE40FF3801D036A900E000210B91616855
:10C0600031F91610A1F5FE40FF3801D027A800E0F5
:10C0700000200C902FA80590616802AA31F91B00DE
:10C0800012901A2128460AF03FFF616847F6FF70B8
:10C0900031F91B20824216D000E019E031F9161068
:10C0A000814210D027AB36AA2CA9504608F091FE49
:10C0B000B9F1000F07D0B8F1000F04D02FAA16A9CC
:10C0C000504609F0BBFB02AA1B2128460AF01CFFC0
:10C0D0007F1CB346BFB2B5F88200B8423FF65CAFF2
:10C0E000B5F88200B84232D1606830F91610A1F577
:10C0F000FE40FF382BD0BDF89C007F1EA0EB09014D
:10C100004844ADF8C000BDF89E00ADF8BC10A0EBEF
:10C1100008014044ADF8C2000020ADF8BE100B90FD
:10C120000C902FA810970590606802AA1A2130F988
:10C130001600129028460AF0E7FE2FAA16A95046CC
:10C1400009F07CFB02AA1B2128460AF0DDFE2146ED
:10C150002A98F7F7B4FE04007FF4BCAE3499CAF80D
:10C16000081039B0BDE8F08F01E0FFFFC4CE02082F
:10C170002DE9F74FB1F92E00AAB014460E4600285B
:10C1800072D096F8361002296ED9012808D1B6F976
:10C190003400002804DC308E10B9708E0028EFD0F7
:10C1A0002088318E4218B08E151AADF82850A2881A
:10C1B00011440B18ADF82C306088718E0844B18E94
:10C1C000421AADF82A20E088718E0844B18E0144ED
:10C1D000ADF82E10B6F92E0000EBD070A5EB60057F
:10C1E0006D1EADF84C50012505EB60001844ADF80C
:10C1F0005000B6F92E0000EBD070A2EB6000401E9C
:10C20000ADF84E00B6F92E0000EBD07005EB6000E3
:10C210000844ADF8520096F836002990FD2801D95F
:10C22000FF2029902A9813A9826827A8F6F7E0FD35
:10C230000028A5D021461DA805F008FE4FF0FF38C4
:10C24000414642461DA805F090FEB6F900901DA893
:10C2500005F073FE04461DA805F049FE84421DA8A2
:10C2600003DA05F06AFE02E0FEE305F040FEB9EBFA
:10C27000600F01DD4FEA6009B6F900400AA805F039
:10C280005CFE05460AA805F032FE85420AA802DADD
:10C2900005F053FE01E005F02AFEB4EB600F00DD6F
:10C2A0004410B6F92E00051905FB05F040000DF00D
:10C2B00007FF10900146B6F92E2023460AA817F072
:10C2C00011F913A808F092FF012720B9F078FF2890
:10C2D00001D3B07860B1002701234A461DA920A8E8
:10C2E00009F0F0F9002120A808F0A0FD269001E057
:10C2F000CDF8988013A805F020FE0DF0E1FE8346EE
:10C300001C2115A80EF084F8CDF854D0CDF860B0FB
:10C31000CDF868D0B08DADF85C0096F836008DF899
:10C320006C00B0788DF86D00BDF85000BDF84C2061
:10C33000ADF80400811A491C09B201EBD17102EB7E
:10C3400061010FFA81FABDF85220BDF84E10401B72
:10C35000521A521C12B202EBD27201EB6202401C62
:10C3600014B200B26A1EADF80000ADF8021011441C
:10C3700009B20992ADF806105246504500DC10464D
:10C38000ADF80000A14200DB21462A98ADF8061066
:10C390006946826806A8F6F72BFDD0B34A461DA968
:10C3A00006A8F6F74DFDA0BBBDF81C00BDF918109E
:10C3B000BDF91A20401A401C00B20890BDF94E3059
:10C3C0001098D21A02FB0500BDF95020521B891AA1
:10C3D0000844401E059047B14A461DA906A8F6F735
:10C3E0009FFD10B101200F9000E00F9708980028E2
:10C3F00027DDBDF81800ADF80000BDF81C00ADF851
:10C4000004000220CDF860B08DF86400BDF91A80F8
:10C4100013E016E0ADF802800F98ADF8068070B317
:10C420000598189015A92A9809F008FC0598284441
:10C43000059008F101000FFA80F8BDF91E10414582
:10C44000E8DABDF85000ADF80400401B401C00B213
:10C45000ADF80000BDF85220ADF80620511B491C74
:10C4600009B2ADF802105246504500DC1046ADF856
:10C470000000601C1190814216DD084615E0FFE7C0
:10C480002A46584605990DF0E5FEBDF918104246BA
:10C490005846089B08F06CFE8DF864000128C1D155
:10C4A00002208DF86400BDE7601CADF802002A98F8
:10C4B0006946826806A8F6F79BFCD0B34A461DA9D8
:10C4C00006A8F6F7BDFCA0BBBDF81C00BDF918100E
:10C4D000BDF90620401A401C00B20890BDF91E307C
:10C4E0001098D21A02FB0500BDF95020521B891A80
:10C4F0000844401E059047B14A461DA906A8F6F714
:10C500000FFD10B101200F9000E00F970898002850
:10C5100027DDBDF81800ADF80000BDF81C00ADF82F
:10C5200004000220CDF860B08DF86400BDF91E80D3
:10C5300013E016E0ADF802800F98ADF80680B0B3B6
:10C540000598189015A92A9809F078FB05982844B1
:10C550000590A8F101000FFA80F8BDF91A104145C5
:10C56000E8DDBDF84C0009992844ADF80000BDF89D
:10C570005000401BADF80400BDF84E00ADF80200BD
:10C58000084400B2ADF80600A04200DB2046ADF83A
:10C5900006002A986946826806A8F6F729FCB0B317
:10C5A0004A461DA906A8F6F74BFCA8B17CE0FFE7B8
:10C5B0002A46584605990DF04DFEBDF91810424621
:10C5C0005846089B08F0D4FD8DF864000128B9D1C5
:10C5D00002208DF86400B5E7BDF81C00BDF8181006
:10C5E000BDF90220401A401C00B20890BDF91A1093
:10C5F0001098891A01FB050005904FB14A461DA904
:10C6000006A8F6F78DFC18B101200F9001E04BE071
:10C610000F970898002847DD0F9860B10020189008
:10C62000BDF81800ADF80000BDF81C00ADF804001E
:10C63000BDF91A0033E0CDF860B0F1E7ADF8028043
:10C640000F98ADF8068060B12998FF28059800780A
:10C6500004D096F8361010FB01F0000A8DF86C003B
:10C6600013E00598089A017858460DF09FFEBDF931
:10C67000181042465846089B08F07AFD8DF8640071
:10C68000012802D102208DF8640015A92A9809F02A
:10C69000D5FA05982844059008F1010000B2BDF9CB
:10C6A0001E1080464145C9DA96F836008DF86C00B8
:10C6B000BDF84C002844ADF80000BDF85000BDF8AE
:10C6C0005210401BADF80400481B401CADF806108A
:10C6D00000B21199ADF80200884200DC601CADF890
:10C6E00002002A986946826806A8F6F781FB78B3AB
:10C6F0004A461DA906A8F6F7A3FB48BBBDF81C00D7
:10C70000BDF81810BDF91E20401A401C00B2089058
:10C71000BDF906101098891A01FB050005900898CC
:10C72000002851DD3FB14A461DA906A8F6F7F8FBDF
:10C730000020189001E0CDF860B0BDF81800ADF809
:10C740000000BDF81C00ADF80400BDF91E0036E085
:10C750003AE000BFADF80280ADF806808FB14A46DE
:10C760001DA906A8F6F7DCFB2998FF280598007894
:10C7700004D096F8361010FB01F0000A8DF86C001A
:10C7800013E00598089A017858460DF00FFEBDF9A0
:10C79000181042465846089B08F0EAFC8DF86400E1
:10C7A000012802D102208DF8640015A92A9809F009
:10C7B00045FA059828440590A8F1010000B2BDF99A
:10C7C0001A1080464145C5DD96F836008DF86C009C
:10C7D000BDF85000ADF80400411BBDF84E00491CE7
:10C7E0000AB22844ADF8002000B2ADF80200BDF84E
:10C7F0005210119B491B09B2ADF80610984200DB9C
:10C80000601CADF80200A14200DC2146ADF8061024
:10C810005046524500DC02462A98ADF80020694691
:10C82000826806A8F6F7E4FAB8B34A464E461DA950
:10C8300006A8F6F705FB80BBBDF81C00BDF9181073
:10C84000099A401A401C00B20890109802FB05009B
:10C85000BDF95020521B891A0844401E0590EFB1C3
:10C8600032461DA906A8F6F75BFB10B14FF0010890
:10C8700000E0B846059818900898002836DDBDF805
:10C880001800ADF80000BDF81C00ADF8040002204F
:10C890008DF86400BDF91A6024E027E0B8465846D8
:10C8A000E9E700BFADF80260ADF80660B8F1000F2F
:10C8B00012D15846089A05990DF0CCFCBDF9181014
:10C8C00032465846089B08F053FC8DF86400012856
:10C8D00002D102208DF8640015A92A9809F0AEF95A
:10C8E000761C36B2BDF91E00B042DBDA0022109889
:10C8F00017E000BF00EB050EAEF10101002305EBD0
:10C90000D57608E090F800C091F8008000F8018B1F
:10C9100001F801C95B1CB3EB660FF3DB521C7046D8
:10C9200012B2AA42E6DBBDF84C000999ADF800004E
:10C93000084401B2BDF84E00119B284400B2ADF886
:10C940000200BDF85220ADF80410521B12B2ADF82F
:10C950000620984200DB601CADF80200A24200DC19
:10C960002246AAF10100ADF806200C90814200DBBE
:10C9700001462A98ADF804106946826806A8F6F7C1
:10C9800037FAA8B34A464E461DA906A8F6F758FA44
:10C9900070BBBDF81C00BDF91810099A401A401C64
:10C9A00000B20890109802FB0500BDF90020891A1A
:10C9B00008440590EFB132461DA906A8F6F7B0FA73
:10C9C00010B14FF0010800E0B8460598189008989B
:10C9D000002835DDBDF81800ADF80000BDF81C00DA
:10C9E000ADF8040002208DF86400BDF91A6023E060
:10C9F00026E0B8465846E9E7ADF80260ADF80660B3
:10CA0000B8F1000F12D15846089A05990DF022FC92
:10CA1000BDF9181032465846089B08F0A9FB8DF85E
:10CA20006400012802D102208DF8640015A92A981B
:10CA300009F004F9761C36B2BDF91E00B042DBDA0B
:10CA4000BDF84C000999ADF800000844BDF84E103F
:10CA5000099AADF80210114400B2ADF8040009B211
:10CA6000ADF806100C9A00E05AE1904201DBAAF101
:10CA70000100ADF80400A14200DB21462A98ADF880
:10CA800006106946826806A8F6F7B2F9C0B34A46AE
:10CA90001DA906A8F6F7D4F990BBBDF81C00BDF996
:10CAA0001810BDF91A20401A401C00B20890BDF9B8
:10CAB00002301098D21A02FB0500BDF90020891A35
:10CAC00001EB000847B14A461DA906A8F6F728FA67
:10CAD00010B101200F9000E00F970898CDF860B0DA
:10CAE000002822DDBDF81800ADF80000BDF81C00DC
:10CAF000ADF8040002208DF86400BDF91A6010E062
:10CB000013E000BFADF802600F98ADF80660C8B33F
:10CB1000CDF8608015A92A9809F090F8761CA844F1
:10CB200036B2BDF91E00B042ECDABDF84C00ADF8EB
:10CB300000000999BDF85220084401B2501BADF81D
:10CB40000410401CADF8062000B2119AADF80200A6
:10CB5000904200DC601CADF802000C98814201DBC1
:10CB6000AAF101012A98ADF804106946826806A866
:10CB7000F6F73EF9C8B34A461DA906A8F6F760F9CC
:10CB8000A8B15AE0FFE72A46414658460DF062FB3D
:10CB9000BDF9181032465846089B08F0E9FA8DF89E
:10CBA00064000128B6D102208DF86400B2E7BDF818
:10CBB0001C00BDF91810BDF90620401A401C0FFAE0
:10CBC00080FABDF91E301098D21A02FB0500BDF99B
:10CBD0000020891A0E184FB14A461DA906A8F6F77B
:10CBE0009FF918B14FF0010801E026E0B846CDF8F2
:10CBF00060B0BAF1000F20DDBDF81800ADF80000FC
:10CC0000BDF81C00ADF8040002208DF86400BDF9E9
:10CC10001E400EE0ADF80240ADF80640B8F1000F3E
:10CC20002FD0189615A92A9809F008F8641E2E44EA
:10CC300024B2BDF91A00A042ECDDBDF84C006946F3
:10CC40002844ADF80000BDF85000401BADF80400CA
:10CC5000BDF84E00CDF860B02844ADF80200BDF834
:10CC60005200401BADF806002A98826806A8F6F725
:10CC7000BFF8E8B34A461DA906A8F6F7E1F8A0B147
:10CC800041E02A46314658460DF0E4FABDF9181045
:10CC900053462246584608F06BFA8DF86400012886
:10CCA000C0D102208DF86400BCE7BDF91C10BDF9AD
:10CCB00018000A1A521C15B2002D24DDADF804101C
:10CCC000ADF80000BDF91A4019E000BFADF8024010
:10CCD000ADF80640294658460DF0C8FBBDF91810BE
:10CCE0002B462246584608F043FA8DF8640000E0CF
:10CCF00009E015A92A9808F0A1FF641C24B2BDF927
:10CD00001E00A042E2DA2FB920A808F053FA2698B4
:10CD100008F084FD10980DF01FFA58460DF01CFA2B
:10CD20002DB0BDE8F08F00002DE9F74FD8B058982E
:10CD300049909088B2F90030D4885188C01A401CBC
:10CD4000611A00B2491C09B200EBD070401001EB2F
:10CD5000D171B0EB610F00DB481028901844ADF89A
:10CD60000C00518828980844ADF80E0025A808F05A
:10CD70003DF84FF4C02425AA2146589810F099F99F
:10CD80009DF89D0040F010008DF89D000BA807F065
:10CD9000F5FF0BAA2146589810F03CF913A85999B1
:10CDA0000EF09AFCE94814900320159025A81990DC
:10CDB0004998209424300590F7F784F8BFE1249433
:10CDC000A08B2899BDF80C20084406B2A189A08840
:10CDD000711A301A0FFA81FB111AADF82811BDF83B
:10CDE0000E1002440B1AADF82C210844ADF82A317C
:10CDF000ADF82E0147F6FF7501232A464AA943A83C
:10CE000008F060FCBDF80C200123A2EB0B00ADF88C
:10CE10003001BDF80E00A0EB0B01ADF83211ABF103
:10CE200001010A44ADF834210844ADF836012A4620
:10CE30004CA932A808F046FCBDF80C100023881B52
:10CE4000ADF83801BDF80E20901BADF83A01701E08
:10CE50000144ADF83C111044ADF83E012A464EA9FC
:10CE60002AA808F02FFC00212AA807F0DFFF419034
:10CE7000608908B1401E01E04FF6FF708046002730
:10CE800049E100BF608908F101084FF0000A404500
:10CE900002D1D0464FF0010AA069009062880021BB
:10CEA0003846521E63690DF0CDF881462390BAF1E1
:10CEB000000F04D0A06839903090E08903E020682A
:10CEC00039903090E08800B252900290499830300A
:10CED0000890F6F7F7FF43E0287902283CD1A968CB
:10CEE000494539DCEA684A4536DB2B8A0298184402
:10CEF00000B20290688AAB8A984203D1688AADF882
:10CF0000E40029E0A87D4FF00003C0074FF0FF00C8
:10CF10000090484601D1D4E905120DF093F8C0B253
:10CF2000698A001DB5F814C0C308ADF8241088B292
:10CF300040EA0041864A1FFA8CF040EA0040114066
:10CF40001040401A584301EB5010104040EA104086
:10CF5000ADF8000080B2399029460898F6F7AFFF87
:10CF60000500B9D1E08B784301026088401E91FB37
:10CF7000F0F108123A90401CC9B209900091218C3E
:10CF80003A98084400B214F0C5FB0546218C099874
:10CF9000084400B214F0BEFB0099C1F580720792FC
:10CFA00012FB05F210FB01200512218C3A9808446F
:10CFB00000B214F0ABFB0890218C0998084400B231
:10CFC00014F0A4FBDDE9072112FB01F2009910FB2C
:10CFD00001200212BDF8E400ADF894000298ADF80B
:10CFE0009600409230444243BDF80C107F3201EB72
:10CFF000E231ADF8C4106843BDF80E107F3001EB8C
:10D00000E030ADF8C60003A821971C900BA818903B
:10D01000BAF1000F5BD0419808F000FCB4F9101091
:10D020004098ABEB01014843BDF80C207F3002EB88
:10D03000E03040904D43BDF80E007F3500EBE53AFF
:10D0400020220BA938A80DF005F938A818904B46F6
:10D0500040A2102154A812F005FC54A81E9013AA57
:10D060001A21589809F050FFBDF93E00002541F6FD
:10D07000FF718DE82300BDF9403053A80B9A1E992B
:10D0800014F00CFCBDF94C11409801EBD172A0EBEF
:10D090006202BDF94E01114400EBD07CAAEB6C0397
:10D0A000ADF81C20ADF820101844ADF81E30ADF8D6
:10D0B0002200009507AA1E9B1899599807F0C2FBF9
:10D0C00000212AA807F0B2FE419032A808E0002013
:10D0D00018901E9013AA1A21589809F015FF43A81A
:10D0E000002107F0A3FE054603AB31AA25A95998F4
:10D0F00007F06FFE284608F091FB13AA16215898F6
:10D1000009F002FFBDF8C000ADF8940052987F1CF2
:10D11000ADF89600FFB26088B8423FF6B3AE43A8C0
:10D1200008F048F832A808F045F82AA808F042F8B4
:10D13000419808F073FB21460598F6F7C0FE0400FD
:10D140007FF43DAE5BB0BDE8F08F000018D402085C
:10D150001FF8E007256400002DE9F74FB4B09046B2
:10D160000546114602F0CEFA04468068C0F30E016F
:10D17000012976D9000404D4208810B960880028D9
:10D180006FD0002128460FF0BBFB06460021284641
:10D190000FF09AFA064428460EF0DDFCB5F884102C
:10D1A000484340F30F2723A807F0E8FD4FF4C02AB7
:10D1B00023AA514628460FF02DFF28460EF0E4FD25
:10D1C000A98A3144081A0FFA80F92089B8F1020FB0
:10D1D0004FEA004006D0002844DA514628460FF0B6
:10D1E00053FC40E0002804DA514628460FF011FBBA
:10D1F00000E0002083463598B5F91A608068B0F9E0
:10D200000610B1422DDB2399B4F90020B0F90200D9
:10D21000B1F908100A4406EB0B011144814220DBEE
:10D220001DA807F0E3FD1DAA514628460FF041FF57
:10D230000020ADF87A00ADF8780003A835990EF01B
:10D240004BFA8F480490062005900220CDE910A0EB
:10D2500023A808901DA80990B8F1020F07D001205B
:10D2600006E00AE100208346B5F91660D8E7002001
:10D27000219095F8880000F00700022816D10021BF
:10D2800028460FF028FBB5F8841048430012B5F883
:10D2900082103A1892FBF1F109B2081A00EBD07231
:10D2A00009EB6201381A0FFA81F907B2ADF85A603A
:10D2B00020896168C0F30E00401EC1F30E4100FBDF
:10D2C00001F80026D6E000BF60684FF0000AC0F306
:10D2D0000E40B6FBF0F100FB116008B94FF0010AF7
:10D2E000BDF97600381A7043B0FBF8F101EB090084
:10D2F000ADF85800ADF85400BDF95A10219848B166
:10D30000BAF1000F02D0B4F9000001E0B4F9020054
:10D31000081A08E0BAF1000F02D0B4F9000001E0E9
:10D32000B4F902000844ADF8560016A80C9015A8F0
:10D330000D9095F8880000F00700032848D0606839
:10D34000C0F30E40B6FBF0F31393BAF1000F68D0B0
:10D350002089000465D54BA2102130A812F082FA72
:10D3600023A8089030A80E9010200F9003AA1A212D
:10D37000284609F0C9FDBDF99E004FF0000A41F6AC
:10D38000FF728DE80504BDF9A0301CA8239A0E9900
:10D3900014F084FABDF97010BDF8540001EBD1719E
:10D3A000A0EB610200EB610000B2ADF8680012B2C0
:10D3B000BDF856302199ADF86420C1B1A3EB0B0143
:10D3C000BDF87230ADF86A10C91AADF8661017E0F2
:10D3D0002198424605EB4001B1F978000090B1F97F
:10D3E0007430002130460CF02DFE0346ACE703EB11
:10D3F0000B01BDF87230ADF866101944ADF86A1033
:10D40000B5F91410884215DBB5F91800824211DC19
:10D41000CDF800A019AA23A90E9B359807F012FA9F
:10D4200008E0002008900E900F9003AA1A212846C9
:10D4300009F06AFDBDF97600BDF9581000EBD07017
:10D4400001EB6002B5F914108A420DDBBDF95410EE
:10D45000A1EB6001B5F91800814205DC15AB16AAF5
:10D460001DA9359807F0B5FC03AA1B21284609F031
:10D470004BFD761C46457FF627AF37B0BDE8F08FF1
:10D48000C4CE0208256400002DE9F74FB8B09046DD
:10D490000446114602F036F905468068C0F30E01D5
:10D4A000012973D9000404D4288810B96888002899
:10D4B0006CD05FEA080000D00120299000212046AE
:10D4C0000FF002F90746002120460FF0DDFA06466C
:10D4D00020460EF026FBB4F88610484340F30F2098
:10D4E0002B9020460EF01CFD0146E28AF0191044F4
:10D4F000401A00B24FF4C0263290B8F1000F314606
:10D5000020460DD00FF057FA2690B4F91800B5F95F
:10D5100000A0B5F902908346B8F1010F06D00DE0E6
:10D520000FF0EEF92690B4F91400F0E7CAF100000C
:10D530000FFA80FAC9F100000FFA80F921A807F06C
:10D5400055FC21AA314620460FF0B3FD18A807F07C
:10D5500015FC18AA314620460FF05CFD03A8399946
:10D560000EF0BAF8764804900620059021A809909C
:10D57000CDE9106818A808902889C0F30E076868DC
:10D580007F1EC0F30E4047430026D3E0D5E000BF26
:10D59000BDF986102B98401A7043B0FBF7F1329812
:10D5A000B8F1000F0844ADF85600ADF85E005846DB
:10D5B000ADF854B069D0401CADF854000020029082
:10D5C0006868C0F30E40B6FBF0F100FB1160002864
:10D5D00074D0BDF85410A1EB090000BFADF85C0099
:10D5E00015A80C9017A80D9029983A4604EB400016
:10D5F000B0F970100091B0F96C30B81B00210CF03C
:10D6000021FD034613900298F0B32889000468D5E1
:10D610004CA2102133A812F025F918A8089033A8BD
:10D620000E9010200F9003AA1A21204609F06CFCDE
:10D63000BDF97200002241F6FF718DE80700BDF9C7
:10D6400074302CA8189A0E9914F028F9BDF9B2007C
:10D65000BDF85E1000EBD070A1EB600212B201EBDE
:10D660006000ADF8922001B22998ADF8961000281C
:10D67000BDF85C0029D0269B0344ADF89030BDF87E
:10D68000B0300344269801E02BE015E000EB0300E6
:10D69000ADF89400B4F9160081422BDBB4F91A00FE
:10D6A000824227DC0020009024AA18A90E9B3998FA
:10D6B00007F0C8F81EE001E0401E7DE70120BDF83C
:10D6C00054100290A1EB0A0088E7BDF8B030A0EB3F
:10D6D000030C269BACEB0303ADF89030269BC01ADD
:10D6E000D6E7002008900E900F9003AA1A2120463A
:10D6F00009F00AFCBDF98600BDF9561000EBD070A8
:10D70000B4F9162001EB600191420DDBBDF95E100A
:10D71000A1EB6001B4F91A00814205DC17AB15AA30
:10D7200021A9399807F055FB03AA1B21204609F0CF
:10D73000EBFB761CBE427FF62BAF3BB0BDE8F08F13
:10D74000C4CE0208256400002DE9FF5F0C46934615
:10D7500080462021DDF838A00FF08CFB002878D01F
:10D76000BAF1030F40461DD00EF0D3FB81460BF0FB
:10D770006DF8002705463E46BAF1030F394640468C
:10D7800013D00FF0CEF98246002140460FF080F80A
:10D790004946B9F1010F5DD0022963D0B9F1030FF9
:10D7A00066D13BE00EF0AEFBE0E70FF0EFF882460B
:10D7B000002140460FF03EF94946B9F1010F1ED055
:10D7C000022924D0B9F1030F52D1B8F81820B8F8C3
:10D7D0001410521A521C13B2A3EB0A02101A00EBD7
:10D7E000D0720AEB6200084407B2298BA88A091A92
:10D7F000491C09B201EBD17100EB610027E0B8F8D8
:10D800001410B5F9146001EB0A0007B230E0B8F863
:10D810001810B5F91860081A07B229E0B8F81A20EC
:10D82000B8F81610521A521C13B2A3EB0A02101ABF
:10D8300000EBD0720AEB6200084407B2688BE98AF9
:10D84000401A401C00B200EBD07001EB600006B241
:10D850000EE02FE0B8F81610B5F9166001EB0A00DB
:10D8600007B205E0B8F81A10B5F91A60081A07B23D
:10D87000A01E039900B2002910DAB9F1000F15D0EB
:10D88000BE4221DC12E0002C01DDA41C24B2E01712
:10D8900004EB9070801004B0BDE8F09FBBF1000F66
:10D8A00012DAB9F1000F01D0BE420DDB002CEADA2A
:10D8B0000446E8E70398E04202D50398404204B2E8
:10D8C000BBEB040000D55C462046E4E770B5044697
:10D8D0000AF0A8FF48B1006882680AB1217A90472F
:10D8E000207E810743D4C0077CD1012600216068D7
:10D8F0000EF070F900251AE0016899B1017ACA09A1
:10D9000010D0802904D0227A21F08001914209D1DF
:10D910004168E160016820468847207E810726D45F
:10D92000C0075FD16D1C294660680EF053F908B13D
:10D93000002EE1D1214600200EF079F8050053D0E9
:10D94000002160680EF046F9002619E0016891B1E7
:10D95000017A0A060FD411B1227A91420BD14168A3
:10D96000E160016820468847207E810701D50120BB
:10D9700070BDC00736D1761C314660680EF02AF9BA
:10D9800010B1012DE2D02FE0012D2DD1606841684A
:10D9900051B3217E490727D4217A232919D024297C
:10D9A00017D0A9030FF066FAF0B1207A11381C28BD
:10D9B0000FD2DFE800F019191919191919191919D5
:10D9C000190E0E190E0E191919190E0E0E0E19191F
:10D9D0000E196068406860602046FFF777FF0546D3
:10D9E000012801D0002070BD284670BDF0B5DDE9EA
:10D9F000054539B3060AB70702D51F462B463D46F3
:10DA0000770702D527462C463D4616F0060F4FEA0B
:10DA1000C6771BD017B11F4623463C462270CC4325
:10DA2000E4B212FB04F4240A2C70C0B2F40710D044
:10DA300011FB00F06FEA1020C0B212FB00F0000AE8
:10DA40001870F0BD2A7022701A70F0BD002FE2D05D
:10DA5000E4E720B14042C0B210FB01F0EAE708025F
:10DA6000E8E700002DE9FF4F8A880B8889B0D21AB9
:10DA7000521C17B2CA8849880446511ADDE916B803
:10DA8000491C19980FFA81F9012813D0022813D0E4
:10DA9000032843D1434E00BF5FEA08000ED00020A8
:10DAA00006902088ADF8140098F80000FD2838D3BF
:10DAB0005A4639E03C4EEFE73C4EEDE72088ADF8A2
:10DAC0000000ADF808005A4600990C98B047059040
:10DAD000002020E0002517E0BDF8080034F81510FC
:10DAE00088420BD004EB45005A460088ADF814007C
:10DAF000ADF8080005990C98B047059004EB450077
:10DB0000BDF8141001806D1CBD42E5DB0B9804EBE1
:10DB1000400408F1010080464845DBDB0DB0BDE85C
:10DB2000F08F00FB0BF0020A05990C98B0470890A3
:10DB3000002033E0002528E018F8050020B30699FE
:10DB4000884205D1BDF8141034F81520914216D042
:10DB5000FD2801D35A4602E000FB0BF0020A04EB59
:10DB600045000088ADF8180006990C98B047089059
:10DB700018F80500069034F81500ADF8140004EB11
:10DB80004500BDF8201001806D1CBD42D4DB0B9810
:10DB9000189904EB400488440AF101008246484584
:10DBA000C8DBBBE78767000813670008ED6700085C
:10DBB0002DE9FF4F83B00F46DDE910860446F6F7E6
:10DBC000D1FBB8883988401A401C05B2F88879889A
:10DBD000401A401C0FFA80F976B1BDF81800B8F170
:10DBE000FD0F00EB004000907DD3A5F104084FF03D
:10DBF000000BBDF818A034E1B8F1FD0F0FD30026DB
:10DC000008E02A462046069905F0A6FD0598761CF0
:10DC100004EB40044E45F4DB07B0BDE8F08FBDF8DF
:10DC20000010002060F3040189B260F34A1189B248
:10DC300060F3CF21ADF8001088B20090BDF800006D
:10DC4000009001464246069805F0EAFE01900699CA
:10DC5000404689B2CA0A424362F30F06C1F3451235
:10DC600001F01F0101FB08F102FB08F261F30F074D
:10DC700062F31F46BA46C8F1FF01002250E00020BF
:10DC800048E000BFBDF8003034F81070BB423BD014
:10DC900004EB4003B7B21B88ADF80030ADF8083094
:10DCA0009BB24FEAD32C0CFB0177803707EBC71CE4
:10DCB0000CEBC737BDF80480C7F3C45767F3CF2810
:10DCC000C3F3451C370C0CFB0177803707EBC71CEF
:10DCD0000CEBC737C7F3C55767F34A181FFA8AF723
:10DCE00003F01F0300E0C3E003FB0173803303EB89
:10DCF000C31707EBC333C3F3C45363F30408ADF88E
:10DD000004801FFA88F3019304EB4003BDF804700C
:10DD10001F80401CA842B5DB0598521C04EB400450
:10DD20004A45ACDB78E7002710E03278FF2A12D0B2
:10DD30002088ADF804000199069805F071FE019065
:10DD4000BDF804002080A41C761C7F1CAF425DDA65
:10DD5000B007EAD15AE0A4F800A0F4E73068411C0B
:10DD600043D0E8B33278FF2A53D02088ADF80400BE
:10DD70000199069805F054FE0190BDF8040020803A
:10DD800016F8012FA41CFF2A46D02088ADF8040005
:10DD90000199069805F044FE0190BDF8040020802A
:10DDA00016F8012FA41CFF2A39D02088ADF80400F2
:10DDB0000199069805F034FE0190BDF8040020801A
:10DDC00016F8012FA41CFF2A2CD02088ADF80400DF
:10DDD0000199069805F024FE0190BDF8040000E0CA
:10DDE00011E02080A41C761C0FE0A00707D0A4F847
:10DDF00000A0022000990151A4F806A003E00098B9
:10DE00002060009860600834361D3F1D4745A5DD41
:10DE10001CE0A4F800A0B3E7A4F800A0C0E7A4F8B1
:10DE200000A0CDE7A4F800A0DCE73278FF2A1CD0E0
:10DE30002088ADF804000199069805F0F1FD0190E5
:10DE4000BDF804002080A41C761C7F1CAF42ECDBD4
:10DE500005980BF1010B401B04EB40041298401B8A
:10DE60000644CB45FFF65FAFD6E6A4F800A0EAE78C
:10DE700000222188ADF800109346104633E00027B9
:10DE800027E0307818B3904205D0FF282FD000FB50
:10DE900008F31B0A9B46904203D134F817008142D5
:10DEA00010D0BBF1FF0F24D004EB47005A46008886
:10DEB000ADF800000099069805F0B2FD00903278A8
:10DEC00034F8171004EB4700BDF800300380761CCF
:10DED0007F1CAF42D5DB059804EB40041298401B31
:10DEE00006440AF1010082464845C8DB94E64346F1
:10DEF000D0E70698E2E700002DE9FF4F83B00C461B
:10DF0000DDF84480F6F72EFABDF818A08146B8F186
:10DF1000000F0CD0A0882188401A401C07B2E0886E
:10DF20006188401A401C0FFA80FB002641E0B4F9DA
:10DF3000026017E0B4F900500FFA86F80DE010986F
:10DF40000290ADF804A0CDF80080D9F800002BB203
:10DF5000059AC7690399B8476D1CB4F90400A84233
:10DF6000EDDA761CB4F90600B042E3DA07B0BDE89A
:10DF7000F08F002518E000BF18F8050098B110993F
:10DF8000ADF804A04843000A029060880399304429
:10DF900000B200902088059A284403B2D9F8000006
:10DFA000D0F81CC0E0476D1CBD42E5DB1298761C22
:10DFB00080445E45DDDBD9E700680968884201D10D
:10DFC000012070470020704740680A6820F04040F8
:10DFD000904200D20860002070472DE9F04F0027E2
:10DFE00087B00446BA460AF01DFC00680025B4F963
:10DFF000141090F81890266AA846002900DC4942BF
:10E00000B4F91600002800DC4042814201DD012500
:10E01000ADE04FF00108AAE0102130460EF02AFFD3
:10E0200000287ED0CDE90058AB46CDF808803046B8
:10E030000DF082FEC10700D18B46810701D400217B
:10E040000091410701D400210291000701D4002072
:10E05000019030460DF064FF059030460DF01AFE39
:10E06000049030460DF090FE039030460DF0ECFE2B
:10E070000599002902DC0499002910DD029919B1E3
:10E08000B4F916204A4507DA019941B1B4F91620CE
:10E09000C9F100018A4202DC37464FF00C0A0399AD
:10E0A000002901DC002811DDBBF1000F03D0B4F919
:10E0B00014204A4507DA009941B1B4F91420C9F196
:10E0C00000018A4202DC37464FF0030A0599002915
:10E0D00001DC002102910499002901DC0021019159
:10E0E0000399002901DC4FF0000B002801DC00201F
:10E0F0000090BBF1000F03D0B4F91410494517DAB2
:10E10000009828B1B4F91410C9F1000081420FDD64
:10E11000029818B1B4F91610494509DA019800B10E
:10E1200000E010E0B4F91610C9F1000081420ADCE9
:10E130000DB1032000E00C2094F83C1060F30301C3
:10E1400084F83C1016E04FF4807130460EF092FED9
:10E1500035EA00000ED14FF4007130460EF08AFE11
:10E1600038EA000006D130460DF088FD0646002E44
:10E170007FF452AF4FB194F83C1000206AF30301D2
:10E1800084F83C10A762A082E08207B03846BDE860
:10E19000F08F00002DE9FF4F83B08B4682460DF0D3
:10E1A000B1FE060012D041F6FF78444600215046E9
:10E1B0000EF0ECFB0090002150460EF03BFC01906D
:10E1C00050460DF05CFC074600255FE0002007B0DC
:10E1D000BDE8F08FDAF808003149006850F82500F2
:10E1E00081460EF04EFEE8BB4FF4805148460EF0DB
:10E1F00041FEB8B3012E04D0022E08D0032E44D124
:10E200001AE0B9F91400BAF81420009932E0BAF80B
:10E2100018200199B9F91800511A069A09B2104448
:10E2200000B2584531DB059A90422EDC401A00B20C
:10E23000002821DD014620E0B9F81820B9F81410B3
:10E24000BAF81830501A401C00B200EBD070BAF87F
:10E25000142001EB6000991A491C0BB2009900B21E
:10E260005B1A00E011E00199591A01EBD173009992
:10E2700001EB63011144D0E74142002C01DD22464D
:10E2800000E06242914200DA04466D1CBD42A1D317
:10E29000444501D1002000E0604200B297E7000051
:10E2A000010004002DE9FF4F83B08B4682460DF03C
:10E2B00030FE060012D041F6FF7844460021504659
:10E2C0000EF02FFC0090002150460EF0E1FA019074
:10E2D00050460DF0D4FB074600255FE0002007B054
:10E2E000BDE8F08FDAF808003149006850F82500E1
:10E2F00081460EF0C6FDE8BB4FF4805148460EF053
:10E30000B9FDB8B3012E04D0022E08D0032E44D19B
:10E310001AE0B9F91600BAF81620009932E0BAF8F6
:10E320001A200199B9F91A00511A069A09B2104433
:10E3300000B2584531DB059A90422EDC401A00B2FB
:10E34000002821DD014620E0B9F81A20B9F816109E
:10E35000BAF81A30501A401C00B200EBD070BAF86C
:10E36000162001EB6000991A491C0BB2009900B20B
:10E370005B1A00E011E00199591A01EBD173009981
:10E3800001EB63011144D0E74142002C01DD22463C
:10E3900000E06242914200DA04466D1CBD42A1D306
:10E3A000444501D1002000E0604200B297E7000040
:10E3B000010004002DE9FF4F83B00E46DDE910B4E3
:10E3C0001746002103980EF0DBFC05460021039858
:10E3D0000EF0B6F90146F07882070BD5C30742F27A
:10E3E000D17202D0954202D006E0914206D120F0CF
:10E3F0000200F070C00701D07D4800E07D488146F2
:10E40000F078C00712D07B484FF0000AA4F802A0B1
:10E41000A4F804A0C4F810A0A4F800A0C4F808A0B0
:10E42000C4F80CA0804639460197ADE07048EBE790
:10E430000198B84206D04FF4000128460EF01AFDAC
:10E44000002873D16C4928460EF01BFD00286ED1C0
:10E45000002128460EF06AF9029070B32069401C32
:10E460002061A28802EB0B01A180217DC90771D038
:10E4700000EB800080000BF023FE0090F0B1E1681B
:10E4800051B12069401E00EB8000820000980BF023
:10E49000E1FEE0680BF060FE206900EB800100986F
:10E4A00000EB81004FF0000140F8145CF078C007E9
:10E4B000284604D041F2020203E039E0FEE741F2CF
:10E4C00005020EF043FB216900B201EB81020099C5
:10E4D00001EB820121F8100CF0784FF00001C00729
:10E4E000284602D041F2030201E041F206020EF09A
:10E4F0002DFB216900B201EB8102009901EB820141
:10E5000021F80E0C2069029900EB8002009800EBC4
:10E51000820040F8081C206900EB8002009800EBA4
:10E52000820040F804AC0098E06013E032E020E0A4
:10E530002846494688470146F078800705D5B4F952
:10E54000040042180698824224DCA28801EB0B00EA
:10E550001044A0802846414688470146B4F900008F
:10E56000814202DD2846414688472080A068401C41
:10E57000A060F078400702D54FF0FF3000E00120A6
:10E5800001994118019105D403980DF066FA051E12
:10E590007FF44EAFB4F90400002802DDA0EB0B00BD
:10E5A000A080206908B1069801E0B4F904006080F9
:10E5B000CDB10198B84216D1039901AA89680968BA
:10E5C00051F82050F078C0F38001039800F05AFE13
:10E5D0004DB128464146884720802846494688470D
:10E5E00060800120A060019807B0BDE8F08F0000B6
:10E5F000E3CD0108FBBB0108010006002DE9F04F47
:10E60000B24D93B0044600212A880EF09FFA9DF87F
:10E610001710421C62F30001820862F34101C00836
:10E6200060F382018DF81710204600216A880EF0F1
:10E630008DFA8DF8140020460021AA880EF086FA83
:10E640008DF8150020460021EA880EF07FFA8DF83B
:10E650001600002120460DF0EEFF012800D000201A
:10E6600081469DF817004FF00001C00720460CD0EE
:10E670000EF0F5F982469DF817004FF00001C00733
:10E68000204605D00EF019F904E00EF016F9F1E776
:10E690000EF0E5F907909DF81700C007204602D05C
:10E6A0000DF059FA01E00DF03CFA069020460021E9
:10E6B00041F232020EF04AFA05462046002141F6A8
:10E6C00010020EF043FAE18A2844461820460DF065
:10E6D00035FC301AADF820002046002141F6120228
:10E6E0000EF034FAA18A2844451820460DF01FFC8C
:10E6F000281AADF840009DF817009DF81660C00775
:10E7000001D008AD00E010AD002120460EF038FB2E
:10E710001190002120460EF013F883469DF8170053
:10E72000C10708D0ABF51C52D13A02D1618C8905E2
:10E7300009D5C10708D1119AA2F51C51D13903D1CD
:10E74000618C490500D40026B9F1000F08D0C0073C
:10E7500006D116B1012E02D002E0012600E000260B
:10E760000027ADF83C70B8468EB39DF817004007FF
:10E7700003D5A0684268521E15E0002213E0002075
:10E780000E9009A90798CDE9000105A92046069B2E
:10E79000FFF710FE0246BDF8241007EB0A000844FC
:10E7A00007B208F10108A0684068904201DD002A24
:10E7B000E5DAB8F1000F02D0A7EB0A0007B29DF826
:10E7C0001700C007204603D00DF0ABF902E00BE0C4
:10E7D0000DF0C1F90FA9CDE9005101460FFA88F3F8
:10E7E0003A46304613F030FF9DF81700410703D535
:10E7F000A1684E68761E00E00026B9F1000F04D033
:10E80000C00702D128883844288009AFA068406832
:10E81000B04249DD002E47DB01200E900798CDE97C
:10E820000007324605A92046069BFFF7C3FD804638
:10E83000B9F1000F08D09DF81700C00704D128884F
:10E84000BDF82410401A2880DDE90601BDF920201A
:10E8500002AB019283E88300BDF94000009043467B
:10E86000324605A92046F7F7FFFB46460C980BF009
:10E8700073FC00200C90B9F1000F03D09DF8170035
:10E88000C0070AD02888BDF82410BDF83C200144F8
:10E8900002EB0A0008442880B8E7BDF83C2029882C
:10E8A00002EB0A00081AF6E7119942F2D170814290
:10E8B00001D0834502D120460FF085F800222B219C
:10E8C000204608F021FB13B0BDE8F08FE4000020E3
:10E8D0002DE9F05F0546007E92468B46C0076BD15E
:10E8E0004FF00108EC680026C1467CB9287EC0F3D1
:10E8F000C000401E30425FD1B9F1000F5CD0284605
:10E90000594688474FF000080446C1460EB9261EF6
:10E9100052D0B8F1000F06D0214628465246904703
:10E920000446B04248D04FF00108002CDED02068E9
:10E930000DF058FE0006D8D427683AE00121384689
:10E940000EF098FA80B32FB1012138460EF092FAFA
:10E950000028CAD1E868A0422ED070B1284600F045
:10E960009BFA0246E8680F21006808F0CDFA0128FA
:10E9700022D1E86800680EF04BFD2846EC6000F0FC
:10E980008BFA0246E8680E21006808F0BDFA0128FB
:10E9900012D1E86800680EF03BFD296900290BD010
:10E9A0002846BDE8F05F0847FFE738460DF066F9F6
:10E9B0000746002FC2D1CDE7BDE8F09F13B54FF059
:10E9C000FF33012269460248F3F72CFB00981CBD77
:10E9D0002004002010B508F04EFA0C2827D109F0C9
:10E9E00021FF09F025FF04280CD0082811D00128A8
:10E9F00016D002281BD10EA0F4F794F9BDE8104000
:10EA000014F0F4BE0EA0F4F78DF9BDE8104014F038
:10EA100037BF0EA0F4F786F9BDE8104014F048BEE9
:10EA20000EA0F4F77FF9BDE8104014F091BE10BDC0
:10EA30004C565F4449525F52494748540A0000000F
:10EA40004C565F4449525F544F500A004C565F4445
:10EA500049525F424F54544F4D0A00004C565F4498
:10EA600049525F4C4546540A000000002DE9F34F1F
:10EA70008FB0054669460DF088F828460EF0B1F9CA
:10EA80000B9028460DF0B9F80A90002128460DF0A9
:10EA900053FF0790002128460DF0A9FF07460021EB
:10EAA00028460EF00DF80446002128460DF0CDFE54
:10EAB0008346002128460DF0E0FF06460021284647
:10EAC0000DF010FF06F0010106EBD67201EB6201BA
:10EAD00000F0010200EBD07002EB6000491C401C0A
:10EAE00009B200B20D2900DB0D218A460D2800DB9A
:10EAF0000D2081460D2F00DB0D27B8460D2C00DBC5
:10EB00000D2426465846BBF10D0F01DA074600E0FA
:10EB10000D2700246BE0A86A00EBC40108A803F0ED
:10EB2000A7F9BDF920000799884213DCBDF9002040
:10EB30000D2900DB0D21511A00EB0100ADF820007A
:10EB4000BDF92200B04233DCBDF902100D2E07DA08
:10EB5000324606E0BDF80020A2EB09010844EDE7CB
:10EB60000D22891A00EB01000B99ADF82200BDF9C6
:10EB70002400A1EB0801891E424688421EDBBDF934
:10EB80000010B8F10D0F0144104600DB0D200844C1
:10EB90000A99ADF82400BDF92600C91B891E8842D8
:10EBA0001DDBBDF902100D2F08440DDA39460CE0CB
:10EBB000BDF80220A2EB0A010844D5E7BDF8001019
:10EBC000014401EB0900E3E70D210844ADF82600FC
:10EBD000002208A81099F4F7F3F958B905E0BDF838
:10EBE0000210014401EB0A00F0E7641CA4B2288E75
:10EBF000A04290D8288EA04201D14FF6FF7411B0E8
:10EC00002046BDE8F08F10F0070000D101207047CA
:10EC1000B0F90C00032101EB400020F0030010309C
:10EC200070472DE9F05F89469346824600210DF03A
:10EC300075FE0546002150460DF0CBFE80460021B2
:10EC400050460DF02FFF0446002150460DF0EFFD19
:10EC5000064650460EF0C5F8411BA1EB080750468A
:10EC60000CF0CBFF001B801B8742504605DA0EF0EC
:10EC7000B8F8411BA1EB080003E00CF0BEFF001B3D
:10EC8000801B00EBD07040F34F00BAF8141042190B
:10EC90001144A9F80010BAF8161002191144A9F885
:10ECA0000210BBF1000F01D0ABF80000BDE8F09FEF
:10ECB000024A002112880DF049BF0000F400002034
:10ECC000034A10B5002112890DF040FFC0B210BDFB
:10ECD000F4000020034A10B5002152890DF036FFE0
:10ECE000C0B210BDF4000020032901D2012300E0CE
:10ECF0000023C01A03EB430301EB8301891EC1EB20
:10ED000041110C23B1FBF3F111446422B0FBF2F288
:10ED1000014401EB9001891A4FF4C872B0FBF2F084
:10ED200008440721B0FBF1F201FB1200C0B27047AA
:10ED30002DE9FC470F0023D00569686928B10168F7
:10ED4000B94202D14068BDE8FC87698A00224FF0D1
:10ED5000040CC1F308040CE0AE6802EB820356F821
:10ED600023100CEB8303F35A791A8B420AD2521CFC
:10ED700092B29442F0D818B10760696900204860E7
:10ED80000020E0E702EB82041222A86802EB840272
:10ED90000026825C4FF00609022A0CD04FF00C0AC4
:10EDA0006AB1DFF8A8C008234FF01008032A0FD07B
:10EDB000012A26D043E009EB8402805A06E00AEBE0
:10EDC000840209EB84038258C05A515C461836E02D
:10EDD000ADF8041008EB8401CDF800C003EB840803
:10EDE000425A50F80810022301A8F5F7EFFB30B3A0
:10EDF000A96851F80820801A09EB84024010895A4A
:10EE00001CE0ADF8041008EB8401CDF800C003EB62
:10EE10008408425A50F80810022301A8F5F7D6FBDF
:10EE200068B1A96809EB840351F80820801A0AEB3D
:10EE3000840240108A58C95A32F810000E186869C6
:10EE400010B107606869466030467CE7516102088E
:10EE50002DE9F0410D46044600F03DF9071E19D09A
:10EE6000F88A00212D1A38460DF009FF0689002185
:10EE700038460DF038FF00EBD07105EB61013044EE
:10EE800009B200B291FBF0F0A18E80B2814201D8AC
:10EE9000491E88B2BDE8F0812DE9F0410026074601
:10EEA0003546304610E000BF09F001FD216DB94242
:10EEB00009D1022802D0042803D003E02046BDE88F
:10EEC000F08126462546204609F0B6FC0400EBD129
:10EED0000EB13046F3E70DB12846F0E7BDE8F0414A
:10EEE000002009F0A9BC00007CB503690069002579
:10EEF0005B8AC4689E04A3682BD4980F17D00120A6
:10EF0000B0EB937F31D101EB0240266801901848A5
:10EF10000090A068042320F04042314601A8F5F794
:10EF200055FB10B3801B801061680D561DE001EB8E
:10EF300002202668ADF804000E4823F040420090FD
:10EF40000223314601A8F5F741FB70B1801B401048
:10EF5000EAE76068405C995C38B131B1637B226854
:10EF6000401E10FB0320491E455628467CBD00006C
:10EF7000FF0E0108130F01082DE9F84F0C46064655
:10EF8000002120460DF049FB00EBD07045084FF4FE
:10EF90004037394620460DF0BAFC824639462046B5
:10EFA0000DF010FD0090394620460DF074FD8346AB
:10EFB000394620460DF034FC0146A08A228D0244D9
:10EFC000531BA3EB0A0060F30F08E08A638D034430
:10EFD00000985C1B201A60F31F4805EB0B001044DF
:10EFE00060F30F096818184460F31F49C6F80080E1
:10EFF000C6F80490BDE8F88F2DE9FC5F88461F46EF
:10F000001446824605464FF400310DF00DFB00EB2F
:10F01000D0704610A01B0FFA80F9A88EAC8C10F0AF
:10F02000060F06D0C0F34100022804D0012845D0C5
:10F0300004E0288D00E0E88C204484B204F15A00FA
:10F0400000B212F067FB10FB09F0C51320B212F0FA
:10F0500061FB10FB09F0C4134FF440394946504698
:10F060000DF05CFC8346494650460DF0B2FC019021
:10F07000494650460DF016FD0090494650460DF0A9
:10F08000D6FBB8F8001030444A19A2EB0B01891BDB
:10F090003980B8F800104A19019931441144B980F7
:10F0A000B8F802100A190099511A891B7980B8F82A
:10F0B000021021440844F880BDE8FC9FB5F93000F7
:10F0C000B5F93210084400EBD070B5F92E1040109D
:10F0D0008142B0DBADE7406A002802D000210CF08D
:10F0E000BCBC704700210CF0B8BC00002DE9F04119
:10F0F00005460F46698C00200426C1F3C503EA6863
:10F100000FE000BF06EBC00414595FEAC41C07D52A
:10F1100024F07F44BC4203D152F83000BDE8F081B6
:10F12000401C8342EED84FF0806000EB71204FEA24
:10F13000F0506884C0F3C500C10010460BF062F8BF
:10F14000E860C0B3688CC0F3C504641E16D06FF0CD
:10F1500003025300E86802EBC40141585FEAC11C96
:10F160000CD489010AD403EBC40C00EBC401844421
:10F17000641EDCE9000CC1E9000CEBD1E868082151
:10F1800000EBC4000BF044F908200AF06DFFE968B9
:10F1900041F8340010F0ABFDEA6806EBC4001158EA
:10F1A00041F080711150EA6867F317011150E86867
:10F1B00050F83400B2E7FFE7FEE700002DE9FC411C
:10F1C0000068C068C068B0FBF1F4944200DD1446EA
:10F1D000154F78680068806920B30020ADF8000002
:10F1E000ADF80400ADF8020025B2681E06B2ADF815
:10F1F000066078686946006882699047BDF8060035
:10F20000BDF80210401A401C00B2A04202DD351EBB
:10F21000EBDC01E0002D02DC0020BDE8FC81BDF943
:10F220000640641C2046F8E7BC020020491E01D5B8
:10F23000401E0C310C2901DB401C0C3901290DD07A
:10F24000072091FBF0F200FB121000EBD07121F0CF
:10F250000101401AC0F11F00C0B2704781070CD1F4
:10F260006421B0FBF1F201FB120149B94FF4C871FE
:10F27000B0FBF1F201FB120010B100201C30EBE7F3
:10F280000120FBE7136821B15B1E13600BD480687B
:10F2900005E05B1C1360806841688B4203DA0068FC
:10F2A00050F823007047002070472DE9F8431546B9
:10F2B0000E46044609F0B6FA09F0F9FA01280AD018
:10F2C000032808D04FF6FF7005B1288006B13080C2
:10F2D0000020BDE8F88309F0A5FA694609F0BCFAF8
:10F2E0004FF0000875B320460CF021FEBDF8001069
:10F2F000084407B2002120460DF0B9F901280CD0CE
:10F30000A08A00213F1A20460DF032FB381A02B2C3
:10F3100040460021A5F8008010E0002120460DF0B5
:10F3200082FB218B081AC01BF1E7236B33F81030E6
:10F33000194409B28A4205DB401C2880A38C80B2A4
:10F340009842F2D3FEB120460CF0F8FDBDF8021051
:10F350000844E18A451A002120460DF0D4FB281A02
:10F3600002B240460021A6F8008008E0E36A33F8C4
:10F370001030194409B28A4205DB401C3080E38C0E
:10F3800080B29842F2D30120A3E72DE9FF4F83B06A
:10F3900005461F460598F4F7ECFF01218140B5F8BA
:10F3A000208001F0FF096FEA080080B2019095F813
:10F3B00022004FF0FF36C0F3800B00244FF0040A08
:10F3C00022E0E96801EBC4004268920149D5BBF133
:10F3D000000F18D10AEBC4028958049AC1F30741FF
:10F3E000090491420FD10068817911EA090F0AD00E
:10F3F0006A46059910F04AFC28B10098386001204F
:10F4000007B0BDE8F08F641C688CC0F3C500A04253
:10F41000D7D826E0E8680AEBC40200EBC4018058A4
:10F42000C0F307421FFA80FB04981204824217D1EE
:10F430000868817911EA090F12D0019A1BEA020FBC
:10F440000ED1B3450CDD6A46059910F01FFC38B1AA
:10F450005846C345D1D05E4502DA0646009838606A
:10F46000641C688CC0F3C500A042D3D8002EC4DA57
:10F470000020C5E72DE9F047814642F30006C0F1C0
:10F480005A001D460F46540800B2761C12F042F98D
:10F49000A7EB040800FB08F0C711484612F03AF940
:10F4A00000FB08F0C011002F06DD7F3F39120A1B58
:10F4B00032442A80214405E07F3739120A1B214457
:10F4C0002A80891BA980002806DD7F380012011BD5
:10F4D00031446980204405E07F300012011B204444
:10F4E0006980801BE880BDE8F0870000024A0021A7
:10F4F00092880DF02BBB0000F40000202DE9FF4F97
:10F500000746808C85B0484384B20798A146002501
:10F510000289DDE915100844049010440FFA80FABE
:10F5200057E0BB6A53F8241079B3D7F830C00026EF
:10F53000401E3CF915B013E0A21953F8222092B1F5
:10F540001278D2070FD0AA194FF0020808EB420236
:10F550003CF80280761C08EB0B020FFA82FBB6B275
:10F5600072198242E8DB002001B1087880070DD5CE
:10F5700007981599B0F908000144169808445146B7
:10F58000504500DC08460FFA80FA1EE0DDE9130260
:10F590000244ABEB020000B2129ACDE90020002336
:10F5A0000293DDE9072303A8491C12F077F9BDF99E
:10F5B0000E10049808445146504500DC08460FFAE6
:10F5C00080FAA01984B2A81985B2641C6D1CA4B27B
:10F5D000ADB2B88C00EB0901A142A2D809B05046E7
:10F5E000BDE8F08F034A10B50021D2890DF0AEFAC4
:10F5F000C0B210BDF4000020034A10B50021128AE9
:10F600000DF0A4FAC0B210BDF40000202DE9FC41B9
:10F610000C46064600210DF03AFB05464FF48021CA
:10F6200030460DF034FBB5F90870B0F908500021F0
:10F6300030460DF066FBE91901EBD17100EB61007A
:10F6400005B230460CF0D9FAF18A00EBD07001EB2C
:10F65000600005EBD571A0EB610060802844E0807C
:10F66000694630460CF091FABDF800002080BDF8E4
:10F670000400A080BDE8FC812DE9FF410646FFF7AC
:10F6800031FD040021D04FF48027394630460DF07B
:10F69000FEFA0546304641F25A4239460DF056FA16
:10F6A00006B2204609F08AFE0146002041F6FF72AC
:10F6B000CDE90002029033462A4603A812F0EEF884
:10F6C000BDF90C0004B0BDE8F0810020FAE710B5E8
:10F6D0000CF088FF010605D5C00701D0052010BD3C
:10F6E000022010BDC1074FEA806005D0002801DA72
:10F6F000042010BD032010BD002801DA012010BD38
:10F70000002010BD39B1012909D0022905D00429F2
:10F7100007D0002070473C30704748307047543065
:10F7200070476030704700002DE9F04104460D46F7
:10F73000668C00200423C6F3C501E2680BE000BF1D
:10F7400003EBC007D7595FEA871C03D527F07F4733
:10F75000AF4202D0401C8142F2D8814203D002EB7A
:10F76000C000BDE8F0814FF0806000EB76204FEAEA
:10F77000F0506084C0F3C500C10010460AF042FD9D
:10F78000E060608CC0F3C500401E0DD06FF0070232
:10F79000E16802EBC00601EBC0030E44401ED6E94F
:10F7A0000016C3E90016F3D10821E0680AF030FE24
:10F7B00008200AF059FCE168086010F098FAE16846
:10F7C000486840F000704860E16865F317004860E1
:10F7D000E068C6E738B50C480D46144690F820009E
:10F7E0004FF00201C0074FF0120002D00FF028F8CE
:10F7F00001E00FF03DF82246294604F02BF9009075
:10F80000BDF8000038BD0000883800202DE9F04721
:10F810004FF0000CDDE90964089DDDF82CA0E146FD
:10F820006F1E09BB052A03D0062A01D0042A02D183
:10F830000023012D01D0002109E001225FF0000129
:10F840009C4436F81180491CC4440FFA8CFCA94230
:10F85000F6D3ACEB030109B2072A2AD2DFE802F0A3
:10F8600004070B2921160D00A4F8009021E0411A8D
:10F8700001EBD17112E0411A11E0411A09B23AB21A
:10F8800091FBF2F1A4F800900BB212E0411A09B218
:10F890002AB291FBF2F10BB203EBD3714910218034
:10F8A00007E0411A0AB2691C09B292FBF1F10BB2EE
:10F8B000238000210BE000BF34F8112036F811C07E
:10F8C000624404EB410C1A44ACF80220491CB942D2
:10F8D000F2D304EB450106EB450231F8021C32F885
:10F8E000022C11442288891A0AB2BAF1000F0CD0F6
:10F8F000002108E034F8113036F81170C31ADB1B10
:10F9000024F81130491CA942F4D31046BDE8F08711
:10F9100070B58AB00446FFF7CBF905462046FFF7DD
:10F92000E5FD002D5FD000285DD069462046F6F742
:10F9300029F80C2107A80AF06BFD2046002141F2AE
:10F9400032020DF003F905462046002141F612026D
:10F950000DF0FCF846192046002141F610020DF08A
:10F96000F5F8054420460CF0E2FAA18A3144081A61
:10F97000ADF8240020460CF0E1FAE18A2944081A87
:10F98000ADF82600002507E0006807AA694650F890
:10F99000250001F02DF96D1CA0684168A942F3D83B
:10F9A00000980AF0D9FB01980AF0D6FB02980AF0F9
:10F9B000D3FB03980AF0D0FB002120460DF0E7F9B5
:10F9C0000546002120460CF0C2FE42F2D1718D4264
:10F9D00001D0884202D120460DF0F5FF00222B21F4
:10F9E000204607F091FA0AB070BD0021A0F1300264
:10F9F000092A01D8D1B216E0612801D32038C0B25B
:10FA0000413806280FD2DFE800F0030507090B0D87
:10FA10000A2108E00B2106E00C2104E00D2102E0A0
:10FA20000E2100E00F21084670472DE9F0470446FB
:10FA3000406A4FF4404102F0BAFC94F92E10A08DB8
:10FA40000122FFF751F90546206B18B300264FF04D
:10FA500002084FF00309AF1D4FF4004A17E0206B76
:10FA6000A28D30F8261091420FD108EB8601415645
:10FA700094F92E20914208D109EB86014056524656
:10FA8000384481B2606A02F087FF761CB6B2A08E5D
:10FA9000B042E4D8A08D218D884211D194F92E1066
:10FAA00094F92A0081420BD194F92B00AD1D284412
:10FAB00081B2606ABDE8F0474FF4804202F06CBF4B
:10FAC000BDE8F087F8B5002011F0D8FB3D4C4FF4AD
:10FAD000004120600AF0D4FF002202231146206872
:10FAE00011F09AFB0646012300221946206811F006
:10FAF00093FB304608F0F4FD00256060324B2A4647
:10FB00002946009508F04CFE4022114660680EF030
:10FB1000ACFC14230A22012160680BF041F8304646
:10FB200008F0DEFDA0600022284B1146009508F089
:10FB300037FE40221146A0680EF097FC14230022E5
:10FB40000221A0680BF02CF804F10C0010F0CFF8A3
:10FB5000662104F10C0010F037FABDF8000065F3DF
:10FB6000040080B265F34A1080B265F3CF20ADF88F
:10FB7000000080B20090BDF8001004F10C0010F0FD
:10FB800018FA202204F10C0160680AF0B3FF202269
:10FB900004F10C01A0680AF0ADFF00231A460C49DD
:10FBA00020680AF02FFF00231A460A4960680AF00D
:10FBB00029FFA06801B00023BDE8F0401A460549BE
:10FBC0000AF020BFB40000200CCD020800AD0208EE
:10FBD000B5600208D9FB000870B5054607F04BF97F
:10FBE0000446284607F08CF9072C11D109494A68C8
:10FBF000904203D1F0F748FF07A005E089688842EA
:10FC000006D1F6F7D1F908A0BDE87040F3F78AB83D
:10FC100070BD0000B400002047616D65323034389B
:10FC20002073746172740A0063616C656E64617242
:10FC300020696E69740A00001CB502F1080413788B
:10FC4000CDE900349388528800F00CF81CBD0A7886
:10FC500018B1487840EA02207047487842EA00200C
:10FC6000704700002DE9F0411F46DDE906651446A6
:10FC7000F2F734FCF2F7A4FC6743002406F0100608
:10FC800007E029463046FFF7E2FFF2F77FFC641CED
:10FC9000AD1CBC42F5D30448002143880288BDE86E
:10FCA000F0410846F2F71ABCCC0200202DE9F041E1
:10FCB0000446406D0D4600282BD0A968022230F979
:10FCC000217002EB8101465EA87B01280AD1B4F9BC
:10FCD0000C00B84203D1B4F90E00B04202D0201D8E
:10FCE00000F088FC201D00F0E9FC002811D12781DC
:10FCF0006681A87B012804F104000CD000F07AFC96
:10FD0000201D00F0DBFC002803D12089A081608940
:10FD1000E081BDE8F08100F07DFBF1E770B5254C96
:10FD20000546042160680DF0A5F8002828D0E96A8E
:10FD30006068814224D00BF05BFF0646E86A08B198
:10FD40000BF056FF86421CD11EB1606807F0A8FC7C
:10FD50000FE0E86A40B10F21A26807F0D5F8284605
:10FD600000F0ACFC00280BD1D4E901020E2107F011
:10FD7000CBF8284600F0A2FC002801D16068E862B8
:10FD800070BD78B1EB6A53B1A26888B110211846F2
:10FD900007F0BAF8284600F091FC0028F0D1002EB8
:10FDA000E2D0D2E7E86A0028F9D00F21A268EFE795
:10FDB0000F21ECE79C0200202DE9F0470D46044698
:10FDC000897B40794FF0000801292AD0010708D526
:10FDD00020F0080121F00101C4F84480617184F829
:10FDE0000880277AA87B20726868E060D4F8509079
:10FDF0005FEA09007ED007F0AFFCB34E00287060C8
:10FE000078D0A87B08B1A5F80C80484607F0A4FC80
:10FE1000706000286ED0A97B012905D000296AD026
:10FE20000AE1000766D4DCE717B1012F30D003E107
:10FE300011F0DEF9606469680A2909D014291AD022
:10FE400013291BD01B291DD0484607F0EFFCF3E017
:10FE500070680DF023FB20B9102170680DF00AF8CE
:10FE600008B1012700E00027484607F06FFC8743F0
:10FE7000D6D1012163E0A889401E01E0A889401C79
:10FE8000A881D9E01B21484607F0D0FC202156E08C
:10FE90006079C0073DD1606C11F0A4F92168898BAD
:10FEA0008842607933D940F00100607111F0A0F907
:10FEB000A06468680A2819D170680DF0EFFA20B9BB
:10FEC000102170680CF0D6FFB0B1484607F04BFC2B
:10FED00001280BD9484607F039FC80F0010148465B
:10FEE00007F0AFFC202170680BF0C8F9607940F092
:10FEF0000100A0E087E02CE0D6E90102052107F02F
:10FF000003F8201D00F0DAFB00287CD1EEE7C007E3
:10FF10001ED0A06C11F066F92168C98B884217D9F0
:10FF200011F066F9A06469680A2907D01429A2D0E3
:10FF30001329A3D0484607F079FC04E00621D6E94E
:10FF4000010206F0E1FF201D00F0B8FB00285AD1A5
:10FF500072E0012F70D169680A2967D10DF09EFA0D
:10FF600020B9102170680CF085FF80B3484607F077
:10FF7000EDFB002860794FEAC07052D020B14846AE
:10FF800007F0F1FB012847D8D6E90102082106F065
:10FF9000BBFF201D00F092FB00286AD1D6E90102C8
:10FFA000042106F0B1FF201D00F088FB002860D17D
:10FFB000D6E90102072106F0A7FF201D00F07EFB15
:10FFC000002856D10A21484607F030FC2EE0FFE712
:10FFD000D6E90102082106F097FF201D00F06EFB14
:10FFE000002846D16079C00704D1D6E90102042176
:10FFF00006F08AFF201D00F061FB002839D1D6E908
:020000040801F1
:100000000102072100E034E006F07EFF201D00F031
:1000100055FB00282DD109E0202170680BF02EF946
:1000200004E018B90121484607F00BFCC4F84480ED
:10003000607920F001006071C6F80480A88900286A
:1000400017D0484607F082FB0028B5F90C001FD0F6
:10005000002810DA4FF0000406E000BF4FF0140152
:10006000484607F0E3FB641CB5F90C004042A0428F
:10007000F4DCBDE8F087FCDD002404E013214846F1
:1000800007F0D4FB641CB5F90C00A042F6DCF0E7E5
:1000900000280CDA4FF0000403E0484607F048FB64
:1000A000641CB5F90C004042A042F6DCE1E7E0DD5B
:1000B000002403E0484607F0EBFA641CB5F90C0095
:1000C000A042F7DCD5E700009C02002070B5044692
:1000D000806A002870D194F83D00C0076CD14FF4BD
:1000E0000046256A03E028460BF0C8FD0546002DB2
:1000F00062D0314628460CF0BDFE0028F3D1B4F999
:100100001000002801DD014600E041422B4A9268C0
:1001100013689B7E994209DAB4F91210002900DCB9
:100120004942994202DA002121876187218F0844E0
:1001300000B22087618F638A0028194409B2618761
:1001400001DD034600E043421668F67EB34206DC5A
:10015000002901DD0B4600E04B42B3422CDD0123B8
:1001600084F83D30002801DD034600E043420029C9
:1001700001DD0E4600E04E42B34209DD002894F84E
:100180003C0020F0F00001DD20300AE0103008E0F3
:1001900094F83C00002920F0F00001DD803000E000
:1001A000403084F83C000C21284606F0ADFE204685
:1001B000BDE8704000F082BA70BD00009C020020D3
:1001C0002DE9F0410E460446897B4079002701293C
:1001D0001DD0010704D520F0090067646071277203
:1001E000D4F850805FEA08007ED007F0B5FA5B4D86
:1001F0000028686078D0E2687168E160217AB37B9A
:100200002372B37B012B05D0002B7AD0A3E000072B
:100210006AD4E5E711B1012930D09CE010F0E8FF85
:10022000606471680A2909D01B290DD0092915D0ED
:100230000B291BD0404607F0F9FA8CE00A21404612
:1002400007F0F4FA012104E01B21404607F0EEFA22
:100250002021D5E9010206F057FE4AE00021404680
:1002600007F0EFFA404607F013FA42E0002140465B
:1002700007F0E7FA404607F05BFA3AE071680A29AE
:1002800008D10221AA6806F03FFE201D00F016FAF0
:10029000002861D16079C00714D1606C10F0A2FF12
:1002A0002168898B884260790AD940F00100607129
:1002B00070680A284FD110F09BFF0521A064C8E7A1
:1002C000C00748D0A06C10F08DFF2168C98B884210
:1002D00041D910F08DFFA06471680A290FD0092957
:1002E000BCD00B29C2D001E036E00AE0404607F05E
:1002F0009DFA201D00F0E2F900282DD12BE0062107
:10030000A7E7012927D172600A2A1FD10821AA680C
:1003100006F0FAFD201D00F0D1F900281CD160790B
:10032000C00709D1D5E90102042106F0EDFD201D29
:1003300000F0C4F900280FD1D5E90102072106F029
:10034000E3FD201D00F0BAF9002805D1676460794B
:1003500020F0010060716F60BDE8F0819C02002018
:1003600070B5044600680D460988006921826988D5
:1003700061820268117CC1F30111022901D00329B5
:100380000AD111882A88891A491E298001686A8839
:100390004988891A491E69800168097CC1F30111E5
:1003A000012901D0032907D169882A886A80006859
:1003B0004088401A401E28802068006903F050FFE2
:1003C0002068006903F092FFE06C78B1B4F90C206A
:1003D000B5F900108A4205D1B4F90E20B5F9023002
:1003E0009A4203D0B5F902200DF0FDFF2888208144
:1003F000688860812079012804F1040006D000F0AB
:10040000F9F82089A0816089E08170BD00F002F8D0
:10041000F7E700002DE9F041754D0446006A686079
:10042000617809077DD4A968002609680F6930B191
:10043000A16A39BB4FF400510CF01CFD10BB3846CB
:1004400003F024FF211D08F00AFB686070B93846EC
:1004500003F024FF211D08F002FB686030B9384624
:1004600003F02EFF211D08F0FAFA6860606A48B1B7
:10047000268366832046F3F781FB204600F01EF9B1
:1004800000284ED1206A696888423CD0A188218129
:10049000E188618140B10321AA6806F035FD20465C
:1004A00000F00CF900283CD168682062606250B30B
:1004B00010F09EFE20646078012120F00100607041
:1004C000A682E68294F83C0020F0FF0084F83C000D
:1004D00084F83D602687668726826682D5E9010218
:1004E00006F012FD204600F0E9F800287DD1A8684A
:1004F0004179090779D4001DFFF710FC204600F070
:10050000DDF8002871D1A0882189401A02B2228228
:10051000E0886189401A01B26182B4F91800431081
:1005200000E062E0B4F91A0003EB6202401022839B
:1005300000EB61006083A069E0616868002854D026
:100540000221AA6806F0E0FC204600F0B7F8002877
:100550004BD1A8684079000747D42046F3F782FAC8
:10056000204600F0ABF800283FD12046FFF7AEFD53
:10057000204600F0A3F8002837D1A06A002834D123
:100580006078C0071DD1206C10F02CFEAA6811689D
:10059000898B88420FD90521686806F0B5FC204692
:1005A00000F08CF8002820D1607840F001006070E5
:1005B00010F01EFE6064A06A002816D16078C007A3
:1005C00013D0606C10F00EFEAA681168C98B8842C7
:1005D0000BD90621686806F097FC204600F06EF8FB
:1005E000002802D110F004FE6064BDE8F081000034
:1005F0009C0200202DE9F041044640784FF00006AF
:10060000010706D526626662266420F0080066644B
:1006100060701A4D206A6860A76A18B30821AA683A
:1006200006F072FC204600F049F8002824D1B7B942
:100630006078C00709D1D5E90102042106F064FC05
:10064000204600F03BF8002816D1D5E90102072129
:1006500006F05AFC204600F031F800280CD1266242
:1006600026646664002F07D02046F3F787FA2046F9
:10067000BDE8F04100F022B8BDE8F0819C02002006
:100680004279910716D5002141628162C1624164BD
:1006900081640183418390F8403022F0030223F00B
:1006A0000F0380F840308183C1838187C187427105
:1006B00001484160704700009C020020407881079B
:1006C00002D5034A00215160C0F34000704700008A
:1006D0009C0200202DE9F041044690F82A00C00752
:1006E00038D0A08C0721B0FBF1F0E18CB1FBF0F227
:1006F00000FB121200EB40010A4492B2B2FBF0F38D
:1007000000FB13200844E2842085002120460CF0E1
:10071000BEFA0546002120460CF0F3FA0746B5F96B
:10072000085020460BF0FDF906462046FEF7DAFC9D
:100730000246E18CE819414306EBD67005EBD57310
:10074000BDE8F0414010A0EB6300401A01B2104632
:100750000EF040B8BDE8F0812DE9F843856A044603
:10076000802128460CF086FB4D4FFE0CC8B1284670
:100770000BF0CFFB01281DD0022828D0032837D04A
:100780006786E68628460BF0BDFB012847D0022885
:1007900050D003285AD02786A686208E002872D0F3
:1007A00072E0334639463A4604F13000009601F0D3
:1007B000F6FBF2E7E88A0023401C01B232462846E5
:1007C000FDF770FD6086E88A401E02B209E0B5F9C7
:1007D0001A10002332462846FDF764FD6086B5F9FD
:1007E0001A20002339462846FDF75CFDE086C9E75C
:1007F000688BE98A0023401A401C00B200EBD070DD
:1008000001EB600808F1010001B232462846FDF70D
:1008100049FD6086A8F10100002302B2E2E7B5F9C4
:100820001410002332462846FDF7B4FC2086B5F9A3
:10083000142009E0B5F91810002332462846FDF7C8
:10084000A9FC2086B5F91820002315E0288BA98A79
:100850000023401A401C00B200EBD07001EB60088E
:1008600008F1010001B232462846FDF793FC2086CC
:10087000A8F10100002302B239462846FDF78AFCA0
:10088000A0868AE7FFE72786A08E00B9A686608E3D
:1008900000B96786E08E002800D1E686BDE8F883BF
:1008A00001E0FFFF70B50D4C064600200D460A46DC
:1008B00020601D21304606F027FB206858B10178E2
:1008C00039B12946EFF7F9FC28B13046216810F01C
:1008D0006FF8002070BD012070BD00008C02002068
:1008E0002DE9F04188B01F4614460D4606460CF02F
:1008F00007FE002842D0A54240D04FF4B470854294
:1009000002D9A5F5B475ADB2844202D9A4F5B47488
:10091000A4B2B18C4A1995B221448CB2854202D955
:10092000A5F5B475ADB2844202D9A4F5B474A4B2ED
:1009300007AA06A93046FEF774F9394630460BF08F
:1009400073FE80463046394651220CF0FFF804A968
:1009500008B1012200E00022CDE90221CDE90048E2
:10096000BDF81C00BDF91A1082B2BDF918002B4663
:1009700003F04DFD04A930460CF07EFD08B0BDE843
:10098000F0811FB5044603AA02A9FEF74AF96B4697
:10099000BDF90C2002A92046FEF72EFB6946204631
:1009A0000CF06AFD1FBDF0B50546A1F57F408BB088
:1009B0000E46FF3858D0288EB04255D9A86A00EBB1
:1009C000C601684601F054FA03A928460BF0DDF889
:1009D000002128460CF051F80746002128460BF06C
:1009E00081FF044628460BF0D7F803F027FC0A21C4
:1009F00090FBF1F2BA4201DB90FBF1F790FBF1F3CF
:100A00003AB2A34201DB90FBF1F4BDF80C30BDF823
:100A10000000991A0844ADF80000BDF80E10BDF8AA
:100A200002000F1B3844BDF8047000B23B441A4466
:100A3000ADF80420BDF80620ADF8020011442144B1
:100A400009B2ADF80610AA8EB24209D1EA6A32F8AC
:100A50001620920504D5091A491C401AADF8020067
:100A6000694628460CF008FD0BB0F0BD1CB50446E5
:100A700001466846FEF780FA694620460CF0FCFC09
:100A80001CBD2DE9FC470446B0F882000D46A84283
:100A90007CD920460BF05FF8B4F88410484340F34B
:100AA0000F2620460BF070F9074694F888000107DE
:100AB00005D500F00700012806D002286ED0204698
:100AC000BDE8FC470CF0A4BC002120460BF0FCFD67
:100AD0008046002120460BF013FFA28A40441044B8
:100AE000C01B0FFA80F920464FF4A02140F64902BE
:100AF0000CF02CF80FFA80F84FF4003120460CF07F
:100B00004DF90746A08AADF80000E28AADF8022050
:100B1000208BADF8040008EB0700618B121A084423
:100B2000ADF80220ADF80600B4F88200401EA842DD
:100B300017DD06FB05F191FBF0F24A44A2EB080138
:100B4000C91BADF80010691C714391FBF0F14944D9
:100B500001EB08003844ADF80400694620460CF06B
:100B60008BFC002D41D0681E06FB00F1B4F882001A
:100B7000401E91FBF0F24A44A2EB0801C91BADF8FC
:100B800000106E4396FBF0F1494401E02DE005E0D2
:100B900001EB08003844ADF8040022E000212046B3
:100BA0000BF099FEB4F8841048434FEA2028B4F8BB
:100BB000820006EB080191FBF0F675430021204608
:100BC0000BF09EFEA18A28444518694620460AF08B
:100BD000DCFFE81B8119A0EB0800ADF80410ADF8AC
:100BE0000000694620460CF047FCBDE8FC87000089
:100BF0002DE9F74F0D4682B00446B1490CF041F99A
:100C000000287DD12046FEF765F882462046FEF793
:100C1000F3FC5FEA000973D0BAF1000F70D02046F0
:100C2000FEF74EF807462046FEF7DCFCDFF894B2EC
:100C3000064620460021BBF80C200BF087FF00F091
:100C4000FF0820460021BBF812200BF07FFFC0B246
:100C500001902B6807EB0A006FF00102D5F808C07D
:100C600033F8171002EB40001B5A3CF80000184400
:100C7000401A00B200906B6806EB090002EB4000DE
:100C800033F816101A5AEB68185A1044401A0FFA23
:100C900080FB002120460BF0D5FC01280AD1B8F1D9
:100CA000000F03D0B8F1020F02D003E0022000E0F1
:100CB00000208046208BA18A401A401C0FFA80FA3F
:100CC000608BE18A401A401C0FFA80F94046B8F167
:100CD000010F1BD0022824D02868B8F1030F30F987
:100CE000170028D18046608CDDF800A040F48060B9
:100CF0006084019801287DD0022879D0032800E083
:100D0000DAE0686830F9167073D119E02968009844
:100D1000A0EB0A0031F8171000EBD07001EB600077
:100D200008E020460CF05DF8296831F8172000999A
:100D30001144081A00B28046608C20F48060D7E726
:100D4000608CD94640F40070608420460CF049F86D
:100D5000504504D120460AF050FF484527D0A08ACC
:100D6000ADF80000E08AADF80200208BADF8040079
:100D7000608BADF8060020460CF04AFB04F114002D
:100D80005146054601F017F94946284601F00EF98B
:100D900020460CF03DFB6A462921204606F0B4F8B7
:100DA00020460AF06BFF2246222106F0ADF82046CD
:100DB000002143F20C020BF0C9FE06B220460021CE
:100DC00043F20D020BF0C2FE05B220460CF009F80A
:100DD000814620460AF011FF0146C6F341306422E5
:100DE0004FF4FA634FF47A7C01281BD027E001E02E
:100DF0000AE013E06968ABEB090000EBD07031F852
:100E0000161001EB600008E020460AF0F6FE696863
:100E100031F8162002EB0B01081A07B2608C20F49F
:100E2000007091E726F4C040984208DC604501DD7F
:100E3000C0F57A7000FB09F090FBF2F006B2C5F342
:100E4000413001280BD125F4C040984207DC6045B1
:100E500001DDC0F57A70484390FBF2F005B2049AC8
:100E600008EB0600791912891044A28A801A05B28B
:100E7000049840890844E18A401A06B255EA0600FF
:100E80001AD020460CF0C4FAA08A2844A082208BF5
:100E900028442083E08A3044E082608B30446083C1
:100EA00020460CF0B5FA05B0324629462046BDE88A
:100EB000F04F01230CF05CBB05B0BDE8F08F0000E3
:100EC00001000600F40000202DE9F0410646154619
:100ED0000F46002005E039462046B04701280AD0D9
:100EE000204611F0BFFA040002D060688000F2D101
:100EF0000020BDE8F08105B12C600120F9E70388EE
:100F00000A88934201D0981A704740884988401A4D
:100F1000704703780A78934201D0981A7047407856
:100F20004978401A704700002DE9F041426809688D
:100F300022F040428A4227D10446FDF769FEDFF8DD
:100F40004C800546D8F80820131BA2EB05005E1B59
:100F5000C8F8080015D0274661193246384609F00E
:100F600079F906E0A068401BA0602046FDF750FE1E
:100F70000444D8F808008442F4D1B819294609F08D
:100F800047FA0120BDE8F0810020FBE7D0000020F7
:100F900070B5054605F06FFF0446284605F0B0FF22
:100FA00006460AF06BFE05462A2C01D0292C0BD1EF
:100FB0000021304608F0D4FD284611F047FC2846B1
:100FC000BDE8704012F0ACBC70BD000070B50546C5
:100FD0000AF055FD0646002406E0A868006850F8AF
:100FE0002400FFF7F3FF641CB442F6D3688CC107FA
:100FF0001ED020F00100688428460CF0E4FC28464E
:101000000CF001FC002E13D0002128460BF0BBFB96
:1010100000280DD007494968884209D8064909685F
:1010200001EBC00050E902212846BDE8704010479E
:1010300070BD0000B00200202002002038B59BB235
:10104000049C92B289B280B20094F1F775F838BD71
:101050002DE9F0478046089D1F46E86900FB01F333
:101060009B12002807DD934207DD00BF95F828009A
:1010700080070DD48BE09342F8DBCB1943439B12DE
:10108000002808DD934239DA95F8280080077ED4DD
:101090000120BDE8F0879342F6DCA869521C50435A
:1010A00040F395000312C0B2FF22002828D000BFF1
:1010B0006E6AC0F1FF0404FB06F4A2EB242600BF15
:1010C000A3EB0104A14636D0002C15DBBC4213DA99
:1010D000C0F1FF00C6F1FF014843A2EB6020C1B29E
:1010E00095F82800800701D5C1F1FF0118F8040028
:1010F00011F08EF808F80400641C1CE0A869CEE723
:101100004FF0FF06DCE7002C10DBBC420EDAA6EB4A
:101110006000C1B295F82800800701D5C1F1FF0138
:1011200018F8040011F074F808F80400686A641CE8
:10113000361ABC4202DA686AB042E4DBBC4218DA12
:10114000002C16DBA869704380127043C0F347215E
:10115000E869002801DAC1F1FF0195F8280080074D
:1011600001D5C1F1FF0118F8040011F051F808F899
:10117000040095F82800800707D54946B94506DCE4
:1011800000290DDB404609E001E0641C01D5002088
:101190007FE7BC4204DC391B08EB040009F038F996
:1011A000022076E72DE9F05F06460A9F8A461D4633
:1011B000B86900FB02F18C12002800DD641C97F86E
:1011C0002830544502DA980707D4D5E08C120AEB90
:1011D000050CA44502DA98077ED483E0521C4243F2
:1011E00041F3950142F395044FEA2129221204F0BC
:1011F000FF08C9B2A9EB0A04914505D0002803DA1B
:1012000011B9FF219146641E914528D1002C0CDBB9
:10121000AC420ADA01EB08004108980701D5C1F198
:10122000FF01305D10F0F4FF305597F82800641C82
:10123000800706D5A9EB0A01A9424DDA8EE03046B7
:101240000AE0AC4200DD2C46002C45D006DD00BF94
:10125000A5EB040106EB040009F0DAF889E04FF091
:10126000FF0B002844DAF869404248434FEAA028BF
:10127000002C0DDBAC420BDA08FB01F0C0F3472178
:10128000980701D5C1F1FF01305D10F0C1FF305565
:10129000B969A8F1FF0041438812641E11D4AC4221
:1012A0000FDAC8F1FF014143ABEB6120C1B297F8FF
:1012B0002800800701D5C1F1FF01305D10F0A8FFC3
:1012C000305597F82800A41C800709D5A9EB0A011E
:1012D000491EA9424DDC00E04EE00029AFDC48E0A9
:1012E000AC4202DD0120BDE8F09F002CB0DA40E006
:1012F000C1F1FF00F96941434FEAA128002C0EDB40
:10130000AC420CDA00FB08F0ABEB6020C1B29807EE
:1013100001D5C1F1FF01305D10F07AFF3055B96998
:10132000C8F1FF0041438912641C0ED4AC420CDAB0
:101330004843C0F3472197F82800800701D5C1F141
:10134000FF01305D10F064FF305597F82800641CF1
:10135000800707D5A9EB0A01A9420DDC0029BFF6D9
:101360006EAF06E0AC4200DD2C46002C04D03FF707
:101370006FAF4FF00200B6E74FF00000B3E77CB567
:10138000446A07F04FFA054607F091FA04280CD199
:10139000E18E204621870AF02BFC064606F0D6F99E
:1013A00018B10021304606F04CFA284607F07FFAC3
:1013B000012804D0284607F07AFA03280AD101A9A7
:1013C000284607F049FABDF906102046FDF740FD12
:1013D000E0862087204605F02CFAA06A10B9204646
:1013E0000CF016F8E08E00906A461C21204605F0AD
:1013F0008BFD7CBD2DE9F04107468846002612484A
:10140000F2F747FD044619E021460F48F2F753FD75
:1014100005462068B84200D07FB96168414502D0D6
:10142000B8F1000F09D121460748F2F79CFD20468C
:1014300008F0A4FEF3F7CAFF01262C46002CE3D1E6
:101440003046BDE8F0810000DC38002070B505466C
:101450000C460948F2F71DFD0BE00168A94204D1D2
:101460004168A14207D0002C05D001460248F2F79E
:1014700022FD0028F1D170BDDC38002010B50446F3
:10148000402108F0C5FF4FF4FA70A0620020E0612F
:10149000642060620120A0870448A06194F83E00A7
:1014A00040F0010084F83E0010BD0000171501084F
:1014B00038B504464FF480650095D4E90A2000232E
:1014C000194608F0BFFD4FF46E73322200210095DB
:1014D00000F016FFE269616A891A414302EBA1201C
:1014E00038BD38B504464FF480650095D4E90A202C
:1014F0000023194608F0A6FD40F2B6334FF461729E
:101500000021009500F0FCFEE269616A891A4143FE
:1015100002EBA12038BD38B504464FF4806000903E
:10152000D4E90A200023194608F08CFDE269616ABB
:10153000891A414302EBA12038BDD0E90A128A4240
:1015400001DB406A7047C06970478B1A002B00DCD2
:10155000531A4FF47A714B43B3FBF0F0002800D1DB
:101560000120704770B54168054611B12868FFF742
:1015700041FF1948F2F7EEFC184E10B10FF038FE9B
:1015800070601548F2F7AAFC040024D040222946D6
:1015900008F060FE2868A84200D12460717894F8B1
:1015A0003E0061F3820084F83E00C0070FD021693D
:1015B00039B120468847E1690144E161616A084424
:1015C000606262681AB1206808B1E1699047F3F778
:1015D000FDFE204670BDFEE7DC380020140200202E
:1015E00010B500200C468884872161852D22A285B4
:1015F000E18449002185A18E21F00601A1864FF4E6
:101600000041E185A18E2086642041F008016086BA
:1016100088B220F00100A0861001E0860FF0E8FDFE
:10162000A063208DA0870221204609F029FA4FF4FB
:101630004071204609F0E8FD2046BDE810400D212C
:101640000CF0ECBD2DE9F04FAFB0044605F058FCAE
:101650000746204605F015FC2A9028AA2CA93846F2
:10166000FDF7DFFA06A82A990AF036F8BDF9A000BE
:10167000DFF888810DF1B00A0DF1080B00282DDD8F
:10168000584602F0A5FE02AA002138460BF032FCB3
:101690000020CDF83CA01390CDE90780BDF8A00054
:1016A000ADF8540006AA1A213846CDF838B005F036
:1016B0002BFCB98DB88C7A8D0144104489B280B26C
:1016C000CDE90001BDF854302CAA02A92A9802F0F5
:1016D0006FFE06AA1B21384605F016FC4FF40039B0
:1016E000494638460BF01AF90646494638460BF08B
:1016F00070F90546494638460BF0D4F90446494688
:1017000038460BF094F8AE4201DD314600E0294640
:10171000844201DD224600E00246914205DDAE42F0
:1017200001DD304604E0284602E0844200DD204628
:10173000BDF8A010081A04B2002C34DD02A802F093
:1017400047FE02AA4D46494638460BF0D3FB01201E
:10175000CDF83CA01395CDE90780ADF8544006AA1A
:101760001A213846CDF838B005F0CEFBBDF90A1085
:10177000BDF95400814201DDADF80A00398DB88C05
:10178000FA8C0144104489B280B2CDE90001BDF861
:1017900054302CAA02A92A9802F00AFE06AA1B219C
:1017A000384605F0B1FB2DABBDF9A0202CA9384679
:1017B000FDF722FC18A804F055F84FF4403418AA9D
:1017C000214638460BF0C9FC02201394CDE907806E
:1017D0002DA8099018A80A9006AA1A21384605F0E3
:1017E00093FB2DAA18A92A9804F028F806AA1B2111
:1017F000384605F089FB2FB0BDE8F08FC04A0308DA
:101800002DE9F04786B08A46F7480AF010F901281A
:101810007ED1504605F02FFB0646504605F070FB82
:101820000546504605F06CFB0446022E11D0082EEA
:101830006FD0032EFCD00D2E6CD0112E6BD0132E3A
:101840006AD0152E64D106B05046BDE8F047FFF7C8
:10185000F9BE06F0E7FF06005AD007F028F8012885
:1018600056D101A9304606F0F7FF03AA02A928467F
:10187000FDF7D7F9BDF80400BDF80810401AADF81F
:101880000400BDF80600BDF80A10401AADF80600C5
:1018900094F83400C00744D14FF4003128460AF0D0
:1018A000C3FE0646BDF80C004FF48031801BADF836
:1018B0000C0028460BF0DEFA10B1BDF80C0008E071
:1018C000BDF90C00C11700EB9171B6EBA10F00DA66
:1018D0008E10801BADF80C0000B2012802DA012046
:1018E000ADF80C00BDF8040010FB00F1BDF80600D7
:1018F00010FB0010BDF80C1011FB01F1884206DD51
:10190000A08E40F00100A0860FF072FCA06304E0FE
:1019100086E099E0B2E0D5E015E194F83400C00724
:101920007ED0BDF9041019B9BDF80600002877D0A3
:10193000B4F92C60628DB0B2904202D200F5B4705E
:1019400006B2BDF9060000F03BFBA18C628D401A87
:10195000801A00B2002802DA00F5B47000B2B11AA1
:10196000A38F09B29A1A0FFA82F8A0EB080212B2FA
:1019700002F58C72B2F50C7F07D994F83400000799
:1019800001D500200DE008460BE001EBD171B0EB72
:10199000610FA18E02DA41F0080101E021F0080197
:1019A000A186A0EB080007B2A06B0FF01BFCE18E34
:1019B00041434FF47A70B1FBF0F000B2874201DD91
:1019C000074603E04042874200DA07B2618DB4F96E
:1019D0003220B4F9303008EB0700A6EB010CD71A1F
:1019E0004FEACC0C9CFBF7F73F1D00EB2710B4F936
:1019F0002E700844009200B2324608F023FB06B273
:101A0000B5F92E00B04211D00FF0F2FBA0633146C1
:101A1000284600F0F5F9BE4208D000221C2100E063
:101A20000FE0284605F070FA01280AD1B4F9300019
:101A3000B04203D0B4F93200B04202D10FF0D8FB6B
:101A4000A06306B0BDE8F087A08E20F00100A0865C
:101A500028460AF0CDF8054605F078FE044606F063
:101A6000E1FE06F024FF0428EBD1002CE9D006B0FB
:101A70002846BDE8F047002105F0E3BE504605F0DA
:101A800036FA0078B4F92E60132806D0112804D055
:101A9000142805D0122803D008E0E88D401C01E08E
:101AA000E88D401E01B2284600F0AAF9B4F92E00D4
:101AB000B042C6D006B02846BDE8F04700221C213F
:101AC00005F022BA504605F012FA044604AA03A90A
:101AD0002846FDF7A6F8A868002608B1B0F91460FA
:101AE000002128460AF0A0FD0546BDF8101030443C
:101AF000081ABDF80E20ADF81000111809B20091B7
:101B0000BDF80C10121A0B18081A01B21BB212B24F
:101B100001A800F044FA47F6FF773A4601A8216889
:101B2000F1F74EFA08B100200BE005EB460002B2D7
:101B3000114601A800F019FA3A4601A82168F1F708
:101B40003FFA20717DE7002128460AF0E7FE0746AC
:101B5000002128460AF03DFF0646002128460AF0EB
:101B6000A1FF0446002128460AF061FEB74201DDCC
:101B7000394600E03146844201DD224600E002465B
:101B8000914205DDB74201DD384604E0304602E00F
:101B9000844200DD204680464FF4403949462846BD
:101BA0000AF0BCFE0446494628460AF012FF0746E2
:101BB000494628460AF076FF0646494628460AF076
:101BC00036FEBC4201DD214600E03946864201DD99
:101BD000324600E00246914208DDBC4201DD20466B
:101BE00007E0384605E00000C04A0308864200DDF1
:101BF0003046801C04B2504605F079F9B0F9001067
:101C0000A4EB0802914200DC1146018019E770B58F
:101C10000C460546114600F07EF821462846BDE8F0
:101C2000704000F0B4B870B50C460546114600F09F
:101C300006F821462846BDE8704000F036B870B579
:101C40004FF4B47305460C46994202D9A1F5B47419
:101C5000A4B2A88D698D421A611A12B209B2002A83
:101C600002DA02F5B47212B2002902DA01F5B47197
:101C700009B28E1AB4369E4203D928460BF0C8FB2F
:101C80000DE0914203DA00230246214604E08A4235
:101C900005DA0023224601462846FEF721FE2846A3
:101CA000AC85BDE8704014F0E3BB70B54FF4B4737D
:101CB00005460C46994202D9A1F5B474A4B2A98D87
:101CC000688D0A1A091B12B209B2002A02DA02F55B
:101CD000B47212B2002902DA01F5B47109B28E1A97
:101CE000B4369E4203D928460BF092FB0DE0914298
:101CF00003DA00232246014604E08A4205DA002383
:101D0000024621462846FEF7EBFD28466C85BDE8D5
:101D1000704014F0ADBB70B54FF4B47305460C467B
:101D2000994202D9A1F5B474A4B2288DE98C421A63
:101D3000611A12B209B2002A02DA02F5B47212B2C2
:101D4000002902DA01F5B47109B28E1AB4369E4246
:101D500003D928460BF05CFB0DE04FF400339142B1
:101D600002DA0246214603E08A4204DA22460146AC
:101D70002846FEF7B5FD2846FEF703FE28462C85CB
:101D8000BDE87040FEF7FDBD81840BF041BB70B52E
:101D90004FF4B47305460C46994202D9A1F5B474C8
:101DA000A4B2298DE88C0A1A091B12B209B2002AC2
:101DB00002DA02F5B47212B2002902DA01F5B47146
:101DC00009B28E1AB4369E4203D928460BF020FB86
:101DD0000DE04FF40033914202DA2246014603E05F
:101DE0008A4204DA024621462846FEF779FD284653
:101DF000FEF7C7FD2846EC84BDE87040FEF7C1BD84
:101E0000B0F92E308B420ED0B0F932208A4200DA7F
:101E10001146B0F930208A4200DD11468B4202D0D3
:101E2000C18514F025BB70470A8802804A88428029
:101E30008A888280C988C18070470A8802804A885F
:101E400042808A888280C988C18070470A8802805F
:101E50004A8842808A888280C988C18070470A88FF
:101E600002804A8842808A888280C988C1807047FF
:101E70000A8802804A8842808A888280C988C18014
:101E800070470A8802804A8842808A888280C9888E
:101E9000C18070470A8802804A8842808A8882808E
:101EA000C988C18070470A8802804A8842808A882F
:101EB0008280C988C18070470A8802804A8842802F
:101EC0008A888280C988C18070470A8802804A88CF
:101ED00042808A888280C988C18070470A880280CF
:101EE0004A8842808A888280C988C1807047C188B8
:101EF0004088081A401C00B27047C1884088081A00
:101F0000401C00B27047C1884088081A401C00B2CB
:101F10007047B0F90410B0F90020891AB0F9062012
:101F2000B0F90200101A401C491C484370478188D0
:101F30000088081A401C00B2704781880088081A7F
:101F4000401C00B2704781880088081A401C00B20B
:101F5000704781880088081A401C00B27047818849
:101F60000088081A401C00B2704703885B1A03807F
:101F70008388194481804188891A4180C18811442D
:101F8000C180704703880B44038083881944818093
:101F9000418811444180C1881144C180704710B507
:101FA000029C018042808380C48010BD4288491E0B
:101FB0001144C18070470288491E114481807047D6
:101FC0000022002801DA01224042002901DA4942B8
:101FD000921C884207D9C1EB011101EB4101B1FB11
:101FE000F0F3103205E0C0EB001000EB4000B0FB56
:101FF000F1F30020D9B216290BD92C2900D80120E1
:10200000292900D8401C252900D8401C20290BD99B
:102010000BE0022900D30120062900D3401C0A2925
:1020200000D3401C0F2900D3401C1844D10601D511
:10203000C0F15A0091074FEAC27105D509B1B43019
:1020400005E0C0F1B40002E009B1C0F5B47080B29F
:102050007047C16000680BF0DBB900684FF0FF32D9
:102060000168C26001F13C02904202D182684A627A
:1020700005E001F14C02904201D182680A630068D8
:102080000BF0C6B910B50C4600206421C4E90A0162
:1020900020636062A0862087E086608784F85C0009
:1020A00004F13C01204600F0A6F804F14C01204662
:1020B00000F0A1F80821204609F0A6F810212046DA
:1020C00009F0A2F820460022BDE81040114600F0B9
:1020D000BEB810B50C46002104F13C00FFF78AF9A8
:1020E00004F14C00BDE810400021FFF783B9000067
:1020F0002DE9F0410D46314809F099FC012854D1F1
:10210000284604F0B8FE0446284604F0F9FE80464E
:10211000132C0AD0012C4AD0082C48D0152C44D1BD
:102120002846BDE8F041F6F757BC4FF4003108F0FF
:102130003BFF0446284604F0DAFE0546B0F90000ED
:10214000A04200DD04462C80002140460AF0EDFB51
:102150000746002140460AF043FC0646002140465F
:102160000AF0A7FC0446002140460AF067FBB7428C
:1021700001DA394600E03146844201DA224600E0C5
:102180000246914205DAB74201DA384604E03046A9
:1021900002E0844200DA2046002806DAB5F9001091
:1021A0004042814200DC01462980BDE8F08108F10F
:1021B00034014046BDE8F0410BF05EB9DC4A03084B
:1021C00090F85C0000F00300704790F85C1001F09C
:1021D0000301022901D0806A7047816D491C01D03A
:1021E000406D7047006B7047816C491C01D0406C9A
:1021F0007047406A70470860002048608860401E51
:10220000C860704738B5134690F85C2002F00302AE
:10221000022A1BD1D0E90A428A4201DD0D4600E0C4
:102220001546AC4201DD214602E08A4200DC11463F
:10223000426A8A4200DA1146026B8A4206D0009353
:1022400000F14C0300F1300200F022F838BDF8B57F
:10225000456A13468D421AD0D0E90A428A4201DD0E
:102260000E4600E01646B44201DD214602E08A42F5
:1022700000DC1146026B8A4200DD11468D4206D019
:10228000009300F13C0300F1240200F001F8F8BDD6
:1022900030B591B0054614981C4618B3E068401C50
:1022A00027D0A068C4E90101116000211846FFF79A
:1022B000A1F86846FFF7E2F80F484FF48071CDE9C6
:1022C00000400020CDE9080107900C480390284603
:1022D000002165220AF03AFC0A906846FFF742F9AD
:1022E00011B030BD116011B02846BDE830400BF090
:1022F0008FB81068D6E70000532001085B20010862
:10230000F0B5C0F5806404FB04F5AD0A05FB04F6E6
:102310004FEA962C00FB00F6B60A06FB00F7454391
:102320005543BF0A0CFB01FC74434FEA9C2105EBAB
:1023300045005C43DDF814E004EB440201EB10506F
:1023400007FB0EF700EB125000EB9720F0BD10B525
:102350000C461021204608F057FF2046BDE81040EB
:102360004FF4806108F08CBB10B50146034808F0BB
:10237000A3FE044608F00EFF204610BDF84A0308ED
:1023800070B50446008E154688420FD9E06A30F8D1
:102390001120AA4320F811202046FEF704FBA805CF
:1023A00004D52046BDE870400BF064BC70BD70B52C
:1023B0000E460546002406E0324621462846FFF731
:1023C000DFFF641CA4B2288EA042F5D870BD0000C7
:1023D00008460021018641864FF6FF72828681629F
:1023E000C162416280F83610014900F015BB00005F
:1023F0007002002010B50146034808F05DFE044657
:1024000008F0C8FE204610BD144B030810B50C465A
:10241000886A07F0B3FEE06A07F0B0FE0020A06211
:10242000E06210BD2DE9FC478846FE4809F0FFFA3E
:10243000012827D1404604F01EFD0646404604F020
:102440005FFD00270446132E1ED02A2E4BD0292EC6
:1024500049D04FF6FF75012E49D0022E7CD0082EB0
:102460007BD0062E7AD0032E79D00E2E78D00F2E68
:1024700077D0102EFCD00D2E74D0152E02D14046F0
:10248000F7F7EAFBBDE8FC87404604F030FD8146E3
:10249000608EA04620B30025D8F8246014E000BF69
:1024A000D8F82C0030F81500C0F3402050B1608EF1
:1024B00028B1204609F035FB618E90FBF1F0A9F8B8
:1024C0000000DFE76D1CADB256F8250040B1D6A183
:1024D000EDF7F3FE20B156F8250000780028DFD193
:1024E000A9F80070CEE7616A00F096FACAE74046A4
:1024F00004F0FDFC06462046A18EFEF754FA06F0D5
:1025000091F906F0D4F9012801D0032817D16946C2
:10251000304606F0A1F969462046FCF7A7FAA84222
:102520000DD0E16A31F81010C1F340123AB9C1F38D
:10253000C00121B9A08601462046FEF734FAA18EDB
:10254000A9429FD0E06A30F81100C0F30022002AAF
:1025500098D1C0F340229EE00CE053E093E0A2E06B
:10256000A3E0E1E0E7E000BFC0F3C000002889D1AC
:10257000019141E0404604F0BAFC074606F052F9EA
:10258000064606F094F904289BD0022899D06946A3
:10259000304606F061F969462046FCF767FA0646C0
:1025A000A18E2046B1428CD0A94201D0FEF7FBF9A2
:1025B000A686384606F028FAAE4293D0E06A30F894
:1025C0001600C0F3401100298CD1C0F3C0000028D0
:1025D00088D131462046FEF7E6F9E06A30F8161059
:1025E000C1F300210029B3D1A18E30F81100C0F34E
:1025F00040200028ACD1019601AA1C21204604F0FD
:1026000083FC3FE7A18EA94238D0E26A32F811007C
:10261000C0F38013B3B1C0F340139BB9C0F3C01330
:102620001BB194F83630DB0714D040F0800000BFB7
:1026300022F8110094F83600C00703D02046A18E7E
:102640000FF04CFBA18EE26A32F81100C0F30022B9
:1026500032B902E020F08000EAE7C0F340226AB11C
:10266000C0F3401252B9C0F3C00038B9019101AAB9
:102670001C21204604F048FC0128C2D12046A18E2E
:10268000FEF791F9FEE6A18EA942BAD0E06A30F8D1
:102690001100C0F30012002AB3D1C0F34012002A87
:1026A0003FF462AFEEE6A18E41E0404604F01FFC2D
:1026B000074606F0FCF806462FB9002006F0BCF8E5
:1026C00006F0F5F80646204609F092FA05F03EF8C5
:1026D000A18EA94295D1022E02D0042E29D140B359
:1026E00094F836100020E26AC90701D110E0401CBE
:1026F00032F81010C1F3C003002BF8D1C1F340131E
:10270000002BF4D1C1F3C0110029F0D00AE0401C25
:1027100032F81010C1F3C003002BF8D1C1F34011FF
:102720000029F4D1A086ADE6A18EA94201D0FEF722
:102730003AF9A586A6E6A18EFEF735F9404604F0E3
:10274000D6FB0078132813D0142831D004264FF07C
:10275000020912284AD0112890D1002120460AF0FF
:10276000C1F8A28E8446AA425BD1A786E26A9AE0AB
:10277000A08EA84201D1A78601E0401CA086A18EB0
:10278000208E814200D3A786E26AA18E32F8110022
:10279000C0F3C0033BB1491C88B2A086218E884299
:1027A000F3D3A786F1E7C0F340100028F3D165E723
:1027B000A08EA84201D1A78600E000B9208E401E5D
:1027C000A086E26A06E011B1491EA18602E0208ED1
:1027D000401EA086A18E32F81100C0F3C003002B6A
:1027E000F1D1C0F340100028EDD147E70021204689
:1027F0000AF078F88046A08E0146A8421BD1A78631
:10280000E26A06E0491C88B2A086218E884200D385
:10281000A786A18E32F81100C0F3C003002BF1D1BE
:1028200004E04CE0144B03080A000000C0F3401021
:102830000028E7D122E7A26A06EBC103D35A32F897
:1028400030505B1B5B1C43F34E032B440FFA83FC9D
:10285000238E1CE009EBC00709EBC105D75F555F6C
:10286000AF4212DD32F9305065450EDC06EBC00593
:10287000555F4544654508DBE56A35F81070C7F3D8
:10288000401515B9C7F3C0051DB1401C80B2834285
:10289000E0D8834245D8F1E6491C88B2A086218E53
:1028A000884200D3A786A18E32F81100C0F3C0037E
:1028B000002BF1D1C0F340100028EDD1DEE6A16A73
:1028C00006EBC200085A31F83230C01A401C40F3FF
:1028D0004E00184405B2B4F934001DE009EBC007FE
:1028E00009EBC203CF5FCB5E9F4213DA31F9303080
:1028F000A3EB0C03AB420DDC06EBC003CB5EAB429B
:1029000008DBE36A33F81030C3F3401717B9C3F399
:10291000C00323B1401E00B20028DFDAAEE6002873
:1029200088DBA086AAE600002DE9F0410F46A1F55C
:102930007F41FF3918D00546008EB84214D30024D9
:1029400026460CE0641C686AA4B2761CB6B250F845
:10295000240009A1EDF7B1FC08B9641CA4B2BE4281
:10296000F0D1288EB04202D10020BDE8F081686A23
:1029700050F82400F9E700000A000000808E70473C
:10298000038E8B4204D9C06A30F81100824301D013
:10299000002070470120704770B50446008E0E4637
:1029A0001546B0421AD994F83600C00705D028065B
:1029B00003D580212046FFF7FAFCE06A30F81610B4
:1029C000294320F8161031462046FDF7ECFFA805F4
:1029D00004D52046BDE870400BF04CB970BD70B511
:1029E0000E460546002406E0324621462846FFF7FB
:1029F000D3FF641CA4B2288EA042F5D870BD10B5D8
:102A00000446008E4200E06A07F024FC2046616A1A
:102A1000BDE81040AFF300802DE9F34F97B00D00F3
:102A20007BD0179C2046F2F78DFB6562002141F2B6
:102A30006A4217980AF08AF8C0B2129000211798DB
:102A400009F07AFF0B90002117980AF039F80F90DF
:102A5000002117980AF011F802900021179809F048
:102A600041FF0990179809F076F80490179809F03B
:102A700058F8618E0027C1F101020299A94601FBB5
:102A8000020000B21090384686E000BF4FF0000B05
:102A90005D460AE0E06A791930F81100FCF7B3F8F6
:102AA00058446D1C1FFA80FBADB259F8250040B1A7
:102AB00042A1EDF702FC20B159F82500007800286A
:102AC000E8D15DB31099608E01FB08F1B1FBF0F223
:102AD0000F995318029A08FB023109B20891109914
:102AE00008F101025143B1FBF0F10F9A0298491E1F
:102AF00008FB0020084400B2149009990498C5F11D
:102B0000010201FB020000B20E90002801DA002051
:102B10000E904FF0000A564636E04BE0FFE709F111
:102B2000040036E0E06A30F81700FCF76CF80E9904
:102B300001FB0AF1B1FBFBF20999824406FB01217A
:102B40000E9A09B20AFB02F0B0FBFBF0099A401E94
:102B500006FB0200129A00B2012A06D10A46049925
:102B6000081A01B20498801A00B20B9A104403B2FA
:102B7000149800901144A06A09B200EBC700089AAB
:102B8000FFF70DFA761C7F1CAE42CBD309EB850014
:102B9000001D814608F101008046608E40453FF6E9
:102BA00075AF17980BF066F8179819B0BDE8F04F9D
:102BB0000AF02EBC19B0BDE8F08F00000A0000003A
:102BC00080F8361000210FF089B870B50446008EE9
:102BD0000D46A84203D8A5F57F40FF380AD120460C
:102BE000A18EFDF7E0FE2046A5862946BDE870408F
:102BF000FDF7D9BE70BD00002DE9F0410F460C462F
:102C000040F2E4712185012084F82A0084F82B0029
:102C1000A18584F82E0084F82F0000202063A08670
:102C2000A82104F58C7007F0F3FB002108462D4B1A
:102C3000782506E028B14207B2F1604F08D0082895
:102C400008D253F8202000BF04EB8006B2630CE0EA
:102C500025A2F9E704EB810204EB800682F8185103
:102C600002F58C72491CC9B2B263401CC0B238284C
:102C7000E0D31EA0C4F814013846FFF7BBFB04F1F3
:102C800038016062FFF7C8FE54F8240F4FF48871D2
:102C9000FFF7A5FE00231A221549206807F0B2FEAF
:102CA00042F2640120680BF067FD012138460BF009
:102CB000D9FA012120680BF0E5FA94F90A2021895C
:102CC000384600F025F894F9073094F90620A188D9
:102CD000384600F0BBF82068BDE8F0414FF4804171
:102CE00007F0CEBE2C0100200A000000000000000A
:102CF000C1AE000810B50146034808F0DDF90446EE
:102D000008F048FA204610BD70CE02082C307047FB
:102D10002DE9F05F044688B2A08555B284F82E50A4
:102D2000012184F82F1082462021606AFFF73FFBC3
:102D3000002620223146606AFFF72EFE761CF6B28E
:102D4000072EF6D3564629463046FCF76FFA8346DF
:102D5000012229463046FBF7C7FF064607464FF0DB
:102D600001080BEB06090EE004EB8700434636A290
:102D7000042100F58C700CF075FD7F1C08F101003A
:102D8000FFB200F0FF08B945EED8691E5046FCF7C7
:102D90004DFA0025801B401CC7B211E004EB8500F2
:102DA0003B4629A2042100F58C700CF05BFD20222B
:102DB000E91D606AFFF7F0FD6D1C7F1CEDB2FFB2EC
:102DC000B542EBD306EB0B00C5B2012712E000BF02
:102DD00004EB85003B461CA2042100F58C700CF02E
:102DE00041FD2022E91D606AFFF7D6FD6D1C7F1CA6
:102DF000EDB2FFB22A2DEBD32046FCF716FE606A37
:102E0000FFF7BCFDA0F57F41FF3903D0F11D606ADB
:102E1000FFF7DBFE20460AF0FBFA204608F02FFE03
:102E2000064600250CE02946204608F016FE616A99
:102E3000814203D022461C2104F066F86D1CEDB2DD
:102E4000B542F0D3BDE8F09F25640000018580F80D
:102E50002A2080F82B30FCF7E8BD10B50C46102175
:102E600004F12400F1F732F8102104F13000F1F7F9
:102E70002DF8002024F86C0F208160806081642090
:102E8000A080A081E080E081032060820520A082F4
:102E90000A20E08247F6FF702082207F20F00700A2
:102EA000401C20F0080020774FF48070208360835E
:102EB00010BD000070B50C4601F1240610E000BF03
:102EC000F0F7E7FF0546007B400702D4686807F08B
:102ED00055F929463046F1F746F8284607F04EF9ED
:102EE000A06A00283046EBD1F0F7BDFF04F13005B1
:102EF0000AE000BFF0F7CDFF064601462846F1F78D
:102F000032F8304607F03AF9606B00282846F1D1D4
:102F1000BDE87040F0F7A7BFF8B50D467E4808F051
:102F200086FD012874D1284603F0A5FF06462846F1
:102F300003F0E6FF0446012E2DD0082E69D0292E7D
:102F400068D0132E67D02C2E7ED0152E7FD1284628
:102F500003F097FF054601462046F5F7D7F92646C8
:102F6000002229462046FAF78FFA012229463046E8
:102F7000FAF78AFA022229463046FAF7EDF80422D7
:102F800029463046FAF7E8F804F12400F0F7E2FFAA
:102F9000002871D0B9E005F045FC694605F05CFCFD
:102FA000BDF80010A08A2546081AADF80000284692
:102FB00008F0EAFEBDF800104618284608F0CBFDE0
:102FC000B5F88410484340F30F270021284609F044
:102FD00097FC301A00B20026002822DBB84203DD3D
:102FE000B5F88260761E1CE095F8881001F00701A4
:102FF000012902D002290FD013E0B5F88210491E32
:10300000414307EBD77001EB600090FBF7F608E057
:103010001DE01DE024E027E0B5F88210414391FB5C
:10302000F7F6B4F87C00B04211D0B1B22046FDF7FB
:1030300028FD2046B4F87C10FDF723FD0022204631
:10304000A4F87C601C2100E031E003F05DFFF8BDD6
:1030500034F87C1FFDF715FD47F6FF702080F8BDA2
:10306000BDE8F8400AF032BEB4F94020B4F94C0093
:10307000824202DD164601E02EE0064634F9581F72
:10308000B4F90C30994201DD0C4600E01C46A64222
:1030900005DD824201DD114604E0014602E099426D
:1030A00000DC19462846BDE8F84003F04DBF28462D
:1030B00003F01DFF0546204608F04DFDB4F88410CE
:1030C000484300122880204608F02BFDB4F88610F3
:1030D000484300126880F8BD94F8880000F00700AB
:1030E000012804D0022807D003280AD00DE0294681
:1030F0002046F8F749FC08E029462046F8F736FB59
:1031000003E029462046F8F759FE29462046BDE847
:10311000F840F4F73BBF0000C4CE02082DE9F04FA1
:1031200089B090460E4605001C460AD056B1B5F847
:103130008210414507D800202080588009B0BDE8A2
:10314000F08FFEE7FEE7284608F005FDB5F884108D
:10315000484340F30F27284608F0E3FCB5F88610F3
:10316000484340F30F2995F8880000F00700012834
:1031700004D003280AD0022819D05AE0B5F88200FA
:1031800007FB08F7401E97FBF0F051E0009731680D
:10319000002331F91800317BC1F3C00205EB420175
:1031A000B1F97820B1F9741006F04CFF40E005F158
:1031B000240000900490F0F770FE82464FF4A021A6
:1031C000284609F088FBB5F8841048434FEA202BC5
:1031D0000021284609F07FFBB5F88410484301120E
:1031E000B5F88200C0F1010202FB017191FBF0F120
:1031F00007FB08F70AB297FBF0F0B2FBFAF1208068
:103200000FFA81FA0498F0F75DFE08E0B14208D0A9
:10321000228802EB0A0020800098F0F750FE01009F
:10322000F4D1AAEB0B00218800EBD07001EB600019
:1032300020800021284609F047FA07460021284649
:1032400009F05EFB2188384408442080284608F0B5
:103250009BFD2188081A2080716831F91800317BA4
:10326000C1F3001205EB420232F96C1F401AB2F9A9
:10327000042000FB09F0511A90FBF1F0A9EB0000CB
:1032800060800021284609F0FFFB6188384408442B
:103290006080284608F044FE6188081A60804DE787
:1032A00010B50AA0486201200C468862022120461F
:1032B00007F0E6FB0821204607F0E2FB2046BDE8C8
:1032C00010404FF4806107F0DBBB0000436865638A
:1032D0006B20626F7800000010B591F828000C4652
:1032E000C00704D1606A06F049FF0020606210BD8B
:1032F0002DE9F04FBDB0054603F002FE0446284616
:1033000003F0BFFD3B900021204609F0B4FC329051
:10331000B0F90870002141F23202204609F016FC93
:1033200005460021204609F0D2FB00EB050B0021E9
:10333000204609F008FB05440021204609F0D9FA8F
:1033400034904FF40031204609F0FDFA81464FF4E5
:103350000031204609F052FB06464FF4003120466A
:1033600009F0B5FB33904FF40031204609F074FAB0
:10337000359040F60A024FF40031204609F0E6FB92
:10338000824640F60B024FF40031204609F0DEFB86
:10339000804615A802F066FA15AA4FF400312046BF
:1033A00009F0DBFEA08A4119CA1909EB06000244A4
:1033B000A2F10109E28A339802EB0B05359AEB1969
:1033C00010441E18A1EB0A00ADF8E40009EB0A0056
:1033D000ADF8E800A5EB0800ADF8E600761E06EBB8
:1033E0000800ADF8EA0003A83B9908F075F915A8A4
:1033F00007902E484FF00008CDE9040839A8069040
:103400004FF40030109003AA1A21204603F07CFDEF
:1034100039AA15A93B9802F011FA03AA1B212046EC
:1034200003F072FD0021204609F056FC824600217F
:10343000204609F03CFC41F6FF72CDF800A0CDE932
:1034400001280346616A2FA8329A0EF027FA27A8AE
:1034500001F094FC27AA0021204609F0DBFD701B37
:10346000401C00B2C01B00EBD0704110349848449F
:10347000ADF89400BDF8BC201044ADF89800E28A85
:103480000BEB01001044ADF89600BDF8BE10CDF86E
:1034900000800844ADF89A0025AA27A9636A3B98E2
:1034A00001F0D0F93DB0BDE8F08F0000304B0308CB
:1034B0002DE9FF5F0E463C4808F0B9FA012862D1B9
:1034C000304603F0D8FC0546304603F019FD0446AB
:1034D0004FF400382C2D09D0132D56D0152D52D174
:1034E00004B03046BDE8F05FFFF702BF304603F09E
:1034F000FEFC05460021204609F0BDFB0646078973
:103500000021204609F0E8FB81460021204609F011
:10351000CEFB002141F6FF72CDF80090CDE90121EC
:103520000346324603A8616A0EF0B8F9002120462E
:1035300009F0DFF9834646464146204609F003FA82
:1035400081463146204609F059FA804631462046E8
:1035500009F0BDFA82463146204609F07DF902465F
:1035600007EB0A00104407EB0901BDF80C204144A9
:103570000A4402EB0B012980BDF90E1000B288420B
:1035800000DC08466880BDE8FF9F304603F0AFFCD2
:1035900005464146204607F007FDB5F90010814277
:1035A00000DD08462880EEE7304B0308F0B50446FE
:1035B0004FF4FA66C1F341307710642501280BD12E
:1035C00021F4C040B04207DCB84201DDC0F57A709A
:1035D000584390FBF5F001B2C2F3413001280BD102
:1035E00022F4C040B04207DCB84201DDC0F57A7079
:1035F000584390FBF5F002B2944201DA204600E015
:103600001046884201DA0846F0BD944201DA2046AD
:10361000F0BD1046F0BDF0B504464FF4FA66C1F3B4
:1036200041307710642501280BD121F4C040B0420D
:1036300007DCB84201DDC0F57A70584390FBF5F025
:1036400001B2C2F3413001280BD122F4C040B04294
:1036500007DCB84201DDC0F57A70584390FBF5F005
:1036600002B2944201DA204600E01046884201DAB4
:103670000846F0BD944201DA2046F0BD1046F0BD88
:10368000002208B51146104600F01FF90090BDF861
:10369000000008BD002208B51146104600F02DF9C3
:1036A0000090BDF8000008BD08B50020BDF800106E
:1036B00060F3040189B260F34A1189B260F3CF214B
:1036C000ADF8001088B20090BDF8000008BD0022DF
:1036D00008B51146104600F058F90090BDF80000FA
:1036E00008BD80B2C20AC2EBC20303EB0222D21DA4
:1036F000520962F31741C0F3451202EB420303EB98
:103700000222D21C920962F30F2100F01F00C0EBCD
:10371000C00202EB0020C01D400960F30701FF203A
:1037200060F31F61C1F30740C1F3072200EB4000C3
:1037300000EB8200C9B20844C0F3C700704738B537
:103740000C460546FFF7C3FF2246294600F0B6F9AE
:103750000090BDF8000038BD07B58107BDF8043002
:1037600002D020F8023B521EBDF8041001EB0141CB
:103770000EE002C0103A02C040F8081B40F8041CDA
:1037800040F8101B40F80C1C40F8081C40F8041CC2
:10379000102AEED803E000BF20F8023B521E002A98
:1037A000FAD10EBD4FF478414FF4FC6201EA1021CA
:1037B00002EA501208B51143C0F3C4000143ADF84A
:1037C000001088B208BD4FF478414FF4FC6201EA62
:1037D000102102EA501208B51143C0F3C40001439E
:1037E000ADF8001088B208BDF8B5C0EB00204FF46A
:1037F000B473B0FBF3F083B2C1EB01206421B0FBE2
:10380000F1F0C2EB0222B2FBF1F110F0FF00CAB2FC
:1038100026D02B21B3FBF1F1C9B2552411FB04F4DE
:10382000234403EB43035B061D0EC0F1FF0313FBB0
:1038300002F31B0A10FB05F4FF26A6EB14245443E5
:10384000240AC5F1FF0515FB00F0A6EB102050433C
:10385000050A052918D2DFE801F006090D11140048
:103860001146084613E01046294601E0204611465D
:103870001A460CE0114618462A4608E0184621462A
:1038800005E02846194602E010461946224600F097
:103890007CF80090BDF80000F8BD08B5D308BDF86D
:1038A000002063F30402ADF800208A08BDF8001080
:1038B00062F34A11ADF80010C108BDF8000061F3D1
:1038C000CF20ADF8000080B208BD08B5D308BDF820
:1038D000002063F30402ADF800208A08BDF8001050
:1038E00062F34A11ADF80010C108BDF8000061F3A1
:1038F000CF20ADF8000080B208BD08B5D308BDF8F0
:10390000002063F30402ADF800208A08BDF800101F
:1039100062F34A11ADF80010C108BDF8000061F370
:10392000CF20ADF8000080B208BD08B5D308BDF8BF
:10393000002063F30402ADF800208A08BDF80010EF
:1039400062F34A11ADF80010C108BDF8000061F340
:10395000CF20ADF8000080B208BD08B5D308BDF88F
:10396000002063F30402ADF800208A08BDF80010BF
:1039700062F34A11ADF80010C108BDF8000061F310
:10398000CF20ADF8000080B208BD08B5D308BDF85F
:10399000002063F30402ADF800208A08BDF800108F
:1039A00062F34A11ADF80010C108BDF8000061F3E0
:1039B000CF20ADF8000080B208BD08B5D308BDF82F
:1039C000002063F30402ADF800208A08BDF800105F
:1039D00062F34A11ADF80010C108BDF8000061F3B0
:1039E000CF20ADF8000080B208BD000008B5121D60
:1039F000D3080A4A89B280B241EA014140EA004054
:103A000011401040401A584301EB5010104040EA5A
:103A10001040ADF8000080B208BD00001FF8E007BC
:103A200008B5121DD3080A4A89B280B241EA0141A1
:103A300040EA004011401040401A584301EB50103A
:103A4000104040EA1040ADF8000080B208BD000010
:103A50001FF8E00708B5121DD3080A4A89B280B2E0
:103A600041EA014140EA004011401040401A5843E9
:103A700001EB5010104040EA1040ADF8000080B259
:103A800008BD00001FF8E00708B5121DD3080A4A58
:103A900089B280B241EA014140EA00401140104041
:103AA000401A584301EB5010104040EA1040ADF866
:103AB000000080B208BD00001FF8E00708B5121D25
:103AC000D3080A4A89B280B241EA014140EA004083
:103AD00011401040401A584301EB5010104040EA8A
:103AE0001040ADF8000080B208BD00001FF8E007EC
:103AF00082B2D00AC0EBC00303EB0020C01D400916
:103B000060F317410846C2F3451101EB410303EB93
:103B10000121C91C890961F30F2002F01F01C1EBCB
:103B2000C10202EB0121C91D490961F30700FF2110
:103B300061F31F607047FF2208B511461046FFF77A
:103B4000DCFE0090BDF8000008BD08B51F20BDF8E0
:103B500000103F2260F3040189B262F34A1189B276
:103B600060F3CF21ADF8001088B20090BDF80000DE
:103B700008BD000010B500200C468884642184F83C
:103B8000261084F8271094F83C1021F0070184F8DF
:103B90003C102063606309484FF48031C07884F89A
:103BA0002C00204606F06CFF4FF44071204607F0D1
:103BB0002BFB2046BDE810400EF079BF80010020AD
:103BC0002DE9F04391B08946FE4807F030FF012807
:103BD00027D1484603F04FF90646484603F090F9CE
:103BE00004464FF44037132E1ED0292E50D02A2ED3
:103BF00067D04FF4B4750D2E68D0012E7DD0022E03
:103C00007CD047F6FF75112E79D0152E78D0122E64
:103C100007D1484603F06BF90178022901D0012150
:103C2000017011B0BDE8F083B846394608F06FFE68
:103C300007464146204608F0C5FE06464146204656
:103C400008F029FF05464146204608F0E9FDB74245
:103C500001DD394600E03146854201DD2A4600E0BB
:103C60000246914205DDB74201DD384604E03046A8
:103C700002E0854200DD2846801C04B2484603F07D
:103C800036F9B0F90010A14200DD0C460480C8E707
:103C9000484603F02CF90546204609F0A2F8A98809
:103CA0002A88891A491C09B2884209D1204607F09E
:103CB000A4FFE9886A88891A491C09B28842B0D0F1
:103CC000204611B0BDE8F0430EF0F1BE484603F0C7
:103CD0000EF90068132814D0112812D0142801D02E
:103CE00012289ED194F83C00616A10F003003AD08B
:103CF00001283ED0022829D144E04CE05AE029E1D5
:103D000034E194F83C00616A10F0030205D06420AD
:103D1000012A0BD0022A19D110E0A08C401CB0FB64
:103D2000F5F205FB120060F30F010FE094F8262076
:103D3000521CB2FBF0F300FB132020E094F8272084
:103D4000521CB2FBF0F300FB132021E0204600F0F0
:103D500047F900289BD011B02046BDE8F04300226F
:103D60001C2103F0D1B8A08C00B1451E65F30F01F2
:103D7000ECE794F8260008B1401E00E0642060F3F0
:103D80001741E3E794F8270008B1401E00E06420E3
:103D900060F31F61DAE70DF02BFA606304F042FD77
:103DA00004F1380104F058FD11B02046BDE8F0439D
:103DB000F2F7F9BE04F036FD0600CBD004F077FD33
:103DC000042876D0022874D06946304604F044FDB9
:103DD0003068BDF90030B4F93820007E991A002906
:103DE00000DCD11A814209DCBDF90220B4F93A3075
:103DF000D11A002900DC991A814208DD0DF0F8F98A
:103E00006063BDF800102187BDF802106187BDF81E
:103E10000010A08A081AADF80000BDF80210E08A70
:103E2000081AADF80200204608F0DBFF87B2002137
:103E3000204608F0F2FB0146BDF800207808121A6F
:103E400013B2ADF80030BDF802200127121A401A53
:103E500012B200B2ADF80220412807DD01EBD171AA
:103E6000A0EB610000B2412800DA412013FB03F10E
:103E700012FB021110FB00F0814200DA0027606B98
:103E80000DF0B0F957B3BDF90210BDF90000FEF70F
:103E900097F8B0FBF5F105FB110094F83C20616A3E
:103EA00012F003023BD0012A3CD0022A47D140E065
:103EB000FFE7204608F095FFA18A00EBD07001EBE8
:103EC0006000ADF80000204607F097FEE18A00EBA5
:103ED000D07001EB6000ADF8020079E73168898BA2
:103EE0008142BFF4D4AE94F83C0041073FF5CFAE19
:103EF00000F003010322491CB1FBF2F302FB131192
:103F000061F3010084F83C0020460EF0D0FD20460D
:103F100009F07EFA04F086FC04F0D2FD81E660F33D
:103F20000F010CE06422504390FBF5F060F3174161
:103F300005E06422504390FBF5F060F31F612046DA
:103F400000F04EF80028E9D000221C21204602F0A3
:103F5000DBFF66E6484602F0CAFF064601682A46CD
:103F600004F11400EFF72CF830715AE64846F4F7E4
:103F700011F94E46484602F0C3FF0446304602F0AF
:103F800080FF0646684601F06DFC6A4639462046C9
:103F900009F0E3F8ADF8005094F82C00C00707D002
:103FA000204600F011F81090BDF84000ADF8040074
:103FB00021460EA8FAF7E0FF0EAA6946304601F046
:103FC0003DFC2EE6E0CE020808B590F8272090F8D8
:103FD0002610808CFFF708FC0090BDF8000008BD9B
:103FE00010B5044688B24FF4B472904205D9B0FBC4
:103FF000F2F302FB130060F30F01C1F307426420E8
:10400000642A01D960F317410A0E642A01D960F3CA
:104010001F61A08C8AB290420CD194F82600C1F3A3
:104020000742904206D194F827000A0E904201D12F
:10403000002010BD204661620EF039FD204609F0D7
:10404000E7F9012010BD70B50C00054611D000F055
:10405000F5F810FB04F05030B0F5A07F0BDB2846DC
:1040600000F0ECF810FB04F0A021503090FBF1F0D0
:1040700002E0002000E0012000B270BD2DE9F04117
:104080000D461E46174604461C2106F0C1F9C4E938
:104090000057C4E90256BDE8F081000038B5044677
:1040A0004C2106F0B5F94FF4A0702080F02060801C
:1040B0004FF0FF30A080E0800020208160812069E7
:1040C000822120F0400040F0080061F3D010206110
:1040D0004FF4FC60ADF800000090BDF80000A08631
:1040E0000248E06320643820606438BDD96201086A
:1040F000F8B505464648EFF7F1FE040002D0A86B7C
:1041000008B10AE0FEE7686C05F0AEFF060066D075
:104110000146EA6B28469047AE634FF4AC712046E7
:1041200006F076F93B4E25602246F76804213A48AE
:10413000F4600DF0E1F86060002851D02869810733
:104140000AD529886A8811FB02F1EA68D26891428F
:1041500002D920F002002861FF2211461046FFF725
:10416000FCFB0090BDF800000090BDF800006085E9
:10417000FF2084F829000DF015F878B30CF0B6FF95
:10418000A060002007F0D2F82061002007F0CEF8F0
:10419000E061002007F0CAF8204D20622A46002185
:1041A000E06909F029FE2A460021206A09F024FE70
:1041B0000221E06907F028F80221206A07F024F8BC
:1041C0000021E0690AF03DF90021206A0AF039F97E
:1041D000206909F01DF9F7609FB113E001E0FEE7E7
:1041E000FEE700200AF05EFB054605200AF05AFBB8
:1041F00001460B48009000232A4620460CF080FF21
:10420000BEE7F46060680DF048F92046F8BD000094
:10421000B8380020FC0100202D310008FFFF0F00FE
:10422000580A0308C26800211161C06841617047E3
:104230000148C06870470000FC01002010B9054823
:10424000C06820B100680069C0F3C91070478220BF
:1042500070470000FC0100200068C0687047000043
:1042600018B90948C068002809D00068017CC1F36A
:104270000111012904D0032902D0B0F900007047D0
:10428000B0F9020070470000FC01002010B518B919
:10429000FFF7CEFF002800D0006A10BD10B518B996
:1042A000FFF7C6FF002800D0C06910BD18B1014655
:1042B0000248EFF700BE0148EFF7EBBDB838002029
:1042C00010B518B9FFF7B4FF002800D0006910BD81
:1042D00010B518B9FFF7ACFF002800D0406910BD39
:1042E00010B508B9FFF7A4FF806810BD18B90948D8
:1042F000C068002809D00068017CC1F301110129C0
:1043000004D0032902D0B0F902007047B0F90000D0
:1043100070470000FC01002070B5054607F03CFC2A
:10432000040020D026695EB100222521304602F02B
:10433000EBFD206920B100222621284602F0E4FD91
:1043400025615DB100222721284602F0DDFD2069AC
:1043500020B100222821304602F0D6FD2846BDE8D3
:10436000704009F055B870BD70B50D46040002D11B
:10437000FFF75EFF0446A560606A032817D1E06876
:10438000006807F07CFB002811D1E068406807F066
:1043900076FB00280BD1E068806807F070FB0028EE
:1043A00005D1E0680068BDE870400CF08BBE70BDC0
:1043B0007CB50E7BDDE90654022E08D94E88002E0E
:1043C00005D0A54203D0CDE900540469A0477CBDC7
:1043D00038B50446102106F01BF801206080FF204C
:1043E0002073BDF80010002060F3040189B260F36F
:1043F0004A1189B260F3CF21ADF8001088B2009065
:10440000BDF800000090BDF80000208038BD2DE907
:10441000F04F85B0824610B294468B460FFA82F96F
:10442000AAEB000EDDF838800FFA8EF20492ABEBA7
:10443000000217B203920AEB000203F5B471119C5B
:1044400058441E46029212B203B2019088457DD0B4
:104450004FF4B4718E4202D9A6F5B476B6B288454F
:1044600003D9A8F5B4701FFA80F80F99ACEB0100DE
:1044700000B20090109818B101EBD1704010401CB0
:1044800005B25A21B6FBF1F0B8FBF1F1C0B2C9B2E6
:10449000042800D10320042900D1032188427ED1C1
:1044A00046457CD868B3012854D0022878D0032828
:1044B0007ED106F15A0000B20DF02CF9009910FBE4
:1044C00001F10AEBE130401B208030B20DF022F9FF
:1044D00010FB09F10BEBE130401B608008F15A0042
:1044E00000B20DF017F910FB09F10AEBE130284496
:1044F000A0800FFA88F00DF00DF9009910FB01F182
:104500005AE130B20DF006F9009910FB01F10BEB06
:10451000E130401B60805A3630B20DF0FBF810FBE2
:1045200009F10AEBE1302844A0800FFA88F00DF081
:10453000F1F810FB09F10BEBE1302844E08008F1C1
:104540005A0000B20DF0E6F8009900E0E6E010FB3A
:1045500001F129E030B20DF0DDF810FB09F10BEBB1
:10456000E1302844E0805A3630B20DF0D3F800999B
:1045700010FB01F10AEBE1302844A0800FFA88F02B
:104580000DF0C8F8009910FB01F10BEBE130401B76
:10459000608008F15A0000B20DF0BCF802E036E08D
:1045A00009E005E010FB09F10AEBE130401B208037
:1045B00005B0BDE8F08F06F15A0000B20DF0AAF880
:1045C00010FB09F10AEBE130401B208030B20DF006
:1045D000A1F8009910FB01F10BEBE1302844E080D9
:1045E0000FFA88F00DF096F810FB09F10BEBE130B3
:1045F000401B608008F15A0000B20DF08BF8009962
:1046000010FB01F10AEBE1302844A080D0E730B183
:10461000012837D0022861D003287ED099E00129F3
:104620007CD108F15A0000B20DF074F810FB09F1CA
:104630000AEBE130401B20800FFA88F002900DF069
:1046400069F8074630B280460DF064F8874201DA17
:10465000029800E040460DF05DF8009910FB01F172
:104660000BEBE130401B60805A3630B20DF052F84F
:1046700010FB09F10AEBE1302844A080019828449E
:10468000E08095E7022964D1AEEB050020800FFAA7
:1046900088F00DF03FF810FB09F10BEBE130401B07
:1046A000608006F15A0000B201900DF033F8074621
:1046B00008F15A0000B280460DF02CF8874201DD67
:1046C000019800E040460DF025F8009910FB01F13B
:1046D0000AEBE1302844A08030B269E0032938D1E8
:1046E00006F15A0000B20DF015F810FB09F10AEBC3
:1046F000E130401B20800398401B608008F15A0085
:1047000000B20DF007F810FB09F10AEBE130284484
:10471000A0800FFA88F0804601E019E019E00CF063
:10472000F9FF009910FB01F730B206460CF0F2FFDA
:10473000009910FB01F0874201DD404600E0304661
:104740000CF0E8FF009910FB01F00BEBE03096E76E
:1047500029B1049820806780A280E38028E708F1CF
:104760005A0000B203900CF0D5FF074606F15A003C
:1047700000B201900CF0CEFF874201DA039800E00E
:1047800001980CF0C7FF009910FB01F10AEBE13032
:10479000401B208030B20CF0BDFF10FB09F10BEB89
:1047A000E130401B608002982844A0800FFA88F016
:1047B0000CF0B0FF10FB09F10BEBE1305FE70000FC
:1047C00070B5164604463BB1C87A022812D9A569CD
:1047D000204625B1A84704E007A2314606E0F2F7DB
:1047E000D0F8002806D104A231462046BDE870402A
:1047F0000EF037BF70BD00004E6F0A646174610037
:1048000038B54469049D002C01D00095A04738BDFF
:1048100038B50446182105F0FBFD0022114610466C
:10482000FFF73BF80090BDF800000090BDF80000D5
:104830002081FF20E072401C60800120207538BD7F
:10484000704700002DE9FF4FB5B0887E429F1E469D
:1048500092460C4602287DD9206800287AD03598E7
:10486000C069002876D0202221A8EBF7EDFC206853
:104870000390002E6ED0307800286BD035985146CA
:1048800082682DA8EEF7B4FA002863D0207FB0F13B
:10489000000B01D14FF0010B607F810707D4BAF8FC
:1048A0000410BAF80000081A401C03B20FE0B4F973
:1048B0001210009141F6FF72CDE90120B4F91430D5
:1048C000314608A822680CF0E9FFBDF920300398B2
:1048D000B4F912100025B0F908906A1E01EB090026
:1048E0000890BAF80000ADF81000BAF80210ADF860
:1048F0001210B4F916000690B4F918000144ADF88E
:104900001210FFB1F0B9BAF9021000291ADAD7F87B
:1049100008C0ACEB0100002801DCA1EB0C000899F9
:104920004FF4806C49420CEB4101884200DD3A6053
:104930003868002806DB0546BDF81210B888084420
:10494000ADF81200617F0020CDE90001B4F9142018
:10495000701900E0ACE02F930399EFF757FD00EBDF
:10496000050829E0617F0020CDE90001B4F9142099
:1049700006EB08002F9B0399EFF748FD454600EB37
:104980000508BDF812100898084400B2ADF81200EE
:104990007FB110F5806F0CDB3868002809DA3D60C4
:1049A000BDF91210BAF90200081A7860BAF90200CB
:1049B000B860705D00287BD03598BDF91210806812
:1049C0004944B0F902008142CCDB5846CDF8C0B072
:1049D000BBF1020F02D0032816D029E0607F0090BF
:1049E000B4F91430A8EB05017019039A0CF0B4FF68
:1049F00007465046FDF79BFAC01BBDF8101000EBB0
:104A0000D07001EB600011E0607F0090B4F91430C9
:104A1000A8EB05017019039A0CF09EFF074650465B
:104A2000FDF785FABDF81010C01B0844ADF8100062
:104A3000D4E9019BD94502D94846D9468346A07F8F
:104A4000800717D01EA800F0D1F9A089ADF8780032
:104A5000039890F90E0000B90120ADF87A00A07E0D
:104A60008DF88000A07FC1089DF8810061F30100EE
:104A70008DF8810000200F90FEF702FE319010A803
:104A800000F0F0FE208AADF84400BDF9100032902D
:104A90006BE100BFBDF81000069900270844ADF88F
:104AA000100070190D90A8EB050007970E90BCE060
:104AB0005FE10021A9F57F420091FF3A09D0ABF5F3
:104AC0007F42FF3A05D0AC4A291830461268904719
:104AD000009007AB0BAA0CA90D98EFF77FFC607F45
:104AE000C0070AD00C98232802D0012F13D004E06D
:104AF00047B1012F0AD0022F0BD0E0683190022F6E
:104B00004FD050E007980F90012048E00027E06860
:104B100048E0002043E0202842D107990F98081A66
:104B2000072801D0A08938E00F9A0D9869461044F3
:104B30005FF0060210F8013B01F8013B521EF9D16B
:104B400000208DF806009DF80100FAF74EFF074699
:104B50009DF80000FAF749FF07EB001029909DF837
:104B60000300FAF742FF07469DF80200FAF73DFFFF
:104B700007EB00102A909DF80500FAF736FF07466C
:104B80009DF80400FAF731FF07EB0010C2B22A9833
:104B9000C1B22998C0B2FEF798FE2C9002200746B9
:104BA00043E02C983190DDE90B21039802F087FA5D
:104BB00033904FF6FF70814522D0834520D0009876
:104BC00048451DD358451BD2BDF81010ADF8001054
:104BD000BDF81200ADF80200A28A0A443399491EBA
:104BE0001144ADF8041008996A46491E0844ADF80E
:104BF000060010A9359800F021FEE089ADF8C40048
:104C0000BDF8C400ADF8900004AA21A90C9B35980A
:104C100000F0DAF83398002807DDBDF81010A08AFC
:104C2000014433980844ADF810000E99079881426A
:104C30003FF63FAFA07F800723D53298ADF8000044
:104C40002068BDF97A1002ABB0F9080001EBD17110
:104C500000EBD070401000EB6100BDF812106A4606
:104C60000844BDF81010ADF80810ADF80200ADF81A
:104C70000A00BDF8C400ADF878001EA9359800F010
:104C8000A8F8A07FC0071FD03298ADF800002068B8
:104C9000BDF8121002AB028940891144091A039829
:104CA0006A4690F90D00081ABDF81010ADF808100A
:104CB000ADF80200ADF80A00BDF8C400ADF8780008
:104CC0001EA9359800F085F8617F0020CDE900012C
:104CD00006EB0800B4F9142007462F9B0399EFF761
:104CE00095FB454600EB0508BAF80000ADF810004A
:104CF0003098022802D0032816D029E0607F009067
:104D0000B4F91430A8EB05013846039A0CF024FEE0
:104D100007465046FDF70BF9C01BBDF8101000EB1D
:104D2000D07001EB600011E0607F0090B4F91430A6
:104D3000A8EB05013846039A0CF00EFE07465046D4
:104D4000FDF7F5F8BDF81010C01B0844ADF81000D1
:104D5000BDF8121008980844359900B2ADF8120059
:104D60008968B1F90610884203DC705D00287FF481
:104D700091AE39B0BDE8F08F6802002038B5044626
:104D8000202105F045FBFF20A076FEF779FC00907E
:104D9000BDF80000A0810B4820604FF6FF706060F6
:104DA000A060FEF76DFC0090BDF80000E0810520DA
:104DB00009F078FD0090BDF8000020820020E07628
:104DC00038BD0000580A030830B4C469A44630BC9A
:104DD000604730B44C88002C06D00C7A022C03D9E2
:104DE000046AA44630BC604730BC704738B50446FE
:104DF0000A2105F00DFB01206080FF202072BDF824
:104E00000010002060F3040189B260F34A1189B2F6
:104E100060F3CF21ADF8001088B20090BDF800001B
:104E20000090BDF80000208038BD000010B503469A
:104E30000A4A002052F8304024B1401CC0B2102869
:104E4000F8D301E0102802D34FF0FF3010BD42F834
:104E5000303002EBC002516010BD0000283A002043
:104E60002DE9FF4F81B08B460E9D16461C46B5F9C5
:104E70000A10B5F90C00571AB5F9082005F1100908
:104E8000ABEB020305F13C0AB4285DDAB5F90E205C
:104E9000B42A7DDA00287BD0002A79D0904277DDD1
:104EA000B1425ADC696D79434FEAA12CA96A7F1C93
:104EB00079438912A0F20F15582D01D8002909DB7A
:104EC000451E592D01D8002904DB5B38B32802D2D6
:104ED000002900DD0021A2F20F10582801D8002976
:104EE00009DB501E592801D8002904DB5B3AB32A9C
:104EF00002D2002900DD0021ACEB010001EB6000D3
:104F00000125C71AA74200DD2746002F0DDD3BB261
:104F100032465946CDF80090019800F091F905000D
:104F200003D13946019805F073FAA74200DD274600
:104F3000002F00DA0027CDF800A05DE0B54276D161
:104F4000284605B0BDE8F08F68DDB5F90E20B42A1B
:104F500064DD904262DDB14201DA0120F1E7696D62
:104F600079434FEAA12CA96A7F1C79438912A0F2E8
:104F70000F15582D01D8002909DB451E592D01D8E0
:104F8000002904DB5B38B32804D2002902DD00E0ED
:104F900044E00021A2F20F10582801D8002909DBB3
:104FA000501E592801D8002904DB5B3AB32A02D2EB
:104FB000002900DD0021ACEB010001EB60000125C0
:104FC000C71AA74200DD2746002F0DDD3BB232464F
:104FD0005946CDF800A0019800F032F9050003D140
:104FE0003946019805F014FAA74200DD2746002F44
:104FF00000DA0027CDF800900BEB070001B2019812
:10500000E41B384423B20746324600F019F9060083
:1050100094D12146384605F0FBF98FE70127B846C1
:10502000B42805D038B109DAB14209DC0AE047E01A
:10503000B14210DC04E0B14202DC0CE0B14201DC20
:10504000032708E0234632465946CDF800900198E0
:1050500000F0F6F80746B5F90E00B42806D060B1A6
:10506000B5F90A000FDAB04204DC0EE0B5F90A0027
:10507000B04206DD4FF0030803E0B5F90A00B04284
:10508000F8DDBFB10EE0B042F4DD234632465946AA
:10509000CDF800A0019800F0D3F8804657B1B8F1E0
:1050A000000F07D0032F02D0012F05D008E0B8F180
:1050B000030F05D1002044E74046B8F1010FFAD0B4
:1050C00002203EE72DE9F8430546884640F2671086
:1050D000411C089C1746002B01DA002302E08B429A
:1050E00000DB0346002C01DA002402E08C4200DBE6
:1050F00004469C4203DAC3F5B470204403E0E01A8E
:10510000002800DC181BA5F86800AB81EC81A5F82D
:1051100008806F8115482860012028718B4200D9D2
:10512000FEE7B42B01D2002000E00120002C01DBBF
:105130008B4200DDFEE7B42C05D3A4F1B401B42901
:1051400001D2002600E0012600903A46414605F1D2
:10515000100000F0CBF823463A46414605F13C00EA
:10516000009600F0C3F8BDE8F8830000614E010826
:105170002DE9F8431E4617468846814600250C4C0B
:105180000DE00090D0F800C033463A46414648460C
:10519000E047002808D0022800D101250834206803
:1051A0000028EED115B10220BDE8F8830120FBE70D
:1051B000283A002010B50179022906D0052913D11B
:1051C0008068BDE8104004F0D9BF0446406900285B
:1051D0000AD00169002904DA406804F0CFFF606951
:1051E000EFE74169491E416110BD000070B5134DE4
:1051F000060008D05FF0000455F83410B9B1087902
:10520000022805D002E02868002800D0012070BDE7
:10521000887CB1F91020C007304601F1080102D0A6
:10522000EDF77EFE01E0EDF70BFE0028EED0641CEA
:10523000E4B2102CE0D3002070BD0000283A00201A
:10524000F8B5069CA58A266A521B658A12B2491BCC
:1052500094F8285009B24FEAC57526B1009485B379
:10526000FBF7F6FEF8BD85B1207C810727D000F062
:105270000301012923D0022901D1511C1FD4C043AD
:10528000800728D1002A1ADC25E0227C02F00304E2
:10529000022C14D0D543AD0711D0012C01D1002927
:1052A0000DDC920701EB030207D0002A13DB494211
:1052B0000FD50021002B0EDD0FE0002A02DA0120BD
:1052C000F8BD10E04A4206D49A420ADA991A10440C
:1052D00005E0994201DB0020F2E7994201DA05F08E
:1052E00097F80220ECE7FBF75DFFE9E72DE9FC47C3
:1052F0001C46DDF8288016460F468146B42B01DD9A
:10530000B43C24B204F15A0000B20CF003FA07EBEB
:10531000601520460CF0FEF906EB601000B2CDE9F6
:1053200000082BB232463946484600F003F8BDE883
:10533000FC8700002DE9F0470F46DDE90869984633
:10534000154604462C2105F063F8B54206D1B9F1A3
:10535000030F03D16D1E761E2DB236B2B54205DDA8
:105360004046B846074630462E46054627816581A9
:10537000A4F80C80E68184F810906782A8EB0700FF
:105380004B46A582002801DD014601E0A7EB08019C
:10539000721B002A01DD154600E0AD1BA94294F8FE
:1053A000281002DD41F0010101E021F0010184F843
:1053B00028100025E561244E2660A5612571CE07E1
:1053C0004FF480150DD020B195FBF0F65643B61280
:1053D000E66122B195FBF2F242439012A061E069CE
:1053E0000CE022B195FBF2F64643B612A66120B15D
:1053F00095FBF0F050438012E061A06920629807AD
:1054000009D003F00300012808D0022813D0D843A4
:10541000800714D006E021F0020001E041F0020014
:1054200084F82800216A88106062002901DA40426D
:105430006062BDE8F087206A0028EFDCEBE7206AB5
:105440000028EBDDE7E70000415201082DE9FE4F9F
:105450008046DDF830900E461C4699F8120017463B
:1054600000F0010AB9F91050684609F10801FCF78B
:10547000E4FCBDF90200BAF1000F2FD0B84250DCB5
:10548000BDF90600B8424CDBBDF900004119B1423C
:1054900005DCBDF904203119521B914209DDBDF92B
:1054A00002104A19BA4240DCBDF90620521BBA422A
:1054B0003BDBBAF1000F18D0801B00D50020A042C2
:1054C00031DCBDF90410891B091A491C4218A2429B
:1054D00000DD211A002926DB4044EFE0B84213DC4E
:1054E000BDF90600B8420FDBCEE7871BA7420BDCF5
:1054F000002F03DB3946404604F08AFFBDF9040063
:10550000851B6D1C002D02DC0020BDE8FE8FA5422E
:1055100004DA611B08EB050004F07AFF1FB9A5420D
:1055200001D10120F1E70220EFE7BDF80430821B32
:10553000181A401C0FFA80FCBDF80600401A401CE7
:1055400003B2781A00B2A84202DA281A401E01E01B
:10555000591B401AD9F8141000B20223CF6803EB8C
:105560004003FB5A37F810609B1B1EB28B684968DA
:1055700033F8103037F810004FF0000700EB010B44
:1055800002EB0C00401B18440FFA80F95019C01AA6
:10559000401E05B2BAF1000F22D06BE0F11B01EB07
:1055A0000B0010F8010C029009EB07005FEA000AFB
:1055B00008D4A24506DA18F80A1002980CF028FE62
:1055C00008F80A00B5EB070A08D4A24506DA18F86D
:1055D0000A1002980CF01CFE08F80A007F1C3FB26B
:1055E000B742DBDB09EB0700A04201DA014600E02D
:1055F0002146002901DA002002E0A04200DB20461B
:1056000000B2211A404404F003FFA81B411CA14230
:1056100001DA0A4600E02246002A01DA002402E00C
:10562000A14200DA0C4621B2404647E0F11B01EBF3
:105630000B0010F8010CC0F1FF00029009EB07000D
:105640005FEA000A08D4A24506DA18F80A100298A0
:105650000CF0DEFD08F80A00B5EB070A08D4A245F5
:1056600006DA18F80A1002980CF0D2FD08F80A00C1
:105670007F1C3FB2B742D9DB681CA04201DA691C2B
:1056800000E02146002901DA002504E0A04201DA09
:105690006D1C00E025462AB2A9EB0200A11A88423F
:1056A00001DA034600E00B46002B01DA002002E09D
:1056B000884200DB084601B208EB020004F0A8FEB5
:1056C00031E700002DE9F0411546064688880A8832
:1056D0001C46801A401C02B2C8884B88C01A401C65
:1056E00000B2824200DA1046B5EB600F00DD4510D3
:1056F000002D00DA002506F10800FCF79EFB35823C
:10570000B47438483060022030710023C5B1364887
:1057100000214FF47A7200BFC1EBC10400EB840496
:10572000B4F91840AC421BD1C1EBC10100EB8100C0
:105730004169491C41610169102D04DA012303E02C
:105740007361BDE8F0812B110B44934205DA102DF3
:1057500001DA012200E02A110A4402617061F0E7D7
:10576000491C0429D8D300244FEA0401C1EBC10726
:1057700000EB8707D7F814C0BCF1000F07D12CB19C
:10578000D7F810C0D4F810E0F44500DA3C46491CC4
:105790000429EBD33CB16069401CC4E90430102DEE
:1057A0000EDA01200DE01C2004F05EFC040006D09F
:1057B0001C2104F02DFE4FF0FF3020610BE0FEE7CE
:1057C00028111844904205DA102D01DA012000E07A
:1057D00028111A182261204629467461BDE8F0415B
:1057E000F0F738BE4D540108B8390020F0B5002557
:1057F000094E07462C4600BF06EBC4004068B8427D
:1058000004D156F83450204600F008F8641CE4B285
:10581000102CF1D32846F0BD283A00200021421C6C
:1058200008D0054A002352F8301042F8303002EB1D
:10583000C000436008467047283A002030B4D3883F
:1058400054881B1B5B1C1BB2012B09DB938814883B
:105850001B1B5B1C1BB2012B02DBC36830BC18474F
:1058600030BC704738B50446382104F0D1FDFEF74E
:1058700062F90090BDF8000024F8040FFEF75BF910
:105880000090BDF800006080FDF704FF0090BDF8B7
:105890000000E080FF2525720220A072FDF7FAFECD
:1058A0000090BDF800006083FDF7F4FE0090BDF8A5
:1058B000000020850748206104F8015CA57584F884
:1058C0002650A57784F83250E07F20F03E001E304D
:1058D000E07738BD580A03082DE9F04FCBB0834676
:1058E000DDE95465087B984614460F4602287DD9A9
:1058F000B7F90200002879D0AE4277D01AB28146BB
:105900009246404500DD914606A8FFF7ABFF787B45
:1059100000F003008DF81A00B86840B100208DF83F
:105920001B00B8680A90387B8DF8320005E0387BA0
:105930008DF81B003888ADF81C002188A1EB080009
:10594000ADF810006288A8F10101A2EB0802ADF8E1
:10595000122023880B44ADF81430B4F802C0ADF81F
:1059600004006144ADF80830ADF81610ADF806201B
:10597000ADF80A10B7F802C06044ADF80400B7F8FB
:1059800002C0624412B2ADF80620B7F802C0A3EB21
:105990000C03ADF80830B7F802C0181AA1EB0C01DF
:1059A000401C09B24FF0FF3C00B2ADF80A10CDF830
:1059B00014C1002810DD881A401C00B200280BDD3D
:1059C000012347F6FF7201A932A8FFF77BFE0021F1
:1059D00032A8FFF72BFA4590002347F6FF7204A97F
:1059E00038A8FFF76FFE002138A800E024E0FFF799
:1059F0001DFA489006F5B470A84205D005F5B471BB
:105A00004FF4B4708E421ED147F6FF70ADF8180007
:105A100004AA06A95846FFF711FF4898FFF7FEFEB3
:105A20004598401C02D04598FFF7F8FE38A8FFF7CC
:105A3000C1FB32A8FFF7BEFB4BB0BDE8F08F00BF43
:105A4000A6F5B476B6B28642FAD202E0A5F5B475F0
:105A5000ADB28542FAD228B246900090B4F9022045
:105A6000B4F9001033B214A84793FFF72BFB0021C1
:105A700014A8FFF7DBF92F90B54203D9A81BC0F596
:105A8000B47000E0701BDBF8081000913C282ADDA0
:105A9000B8F10A0F27D95A20B6FBF0F1B5FBF0F0A8
:105AA00000F00300ADF8040106A8ADF8FCA0ADF8C5
:105AB000005101F0030142903E94ADF8FE60ADF854
:105AC0000211ADF8069104A8CDE9430B3EA8F5F705
:105AD000A7FA3EA8F5F76CFB3EA8F5F738FC3EA800
:105AE000F5F723FD04E004AA06A95846FFF7A6FE31
:105AF00014A8FFF75FFB38A8FFF75CFB32A8FFF79D
:105B000059FB2F98FFF78AFE4898FFF787FE4598C4
:105B1000401C02D04598FFF781FE787B40078BD56B
:105B200009F0FF022FAB51464798F9F7A3FCBDF8E7
:105B3000BC0021882FAA0844ADF8BC00BDF8C00005
:105B400021880844ADF8C000BDF8BE006188084453
:105B5000ADF8BE00BDF8C20061880844ADF8C200CF
:105B600048A80099EDF744F948ADC0B1002347F6C5
:105B7000FF722FA93EA8FFF7A5FD00213EA8FFF761
:105B800055F90646584604AA06A9CBF80850FFF76F
:105B900055FE3046FFF742FE3EA8FFF70BFB09F02B
:105BA000FF022FAB51464698F9F764FCBDF8BC00E4
:105BB00021882FAA0844ADF8BC00BDF8C000218898
:105BC0000844ADF8C000BDF8BE0061880844ADF8D7
:105BD000BE00BDF8C20061880844ADF8C20048A804
:105BE0000099EDF705F9C0B1002347F6FF722FA920
:105BF0003EA8FFF767FD00213EA8FFF717F904460E
:105C0000584604AA06A9CBF80850FFF717FE20460D
:105C1000FFF704FE3EA8FFF7CDFA0098CBF8080086
:105C20000AE770B514460D460646F1F77FF822469E
:105C300029463046BDE87040F1F74DBA7CB50446C0
:105C4000087E0D4602280ED9A26868462968EDF73D
:105C5000CFF8002807D0E16A09B120468847626B77
:105C60002946204690477CBD2DE9F04FCD6889B08C
:105C70000C46804615B1207C002879D0207C012874
:105C800000D10025D8F8040081880088081A401C3B
:105C900000B20790D8F8082005A82168EDF7A8F809
:105CA000002865D0EEF75EFB83460068D8F800A0B8
:105CB000C06980B9D8F80400BDF91410B0F900200B
:105CC000B0F90200891ABDF91620121A079800FBD4
:105CD00002110AEB410AD4F804905FEA090013D0DC
:105CE00020688288B0F90010B0F90200521A521CE4
:105CF00017B2BDF91420511ABDF91620101A07FB6E
:105D0000001109EB410900E0002795B16069828824
:105D1000B0F90010B0F90200521A521C16B2BDF9C7
:105D20001420891ABDF916202944801A06FB001593
:105D300000E00026D8F804004188008849420AB2F1
:105D4000404201B205A8FCF71DF9DBF80000C0696C
:105D50000028606818D00028207E0CD001A9009788
:105D600081E861004B4605A95046079A0CF0D0F92E
:105D700009B0BDE8F08F8DE86100A36805A9504621
:105D8000079AF8F7B9F8F3E70028607E0DD018B34A
:105D9000217E0097CDE90360CDE901154B4605A9A9
:105DA0005046079A0BF0B0FFE2E758B1217ECDE9EB
:105DB0000260CDE90015A36805A95046079AF7F7D8
:105DC00051FED5E7207E05A98DE86100A368504605
:105DD000079AF7F7EDFECBE7207E01A9009781E84F
:105DE00061004B4605A95046079A0CF00FF8BFE733
:105DF0002DE9FF4FB7B00C46379899461646806894
:105E0000DDF810A10188ADF814104188ADF8161026
:105E10008188ADF81810C088ADF81A0005A8FFF702
:105E2000E5F91F901C2122A804F0F2FAE07A8DF81F
:105E3000A000207B00F00F008DF8A1001F9840B952
:105E4000208830B96088B0F5807F02D1BAF1040FA4
:105E500003D0BAF1050F35D001E0A07A48B302278C
:105E6000B18830880025081A401C00B21D904FF4FC
:105E7000FC60ADF800003390BDF81A10BDF81600B4
:105E8000BDF81420091A491C09B22991BDF818104F
:105E9000ADF80820ADF80C10ADF80A00ADF80E0012
:105EA00002A88B1A22905B1C20880FFA83F878B91D
:105EB0000AE0CDE9226922A93798FFF7BFFE3BB07F
:105EC000BDE8F08F0327CBE76088B0F5807F01D075
:105ED000012000E000202E901F99014304D1BAF167
:105EE000050F01D1A07A60B1EEF73CFAFEF7B8F9E0
:105EF000834605A8FCF70DF85946584575D908465C
:105F000076E0EEF72FFAFEF7ABF9044605A8FCF7AA
:105F100000F82146A04201D9084602E005A8FBF797
:105F2000F8FF8246400004F0CBF88346504604F068
:105F3000C7F80446259002A827900220CDF88CB01F
:105F40008DF89800BDF91620B6F90210511A1D9A65
:105F5000514301FB0790BDF91410B6F90020891ACE
:105F600001FB070900262AE0484600210BE0827861
:105F700062552AB10378427803EB02232BF81530DF
:105F8000491C38446D1C4145F1DB1D9810FB0799F5
:105F900005EB0801514505D8BDF80E00401CADF8D1
:105FA0000E000BE022A93798FFF748FEBDF80E005F
:105FB000401CADF80A00ADF80E000025761C2998AB
:105FC0008642D1DBBDF90A10BDF90E00814206D030
:105FD000401EADF80E0022A93798FFF72FFE20468D
:105FE00004F0BAF8584673E1FFE705A8FBF791FF04
:105FF0002190400004F064F82D90219804F060F89E
:106000000190259002A8279002208DF898002D98E5
:106010002390002004904C210AA804F0F9F92E984E
:1060200020B32088ADF834006088ADF836001D98A4
:10603000CDF82890ADF82C00F18870888DF83AA042
:10604000081A401CADF82E00A088ADF83000E0889A
:10605000ADF832002089ADF83800207D00F0010055
:106060008DF83B000AA8EDF719FC10E0BDF91620E9
:10607000B6F90200B6F90010101A1D9A5043BDF986
:10608000142000FB0790511A01FB07000490002028
:1060900020902B90A07AC0F1FF013491B0B12189FA
:1060A0008AB2D10A11FB00F3209963F30F01C2F306
:1060B000451313FB00F363F31F41209102F01F010E
:1060C00011FB00F12B9861F30F002B90BAF1040F34
:1060D00005D1208818B96088B0F5807F01D00220F2
:1060E00000E001208DF898001F9818B121990198BF
:1060F00004F0BCF9BDF90A10B6F90200081A309094
:106100000020CEE0DDF810B03195BDF90800B6F9F9
:1061100000104FF00009401A329073E02E98B0B191
:10612000089930980844329902B201EB090001B293
:106130000AA8EDF7C7F930B101989DF83E10415516
:10614000BDF83C0022E001980021415556E0BAF12B
:10615000050F0ED00198FF2100F805109BF80010E4
:106160009BF80100BAF1060F01EB002080B206D0C7
:106170000CE001999BF802004855E0B3EEE7339933
:10618000884203D101990020485537E0A17A81B3B4
:106190002099349A89B2C30A13FB0211803101EBB2
:1061A000C11303EBC131C1F3C453BDF8D410C0F324
:1061B000451C63F3CF21209B1B0C1CFB0233803357
:1061C00003EBC31C0CEBC333C3F3C55363F34A1196
:1061D0002B9B00F01F0010FB0230803000EBC01240
:1061E00002EBC030C0F3C45060F30401ADF8D4102A
:1061F00088B22D9900E001E021F8150009F10109AC
:10620000BB446D1CC14589DB1F98C0B1BDF8161099
:106210000898019B084402B23198BDF9081018444F
:1062200081464346FEF7A4FF10B1022804D006E0E1
:106230004846414604F0ECF802208DF898001D997C
:10624000049811FB07000490219805EB0801814296
:1062500005D2BDF80E00401CADF80E001FE022A9CB
:106260003798FFF7EBFCBDF80E000025401CADF899
:106270000A00ADF80E00BAF1040F05D1208818B954
:106280006088B0F5807F01D0022000E001208DF809
:1062900098001F9818B12199019804F0E7F8089820
:1062A000401C0146089029988142FFF62BAFBDF9AA
:1062B0000A10BDF90E00814206D0401EADF80E0056
:1062C00022A93798FFF7BAFC019803F045FF2D98F3
:1062D00003F042FFF3E5000010B50C4638212046DC
:1062E00004F096F8094820610948E0600948A06276
:1062F0000948E06109486061094820620948606214
:106300000948E0620948606310BD0000D9580108DF
:10631000F9670108235C010831630108F15D010898
:10632000D56301087965010831680108695C0108D5
:10633000F0B51F46064687B014460D460868002390
:106340003A4602A900F04BFE002841D0BDF81020CB
:10635000002A3DD0BDF80E10002939D02088BDF8A4
:106360001230184400B2ADF804002B686488B3F80A
:1063700008C05B89ACEB03032344BDF814409B1AAF
:106380001B1B1BB2ADF806304418B168B1F900C050
:1063900064451DDBB1F90440A04219DC9818B1F93D
:1063A0000220904214DBB1F90600834210DC39462A
:1063B000029800F010FE00280AD00299097B890794
:1063C00006D1009002AB01AA29463046F2F7B2FE90
:1063D00007B0F0BD2DE9F0470E46B1F9021096B0B6
:1063E0001C461546814600297ED0307A02287BD98A
:1063F000B5F90000B4F90020904205D1B5F902309A
:10640000B4F90270BB426FD0904200DB104601EB42
:10641000D171A0EB6100ADF84400B5F90010B4F9FA
:106420000000B6F90220814200DD084602EBD2717D
:1064300000EB6100ADF84800B5F90210B4F90200B4
:10644000B6F90220814200DA084602EBD271A0EBD5
:106450006100ADF84600B5F90210B4F90200B6F9D2
:106460000220814200DD084602EBD27100EB6100A0
:10647000ADF84A0011A90846D9F80820ECF7B8FC95
:10648000002875D011A9D9F808A0C9F80810B5F9E5
:106490000200B4F90210884206D123462A4631464A
:1064A0004846F2F7A7FF0EE0B5F90000B4F9001076
:1064B000234688422A463146484602D1F3F702FA7B
:1064C00001E0F3F751F8707A010701D440074DD588
:1064D00002A8FFF7C7F93088ADF80C0047F6FF7047
:1064E000ADF80800307A00E042E08DF80B00B6F914
:1064F0000200471040F3000000F10108707A4007E5
:1065000018D528886A46C01BADF800006888C01BF3
:10651000ADF802002888C119A1EB0800ADF804000D
:106520006888C119A1EB0800ADF8060002A9484629
:10653000FFF784F9707A000718D520886A46C01BD7
:10654000ADF800006088C01BADF802002088C119BA
:10655000A1EB0800ADF804006088C119A1EB0800A8
:10656000ADF8060002A94846FFF768F9C9F808A087
:1065700016B0BDE8F08700002DE9FF4F8BB01E4636
:106580001746032B7ED3002F7CD0B00003F098FD7C
:1065900005007BD00024386828602046721E15E074
:1065A00007EB800137F92030B1F904C0634505D10C
:1065B000B1F90230B1F906C0634505D005EB84039B
:1065C0000968641C1960A4B2401C80B29042E7DBE9
:1065D00007EB8600B7F9001030F9042C914205D181
:1065E000B7F9021030F9022C914206D005EB840174
:1065F00050F8040C641C0860A4B2032C43D37D49FA
:10660000D1E90001CDE90201002027E0BDF9082011
:1066100035F920108A4200DA1146ADF8081005EB72
:106620008002BDF90A10B2F90230994200DB194626
:10663000ADF80A10BDF90C3035F920108B4200DDA1
:106640001946ADF80C10BDF90E30B2F902108B42AC
:1066500000DD1946401CADF80E1080B2A042D5D323
:106660000B9802A9826805A8ECF7C2FB58B10B98F9
:1066700005A90026806809900B988160B5F9021081
:10668000012011E002E0284603F066FD0FB0BDE8EE
:10669000F08F00BF05EB8002B2F902208A4201DAD6
:1066A000114606B2401C80B2A042F3D32C2104FB59
:1066B00001F003F005FD8346B2460490D1464FF049
:1066C0000008701E00D52044621E09F101010892E5
:1066D000914200DD002135F8262035F8203035F8CC
:1066E000217005EB80009B1ABF1A428805EB8600DB
:1066F00005EB810140884988121A081A0021079188
:1067000012FB07F110FB03F0814267DA01200790CA
:1067100001E00798F0B308980AF10106864200DD0F
:106720000026B9F1010700D5274405EB860005EBEB
:106730008A01B0F90200B1F90220904216DB12D0B2
:1067400035F9263035F92A108B420CD04FF0010C68
:10675000CDE9000C5846FEF7EDFD58460499FEF7CA
:1067600065FB0BF12C0B08F10108B246A04523D0C4
:1067700005EB870005EB8901B0F90200B1F90220B1
:10678000904217DB13D035F9273035F929108B42A9
:106790000DD000E022E00026CDE900065846FEF7C5
:1067A000C9FD58460499FEF741FB0BF12C0B08F18B
:1067B0000108B946A045ACD3DDE90B0102AAFFF7F9
:1067C0003DF80498FFF712F8049803F0C5FC28463A
:1067D00003F0C2FC0B990998886057E7BAF10106EB
:1067E00000D52644089809F1010787429DDD00275E
:1067F0009BE7000050CE020870B514460D460646D1
:10680000F5F7B6FC224629463046F0F78FFA2246C5
:1068100029463046F0F75FFC224629463046F0F71D
:106820003CFD224629463046BDE87040F4F7DEBA0A
:10683000704710B50446012104F020FD4FF6FF70AB
:1068400060870121606A04F01BF920460022BDE840
:106850001040202100F058BB70B500200C46486263
:1068600016A1C4E90B10A06294F83C1041F030016D
:1068700084F83C10E08620874FF6FF716187A08680
:1068800094F83C004FF4806120F00F00083084F849
:106890003C00204604F0F4F809A1204600F090FAEC
:1068A000204605F0EFF901460C4804F005FC0546CA
:1068B00004F070FC65626C6270BD0000EF81B8008E
:1068C0004F7074696F6E20310A4F7074696F6E205B
:1068D000320A4F7074696F6E20330000684B0308F2
:1068E00010B50146034804F0E7FB044604F052FCEF
:1068F000204610BD4C4B030870B5486A0C46002575
:1069000010B104F01FFD656294F83C00C00603D48A
:10691000206B03F033FC256370BD000070B50E469C
:106920003F4805F084F8012843D1304600F0A3FA2F
:106930000546304600F0E4FA04460E2D14D00F2D23
:1069400021D0102D1FD0082D21D02A2D23D0292D64
:1069500021D02C2D23D00D2D2CD0152D29D1304612
:10696000BDE87040F3F736BB05F042F900F0EEFEEB
:10697000054601F057FF01F09AFF042819D17DBBAD
:10698000218F2046E186BDE87040FFF752BFBDE889
:106990007040EEF740BFBDE8704007F097B9304651
:1069A00000F0A5FA05460021204606F068F90089A6
:1069B000688070BD304600F09AFA0078132810D035
:1069C00012280ED0142817D0112815D01B28D7D084
:1069D0000A28EED101F03AFFA042EAD02046D6E7DD
:1069E00019E0204600F050F8A8B1E08EA18E401CBE
:1069F0008842DED2214608E0204600F045F850B13A
:106A0000E08E0028D5D02146401EE086BDE87040CB
:106A100008460BF0A7BE2046BDE8704000F090B8D5
:106A20004C4B0308C08E70472DE9F0410446002509
:106A3000006B90460E462F4620B1E9F737FC024620
:106A4000002008E00F70BDE8F081216B095C0A2985
:106A500000D16D1C401C904202D2218FA942F4D17A
:106A60000021A8F1010507E0B8F1000F01D0A9420B
:106A700008D27354401C491C904203D2236B1B5C08
:106A80000A2BF1D17754DEE710B5406A012106F0F8
:106A9000F1F980F0010010BDF8B50F46084600F08E
:106AA000EAF90546182805D03946244804F0BFFF06
:106AB00001283AD1384600F023FA446A0646082DE8
:106AC0000ED0012D17D0092D30D0182D2DD13846DC
:106AD000F2F7A7FF3946BDE8F840184804F0A7BF11
:106AE00001F0A0FE01F0D7FE00281ED13046BDE81F
:106AF000F840FAF744BC01F095FE050015D001F00E
:106B0000D6FE012804D0284601F0D1FE03280CD17E
:106B10006946284601F0A0FEBDF902102046F8F7AC
:106B200097F96087304606F073FCF8BD4FF6FF70AA
:106B300060873046BDE8F84006F06ABC684B030841
:106B40002DE9F8430446012103F0CDFF204605F06E
:106B500099F80146606A07F0D7FB4FF0FF31606A91
:106B600006F0C6FD0121606A04F04EFB00221F21E1
:106B7000204600F0C9F92046F8F7ADFA8046216BAF
:106B800003F053F842F2D171606A07F0F5FD404618
:106B900007F03CFE606A06F024F90546204606F040
:106BA00020F985420EDC94F83C0000F00F00042828
:106BB00001D0082806D1204606F013F90146606A84
:106BC00007F0DAFD404605F018F807460021606A34
:106BD00005F081FD05460021606A05F07FFF46193A
:106BE000002141F61102606A05F0B0FF2844B9198E
:106BF000084407B294F83C003D4600F00F06082E0A
:106C000002D0042E1ED034E0FDF712FBFDF76EFB20
:106C1000B4F91A10294488422BDAFDF709FBFDF775
:106C200065FBB4F91A10411AB4F91600814201DA71
:106C3000042605E0FDF7FCFAFDF758FB618B401ACE
:106C4000401E15E0B4F91600401B12D5FDF7F0FA0E
:106C5000FDF74CFBB4F91A10B4F91650411AA942C9
:106C600007DD0826FDF7E4FAFDF740FB618B401ACB
:106C700005B2BD4200DD3D462946606A07F00EFBC5
:106C800020460BF06FFD0020082E06D0042E09D000
:106C9000012E0CD0022E0FD015E0009000230D2203
:106CA000606A0DE0009000230A22606A08E000900C
:106CB00000231022606A03E000900023606A132220
:106CC000214603F07BFF606A07F0A0FD94F83C00CA
:106CD00000F00F00012801D0022818D1606A06F0E8
:106CE000A2F80646606A06F0BAF80546FDF7A0FA73
:106CF000FDF7FCFAA8420ADCFDF79AFAFDF7F6FA6E
:106D0000281A301A401E01B2606A07F063FD0021A4
:106D10004046226B04F0B4F9022808D04FF000037B
:106D200003281A4601D0012104E0032102E00023D8
:106D30001A46092101B04046BDE8F04303F030BFD8
:106D40002DE9F0410E00044603D00025A586284613
:106D500006E0FEE70A2902D1A18E491CA186401C4B
:106D6000315C0029F6D1A08E401CA086E5862587DF
:106D70003046E9F79BFA471C206B30B194F83C1081
:106D8000C90602D403F0FAF92563384603F06CF91A
:106D9000206390B13146E9F79EFA94F83C0020F068
:106DA0001001204684F83C1006F032FB606A00288F
:106DB00004D0BDE8F04106F02BBBFEE7BDE8F08152
:106DC00070B50E00044603D00025A586294606E0CE
:106DD000FEE70A2802D1A08E401CA086491C705CE8
:106DE0000028F6D1A08E401CA086E586258794F861
:106DF0003C00C00604D4206B10B103F0BFF925633A
:106E000094F83C0040F0100184F83C1020462663C2
:106E100006F0FEFA606A002803D0BDE8704006F074
:106E2000F7BA70BDC28E8A4207D0828E8A4200D8DD
:106E3000511EC186018706F0EBBA704710B50C46AB
:106E40004FF48061204604F0DFF90421204604F06D
:106E5000DBF94FF40031204603F012FE01212046F9
:106E600003F00EFE2046BDE8104002F00FB8486A5D
:106E7000002141627047007A20F08000704740682E
:106E80007047017A15290BD0142909D0162907D08B
:106E9000182905D0172903D0192901D000207047DF
:106EA00000697047017A01291FD002291DD00329EA
:106EB0001BD0042919D0052917D0062915D0072978
:106EC00013D0082911D009290FD00A290DD00B2978
:106ED0000BD00C2909D00D2907D00E2905D00F2978
:106EE00003D0102901D00020704700697047006965
:106EF0007047017A2C2901D0002070470069704743
:106F000000687047C068704710B588B0C0B1009085
:106F100001908DF808100020CDE903029DF81800BB
:106F2000084C20F007008DF8180060680590C4F840
:106F300004D06846F6F7CAFC0599616008B010BD38
:106F40000120FBE790020020027A132A06D1006993
:106F5000B0F900208A4200DD11460180704710B56B
:106F600000F004F8BDE8104000F01EBB10B5002191
:106F70000B4802F075FE0B4CE06008F039FF2080F2
:106F800008F036FF40F48050608008F031FF40F494
:106F90008050A08008F02CFF40F48050E08010BDAD
:106FA000FDE50008E400002010B5092900D12021EA
:106FB0000469F7F7BDFE002806D0616801EBC00048
:106FC000618A890B01D0002010BD00682168C0F3E0
:106FD0001300084410BD08B142681047FEE72DE9D0
:106FE000F0411E4617460D4688B18DB1002104467A
:106FF0002960D4F800C033463A4629462046E04787
:1070000038B1A97BC90604D42C60BDE8F081FEE745
:10701000FEE76469002CECD1F7E700002DE9F047AA
:1070200000269A460C468146092A01D120220126D3
:107030001146D9F81050F7F77BFE071E3DD0E868DF
:107040004FF0000850B151464846F7F771FE020074
:1070500004D039464846F7F747FF80466868298AD2
:1070600000EBC70001FB08F10A110168090D002EB1
:1070700002D000BF4FEA4101114401F108014FEA7B
:107080001111A180417921810179E18090F90620D7
:10709000628190F90700A081688A4FEA5022A07BA4
:1070A00062F3030020F01000A07304D04FF6FF70CD
:1070B00000EA4100E0804FF00100BDE8F0871FB515
:1070C00050B113460A466946FFF789FF002801D0F0
:1070D000BDF8040004B010BDFEE770B5044640687A
:1070E000B0B1C268B2B12168904705466068408877
:1070F00040B1A06830B1C06808B103F03FF8A068A3
:1071000003F03CF8002020606060A060284670BD5D
:107110000B2070BD092070BD10B504460748ECF780
:10712000B8FE08E008680078A04201D1086810BDE8
:107130000248ECF7C0FE0100F4D110BDD0380020A9
:1071400010B50446E9F7B2F840B1215C2E2907D00A
:107150002F2903D05C2901D0401EF6D102A010BD1A
:107160002044401C10BD00000000000010F8011F6A
:107170003A2900D1401C70472DE9F04117460E0016
:10718000054624D03078FFF7C7FF040021D061689E
:1071900009B18847F8B1A068F8B13046FFF7E6FFBB
:1071A0000146A3683A4620469847C0B1411C16D014
:1071B000C5E90004608838B1102002F055FFA860CE
:1071C00078B1102103F024F90020BDE8F0810B20F4
:1071D000FBE70320F9E70120F7E70920F5E70C209A
:1071E000F3E7FEE77CB51C004FF0000500D02560FA
:1071F000436853B11B6953B1019545686B88002BF7
:1072000001AB06D000F012F80BE00B207CBD09208A
:107210007CBD0093006813460A4601462E69284645
:10722000B047002CF4D0019921607CBD2DE9FC5FB2
:107230000446806815468B4690E84600D0F80C80DE
:10724000606800279A46B0F80290B14237D896425B
:1072500035D2701A80B2A9EB00018EB2B54208EBAC
:10726000000104D82A46584602F0F4FF55E03246A1
:10727000584602F0EFFF4D4508D9CDF800A0D4E9FB
:107280000010AB1B0BEB0602066920E0002001900A
:1072900001A80090D4E900104B4607694246B84760
:1072A000A16807464868401C0860A168019A10441C
:1072B0004860A81B82B20BEB0600414628E04D4512
:1072C00008D9CDF800A0066921682B465A46B04778
:1072D00007461FE0B8F1000F06D1484602F0C4FE91
:1072E000A168C860C0B180460020019001A800904C
:1072F000D4E900104B4607694246B8470746A068E4
:107300002A460660A06801993144416041465846CA
:10731000E8F79AFF0FB106E0FEE7CAF80050A06850
:107320008168294481603846BDE8FC9FF8B545680E
:107330000446E5B1AE69E6B16B880020C3B3D2B1B3
:10734000012A21D0022A11D1134620680A4601469B
:107350002846B047002809D1D4E900106A46C3691D
:107360009847002802D1A26800999160F8BD0B20CF
:10737000F8BD0920F8BDA2689160A3680A461D689F
:10738000A9420CD3596808E0A3689A680A449A6035
:10739000A1680B689A4202D349688A42EAD9D4E9C3
:1073A00000100023846901B0A446BDE8F0406047A6
:1073B000FFE7134620680A46014601B02846B44656
:1073C000BDE8F0406047F0B58646807889B0154644
:1073D0000C4610FB04F00012824203DCBEF80000F1
:1073E00009B0F0BD9EF808700EEB870212F8023C5F
:1073F00013FB04F31B129D4202DB32F8040CEFE78F
:107400000022012326E00EEB830C9CF802C01CFB3B
:1074100004FC4FEA2C2C65451ADC0EEB830737F889
:10742000040DADF800000098FCF762FB0646B88832
:10743000ADF800000098FCF75BFB0146B87810FB44
:1074400004F0BA79001212FB04F2C0EB222203E02E
:107450005B1CDBB29F42D6D8281A00B2C0EB0020DA
:1074600090FBF2F0C0B2C0F1FF02CBB213FB00F30D
:10747000F4B214FB023303EBC31404EBC3339C0ECE
:10748000BDF8143064F30403C1F3072414FB00F4C3
:10749000C6F3072515FB024404EBC41505EBC43401
:1074A000640E64F34A13C1F3074111FB00F0C6F305
:1074B000074111FB020000EBC01101EBC030800E50
:1074C00060F3CF23ADF8143098B289E74168002902
:1074D00001DA02F053BE7047FEB50546407A164603
:1074E0000C4640072FD0224F387820B9002000F0FA
:1074F00043F801203870687A00F00700022818D09D
:107500004FEA060080EA6400684001900020009085
:107510006A4601A91748F9F7D7FC01280BD0324673
:1075200021462846EDF750FE009000280BD000249D
:1075300018E02046E6E700980422416802EBB171AA
:107540004FEAB1014160FEBD22462846FFF73BFFEE
:1075500002900098BDF80810806800EB4400641C9D
:10756000018024B20098B0F90E10A142ECDCFEBDFF
:10757000D0000020B9DF000870B5094D0446286826
:1075800002F0FCFD204602F06FFD2860054DA8606A
:1075900020B1214602F03CFF6C6070BDFEE70000A8
:1075A00030020020D000002010B500211B4802F05E
:1075B00057FB1B4C606108F01BFC40F4805020809E
:1075C00008F016FC40F48050A08008F011FC40F454
:1075D0008050608008F00CFC40F48050E08008F09F
:1075E00007FC40F48050208208F002FC40F48050F8
:1075F000E08108F0FDFB40F48050608108F0F8FB6A
:1076000040F48050208108F0F3FB40F48050A081CA
:1076100008F0EEFB40F48050608210BD11F90008C4
:10762000F400002070B50C4606002FD0ECF731FCBA
:1076300005E00868A04229D03046ECF73CFC010088
:10764000F7D1204604F0D4FA40B1A168896829B185
:10765000C9680968A14201D100F087F8A06810B993
:10766000204603F017FCA06886603046ECF754FC17
:1076700005000AD030462C60ECF70BFCA84205D17F
:107680003046BDE8704000F070B8FEE770BD000005
:10769000014A0249F7F71CB9B73E0008933E0008BB
:1076A00070B5060043D004F0A3FA04003FD0207E5A
:1076B000C0073CD10021204600F0C3F82046ECF77B
:1076C000E8FB32E02868B0422BD1E06888B100685E
:1076D000B0420ED02046F7F7DFFB0246E0680F21EC
:1076E0000068FFF711FC012821D1E068006805F06F
:1076F0008FFEE560002D1AD0216909B12046884728
:107700002046F7F7C9FB0246E0680E210068FFF744
:10771000FBFB01280BD1E0680068BDE8704005F074
:1077200077BE29462046ECF7C6FB0500CAD170BDDE
:10773000014A0249F7F7CCB8BF3E0008C53E000831
:10774000014800687047000098020020002802D01D
:10775000007EC0F340007047002803D0C0680028B6
:1077600000D000687047ECF798BB70B50446007E07
:10777000C0F3C00540F0080020764007204602D440
:10778000FFF786FF01E0FFF7D3FF207E65F3C3001C
:10779000207670BD2DE9F041064604F029FA040078
:1077A0003DD0E068002740B30068B04220D1207E81
:1077B000C10702D020F0010020762046ECF769FBDB
:1077C000E16888420FD12046ECF77CFBE1688842F3
:1077D00009D12046F7F760FB0246E0680F210068F8
:1077E000FFF792FB02E02046FFF7BFFFE06820B101
:1077F000E0680068B04200D1E7602046ECF749FB42
:1078000011E028682946B04220460AD1ECF7ABFBCC
:10781000284602F0B3FCB068002800D08760BDE8BD
:10782000F081ECF748FB0500EBD1F8E713B5FFF763
:1078300093FF20B101AA0D21FFF766FB1CBD0120BB
:107840001CBD70B504001CD0207EC0F340028A42EB
:1078500017D061F3410020762046FFF77DFF050039
:107860000FD02046F7F718FB0246E0680E210068AB
:10787000FFF74AFB012804D12846BDE8704005F017
:10788000C7BD70BDFFB58368006800F01F04052CFC
:1078900008D00B2C10D00C2C23D00D2C32D00E2C59
:1078A00047D01CE0C0F38A2010FB021000EB400020
:1078B0001844807804B0F0BD01F00704C0F38A20BA
:1078C000C910C01DC00810FB0210185CC4F10701EC
:1078D00001228A401040C84001D00020EAE7FF2082
:1078E000E8E717A4C0F38A20246800948C07640F8B
:1078F0008910C01C800810FB0210185CC4F106013E
:10790000032210E00FA7C0F38A20F0CF8DE8F0002B
:10791000CC07640F4910401C400810FB0210185C93
:10792000C4F104010F228A401040C8401DF8000035
:10793000C0E7C0F38A2010FB0210185CBAE7000011
:107940000055AAFF00112233445566778899AABBD7
:10795000CCDDEEFF2DE9FF410D460746BDF80010D6
:10796000002060F3040189B260F34A1189B260F328
:10797000CF21ADF8001088B20090BDF80000019052
:107980003968BC6801F01F001646042814D0062888
:1079900012D0052810D007281DD008282AD0092881
:1079A00037D00A2849D00B2851D00C284FD00D28A9
:1079B0004DD00E284BD04BE000F04FF8C10838688E
:1079C000C0F38A2010FB065001FB0041022201A8EF
:1079D00002F0D4FC3CE0C1F38A21EA10C91D05F095
:1079E0000700C90811FB06210834C0F10700615CDB
:1079F00001221CE0A807C1F38A21400FAA10C91C6C
:107A0000890811FB06211034C0F10600615C0322D5
:107A10000DE0E807C1F38A21400F6A10491C4908AC
:107A200011FB06214034C0F10400615C0F2282404A
:107A30001140C140ADF804100AE0C1F38A2010FBE8
:107A4000025004F58064205CADF8040000E001936E
:107A5000BDF8040004B0BDE8F081014600200F2904
:107A60000AD2DFE801F009090909080A080C0E101A
:107A7000120C0E10120010207047182070470120C1
:107A80007047022070470420704708207047014665
:107A90000020891E0D2909D2DFE801F00708080738
:107AA0000807070707070707070001207047014677
:107AB0000020032901D0062900D10120704770B5AC
:107AC00000254D6291F838000C4620F07C0040F013
:107AD000030081F83800084605F083F9A0852046A8
:107AE00004F08BF8E08525864FF48070E08694F8EA
:107AF0003800022140F0800084F838002585658533
:107B00006586A58684F83950204603F07DFB204623
:107B1000BDE870404FF4803102F0B2BF10B50146AD
:107B2000034803F0C9FA044603F034FB204610BDB5
:107B3000844B030870B54C6A0D46002C12D0287C8B
:107B4000012802D12046FFF7C8FAE06808B102F028
:107B500015FB206908B102F011FB204602F00EFB74
:107B60000020686270BD00007FB514460D460846CF
:107B700000F08FFD20B1012817D0022839D035E060
:107B8000296801F01F00001F0B282FD2880A2168E6
:107B900060F3942121602868400D60F35F512160FB
:107BA000287860F3040121602FE02846FFF7C8FA27
:107BB00017A1E8F782FBC8B9022229466846FFF7F9
:107BC000DBFA68B903AB042221466846FFF70AFBDB
:107BD00005466846FFF781FA45B90398042805D1A0
:107BE000207800F01F00001F0B280ED3002004B0E7
:107BF00070BD2068012161F39420C0F3140000F5EA
:107C0000001020F01F000B3020600120EFE7000083
:107C100062696E002DE9FF4F80465CA087B0006866
:107C200004905BA05BA3006893460F4605900FCBC2
:107C30008DE80F00B8F80810002089B2CAB2090A0E
:107C400009E000BF149C00EB4003401CE254149C6C
:107C500000B2234459700A9B9842F3DB98F8140051
:107C60004FF0000900F01F00FFF7F7FE82460121E8
:107C700001FA0AF1491E88B206900025D8F81400CE
:107C80002C4600F01F012E460B2906D00C2912D0DD
:107C90000D2920D00E2931D12CE0C0F38A20C01D3F
:107CA000C50804EBE70115FB0B1407F00700C0F152
:107CB000070604A80DE0C0F38A20C01C850804EB69
:107CC000A70115FB0B1407F003000621A1EB4006EA
:107CD00005A8814612E0C0F38A20401C450804EB49
:107CE000670115FB0B1407F001000421A1EB8006CE
:107CF0006846EEE7C0F38A2515FB0B742846D8F8D2
:107D0000247002F0DDF95FEA000B13D098F8100040
:107D1000A0B10022211D3846FFF708FB00232A46A8
:107D200059463846FFF75EFA5946CAF10802002064
:107D300053B222E000200BB0BDE8F08FD8F8040069
:107D400080680119F1E70A78069CF240224098F811
:107D5000144004F01F040E2C01D019F80220149CCA
:107D600000EB40052C44A270A6EB0A0256B2002E8E
:107D700001DA1E46491C401C00B20A9A9042E2DB1E
:107D8000584602F0E9F90120D5E7000000FF0000A5
:107D90000055AAFF00112233445566778899AABB83
:107DA000CCDDEEFF2DE9FF4F8046007D81B091468E
:107DB0000E4600F01F00FFF750FE8246012101FA37
:107DC0000AF1491E0025D8F814001FFA81FB00F0C3
:107DD0001F012F462C46072906D0082912D0092951
:107DE0001FD00A2932D12BE0C0F38A20C01DC5085C
:107DF00004EBE60115FB091406F00700C0F10707C4
:107E0000083423E0C0F38A20C01C850804EBA601D7
:107E100015FB0914062106F00300A1EB40071034FE
:107E200014E0C0F38A20401C450804EB660115FBF2
:107E30000914042106F00100A1EB8007403405E09D
:107E4000C0F38A2515FB096404F580642846D8F838
:107E5000249002F035F9061E40D098F8100068B161
:107E60000022211D4846FFF761FA00232A463146C9
:107E70004846FFF7B7F93146002028E0D8F804005B
:107E800080680119F8E70A78D9F80C30FA4002EA5C
:107E90000B0203EB42030E9D1B8800EB4004ADF880
:107EA00000302B55BDF800301D0A0E9B23445D7039
:107EB000D9F81040A25C9A70A7EB0A0257B2002FC3
:107EC00003DACAF1080257B2491C401C00B2049AF6
:107ED0009042D8DB304602F03FF9012005B0BDE802
:107EE000F08F00002DE9FE430646087C0C46012871
:107EF00001D028B328E06068FFF722F956A1E8F71F
:107F0000DCF928B9022268466168FFF735F910B13B
:107F10000020BDE8FE83606A38B9142002F0A4F89E
:107F2000606260B1142102F073FA606A69460C2243
:107F300011F8013B00F8013B521EF9D104E0FEE7C5
:107F4000606880680028E4D0207D00F01F000428CD
:107F500014D0052812D0062810D0072814D00828DD
:107F600012D0092810D00A280ED00B286DD00C286A
:107F70006BD00D2869D00E2867D068E0207C80BBCC
:107F800060688068A06160E0FFF767FD01278740B7
:107F9000606A38B9142002F067F86062B8B1142141
:107FA00002F036FA7800656A02F05EF8E86078B1AF
:107FB000384602F059F8286158B1E86878B3207C57
:107FC000012807D060680024D0F808803BE0FEE775
:107FD000FEE7FEE7002204212846FFF7A7F9002468
:107FE0001AE032E00023042269462846FFF7FAF837
:107FF0009DF800209DF801109DF80200FBF795FC0C
:108000000190E868BDF8041000EB44000180296984
:108010009DF803000855641CBC42E3D315E016E04C
:1080200008EB840618F824207178B078FBF77DFC03
:108030000090E868BDF8001000EB44000180296959
:10804000F0780855641CBC42EAD3012061E7214660
:108050003046FFF76FFD5BE762696E002DE9F84F70
:108060000C461D461646207DDDE90A32002100F04F
:108070001F00042816D0052814D0062812D00B287B
:1080800039D00C2837D00D2835D00E2833D007280A
:1080900038D0082836D0092834D00A2832D0002019
:1080A000BDE8F88F277C012F33D198469146D4F84C
:1080B00024A0FFF7D2FC07466069C0F38A2015FBB5
:1080C00000607843C11000225046091DFFF72EF9C9
:1080D000002470B9FD0805FB08F56B462A464946A1
:1080E00050460094FFF77EF818B90098854200D1F9
:1080F000012421460DE000922A4631462046FFF732
:1081000089FD05E000922A4631462046FFF74AFEE7
:1081100001460846C4E710B50446006800280BD0A5
:10812000C2680AB121469047207C012804D16068CA
:1081300002F024F80020606010BD000010B5054872
:10814000EBF7CCFE040004D0142102F061F92046C4
:1081500010BDFEE7F43800202DE9F0410F4605463A
:108160000421384602F054F925B1284600F091FA6E
:1081700018B105E00020BDE8F081A8680028FAD019
:1081800000260A48EBF785FE0BE023682BB13A4640
:10819000294698470646012805D021460348EBF7B3
:1081A0008AFE0400F1D13046E5E70000F4380020F3
:1081B0002DE9FF410E461D460446282102F028F90C
:1081C000AEB1304600F065FA08B9B16879B1BDF8D2
:1081D000081021812074E56001280CD0666000271A
:1081E0002148EBF756FE054604F1140831E0002063
:1081F00004B0BDE8F0813046E8F758F8401C01F0C3
:1082000033FF606018B13146E8F765F8E7E7FEE74D
:108210002B68CBB16868B8B14246314628469847CA
:108220000746012810D125606A68214628469047F4
:1082300007460128DCD00421404602F0E9F800207E
:108240002062A0616062E06129460748EBF733FED7
:108250000546002DDCD1207C012802D1606801F0A8
:108260008DFF3846C4E70000F43800202DE9FC41BA
:1082700005680E46089FAC6800213CB1CDE9003787
:108280001346014632462846A04701460846BDE847
:10829000FC8110B591F838000C4600F0030001286D
:1082A00001D0022809D154F8240F01F067FF002003
:1082B0002060207D40F00300207510BD2DE9FF47B0
:1082C0000E460846FEF7D7FD0546152807D0182D9F
:1082D00005D03146814803F0AAFB012878D1304609
:1082E000FEF70EFE04462A2D13D04FF48078132D8E
:1082F00021D0112D6ED02C2D7ED0152D03D0182D10
:1083000001D0122D64D104B03046BDE8F047F0F73B
:108310002FB994F8380000F003000228204604D05A
:1083200004B0BDE8F04705F0A5BC616A04B0BDE843
:10833000F04700F003B93046FEF7D9FD05460021AD
:10834000204604F016FDE18E414341F30F26002143
:10835000204604F0EBFC218E084407B20FB94645D5
:1083600036D0204604F03DFD8046204603F045FC13
:108370008146B0B23234CDE900043B464A4641461C
:1083800002A8EAF77FFFB5F90000BDF90810411A0D
:10839000884200DD014609B22980BDF90A20821A0F
:1083A000914200DC114609B22980BDF90C20131856
:1083B000A3EB0802914200DC114609B22980BDF905
:1083C0000E200244A2EB0900814200DC0146298014
:1083D000BDE8FF873046FEF78AFD054600212046AE
:1083E00004F0C7FCE18E414341F30F2600212046F3
:1083F00004F09CFC218E00E05CE0084407B22046BB
:1084000004F0EFFCB4F92C10884248D1204603F068
:10841000F4FB0146B4F92E00814240D1464510D10B
:108420007FB9B4F92C10B4F9322001EBD171B2EB61
:10843000610F06D1B4F9341000EBD070B1EB600FCE
:108440002DD0204604F0CDFC8046204603F0D5FB1D
:10845000024604F13201B0B2CDE900013B4641468B
:1084600002A8EAF70FFFBDF80800A18A002208441D
:10847000ADF80800BDF80A00E18A0844ADF80A002A
:10848000BDF80C00A18A0844ADF80C00BDF80E0040
:10849000E18A0844ADF80E0002A8296806E06946A2
:1084A000204603F0F1FA002268462968EAF788FDC1
:1084B00028718DE73046FEF71AFD054694F839001D
:1084C00000F00300012804D0A08D2880E08D688092
:1084D0007EE7204600F004F8286079E7844B030823
:1084E0007FB50446002104F044FCE18E41430E12A6
:1084F0000021204604F01AFC218E04F132020844C7
:10850000B1B2CDE9001203B2B4F92E20B4F92C10A7
:1085100002A8EAF7B7FEBDF80C00BDF80810BDF8D8
:108520000A20411A2846491C61F30F00BDF80E10BD
:1085300004B0891A491C61F31F4070BD2DE9F04356
:1085400085B08846044604F063FF404600F0A1F879
:1085500005464FF00009032809D003A94046FFF75C
:10856000FBFDC5B1012D24D0022D22D06BE094F883
:10857000380000F00300022801D0012802D1606A0F
:1085800001F0FCFD44F8249F207D40F0030020759D
:1085900005B0BDE8F08394F8380000F0030001282E
:1085A00001D0022802D1606A01F0E8FDC4F82480FD
:1085B00049E0606A404519D094F83810002601F06F
:1085C0000301012901D0022900D106464046E7F700
:1085D0006DFE401C01F048FD07000AD04146E7F758
:1085E0007AFE676216B1304601F0C8FD022D01D057
:1085F00029E0FEE72046002141F2594204F0A6FAA4
:1086000006462046002141F25A4204F09FFA07B282
:108610002046002141F25B4204F098FA00B241F694
:10862000FF728DE805023B463246414604A809F038
:1086300035F9BDF81010039861F39420BDF81210BD
:1086400061F35F50039094F8380065F3010084F8FB
:1086500038000398C0F38A21A185430DE38594F87F
:10866000382060F3860284F838204A08810D62863B
:108670002046A18605F02AFB208E18B9E08EB0F5C1
:10868000807F02D0204605F0F5FA204604F0C0FEB7
:108690007EE7032130B10078A0F120015F2903D8E3
:1086A0000120704708467047802801D30220704798
:1086B0000020704710B50C46182104F1240001F089
:1086C000A7FE182104F13C0001F0A2FE182104F1DC
:1086D000540001F09DFE002084F86C0010BD0000E5
:1086E00010B50146034802F0E7FC044602F052FDD3
:1086F000204610BDFCCE0208F8B50E46274803F010
:1087000096F9012836D13046FEF7B5FB04463046CF
:10871000FEF7F6FB0546012C2DD0082C2BD0032CA0
:1087200029D0152C2BD0122C2ED02C2C22D1304617
:10873000FEF7DFFB04462846F6F7C9FF0146284648
:108740000CF0ECFB05EB8000C16B002912D1426AF2
:10875000002A0FD0406D00280CD169461046FFF763
:10876000FBFC0098B4F90010C0F38A20814200DDC0
:1087700008462080F8BDBDE8F8400AF071B93046DF
:10878000BDE8F840F1F795B93046FEF7B0FB017847
:108790000229EFD001210170F8BD0000FCCE0208D3
:1087A00030B400EB8101029C4C654B62CA6330BC63
:1087B0000AF056B910B50446202101F029FE002028
:1087C00020700A20207660764FF4C870A083642061
:1087D000E0833220E0760320A07610BD70B5054618
:1087E000006920B9FBF724FD2861002814D00B484C
:1087F000EBF774FB040010D0582101F009FE25604E
:108800006079224640F0020060710421044808F0BB
:1088100073FD21684861204670BDFEE7C438002022
:10882000D988010801488068704700009C02002038
:1088300090F840000009704718B101460248EBF774
:108840003ABB0148EBF725BBC4380020014840681B
:10885000704700009C02002038B102681278012A9B
:1088600005D0032A03D04FF0FF30088002E00289D0
:108870000A80408948807047002806D0016809783E
:10888000012903D0032901D00020704790F840004F
:1088900000F00F007047002806D001680978012910
:1088A00003D0032901D000207047C06A7047002818
:1088B00001D000680078704700220A804A800028B2
:1088C00009D002681278012A01D0032A03D1828AD2
:1088D0000A80C08A488070477FB5284CC068A06075
:1088E00001680969002947D0F7F7CAFEA0684079F6
:1088F000400741D400256946A068EBF791F89DF840
:108900000F60A068F7F7BCFE6560A1689DF80E00D7
:108910000871012806D008680078042809D1BDF83C
:108920000C00D0B108F064FCA16809680969C1F8BD
:108930005401A06801680978012906D0022908D0ED
:1089400004290AD003290DD00FE06946F7F708FD86
:108950000BE06946F7F734FC07E06946A068F7F7D3
:108960002BFA02E06946F7F7A1F9A068F7F788FE4D
:10897000002EC0D1A56065607FBD00009C02002074
:1089800070B5204E0C460025B0B3417941F002018C
:108990004171B168814200D175600168097801298F
:1089A00001D002290ED114B1016BA14201D105639E
:1089B00014B1416AA14201D1456214B1816AA14258
:1089C00000D1856270BD417941F0020141710168B9
:1089D0000978012901D002290ED114B1016BA142FD
:1089E00001D1056314B1416AA14201D1456214B1BC
:1089F000816AA14200D18562FFF71EFF0028E2D103
:108A0000756070BD9C02002010B50446407920F0CE
:108A10000100607108F0ECFBA06408F0E9FB606401
:108A200010BD002804D0032906D00C2901D0002055
:108A30007047B0F9221001E0B0F920100068427EC2
:108A40000020C2F16402642306E0084400B212FB75
:108A500001F191FBF3F109B20029F6D170472DE93C
:108A6000F0410F460546012104F004FA30BB3946B7
:108A7000284604F010FA06460022394605F1140093
:108A8000EAF79EFA28B94FF40021284604F0F2F9DB
:108A900080B1284602F0F3FF401E04000AD4A86803
:108AA0003946006850F82400FFF7D9FF002803D1A9
:108AB000641EF4D516B12846BDE8F0810020FBE71E
:108AC000002803D0417941F008014171704700004E
:108AD00010B5144C2078002821D101F05DFBEBF794
:108AE0004FFCEAF7C3FBEAF76BF9EAF7C5FBFBF7C4
:108AF000A7FEEBF71BFB4FF4AC710B48EBF7E6F965
:108B000058210A48EBF7E2F9EBF732FCEAF76CFF81
:108B10004420112804D0FEF722FA0120207010BD55
:108B2000FEE70000A8020020B8380020C43800206A
:108B300010B50C460421204602F066FB0020A0631D
:108B400084F83C0084F83D00034602460521204697
:108B500002F026F800231C220649204601F052FFAD
:108B600000221146204605F08BFD2046BDE810404E
:108B700000F048B9798B01082DE9F041FEF7C0F902
:108B80000446F9F7FBFEA0F57F41FF397ED0204671
:108B9000F9F7F4FE01462046F9F7C6FE050075D048
:108BA0006EA1E7F78AFB6E4E002806F1240748D035
:108BB0006CA12846E7F781FB00284BD06AA1284624
:108BC000E7F77BFB00284ED068A12846E7F775FB46
:108BD000002855D066A12846E7F76FFB00284FD044
:108BE00064A12846E7F769FB00285AD0A06B00284B
:108BF0004CD061A12846E7F760FB002861D060A156
:108C00002846E7F75AFB00285BD05EA12846E7F725
:108C100054FB002860D05CA12846E7F74EFBB0B3B8
:108C20005AA12846E7F749FB90B359A12846E7F730
:108C300044FB0028A06B5ED02946BDE8F04107F058
:108C4000B7BE002184F83C1020463168F9F7E4FEF5
:108C5000396810E0012184F83C1020467168F9F76A
:108C6000DBFE796807E0022184F83C102046B168F9
:108C7000F9F7D2FEB9682046BDE8F041F9F7BFBE6A
:108C8000002220212046FEF73FF902E063E028E0C1
:108C90002CE001285FD1A06B00285CD000222021AD
:108CA0000BE000221F212046FEF72EF9012852D1A9
:108CB000A06B00284FD000221F21BDE8F041FEF735
:108CC00023B90A21A06B07F0F3FDA06B08F0B2F8FE
:108CD000002840D0A06BEEE7A06BBDE8F04107F0A4
:108CE0008ABFA06BBDE8F04107F08CBFA06BBDE868
:108CF000F04107F0B1BF08F09BF885B2A06B08F017
:108D00009EF800782D280FD02B28A06B16D00021BC
:108D100008F0A4F82D21A06B07F0CAFDA06B691C18
:108D2000BDE8F04108F09AB80121A06B08F096F870
:108D3000A06B07F091FF2B21A06B07E0012108F049
:108D40008DF8A06B07F088FF2D21A06B07F0B0FD18
:108D50002946A06BE4E7BDE8F08100006162630092
:108D6000880100204142430031230000EF808D0044
:108D7000EF849C00EF808C00456E746572000000EB
:108D8000EFA2A200EF819300EF819400EF959A008B
:108D90002B2F2D002DE9F0410446074690F83D00A9
:108DA000174EC00708D094F83C0056F820103846FB
:108DB000BDE8F041F9F723BE208E400001F054F9E0
:108DC0000546208E420097F83C0056F820102846B1
:108DD00001F040FA002007E035F8101021F400718E
:108DE00025F81010401C80B2218E8142F4D829460B
:108DF0002046F9F704FE2846BDE8F04101F0BEB96F
:108E0000AC01002010B5044690F83C00054951F82B
:108E100020102046F9F700FE2046BDE81040FFF77D
:108E2000B9BF00008801002010B50C460020486240
:108E300014F8481F21F0180104F81C19411E216084
:108E4000227F22F00702227720836083E060C4E95A
:108E50000110090C2161616144F8040C14F81C0F25
:108E6000022120F0400004F84809204602F0CCF925
:108E70000021204600F038FE2046BDE8104001A148
:108E800000F06EBE546578740000000010B5014615
:108E9000034802F011F9044602F07CF9204610BDA7
:108EA000A04B030810B508460C4600F00AF894F8E9
:108EB0004800000702D4606A01F060F90020606297
:108EC00010BD10B5044690F84800400603D5A06ACE
:108ED00008B101F053F994F8480020F0400084F8FC
:108EE00048000020A06210BD2DE9FF470E463F4814
:108EF00002F09DFD012876D13046FDF7BCFF044607
:108F00003046FDF7FDFF05462A2C1CD0132C0BD054
:108F1000292C18D02C2C1ED0152C64D104B030462E
:108F2000BDE8F047F1F77CB9002103F0ACFEB0F9E1
:108F3000080004B0C11700EB917081103046BDE805
:108F4000F047FEF701B800F09DFD04B02846BDE8EB
:108F5000F04700F04BBB002103F095FE8146002155
:108F6000284603F0ABFE80460021284603F0C2FEEF
:108F7000074695F848000024C10600D50124800664
:108F800001D544F00204284602F0E5FD0021284600
:108F900003F00BFFA0F51C51D13905D1688C4005B9
:108FA00002D441F6FF7002E0284602F0D4FD00979B
:108FB000CDE9010443464A4603A8696A08F06EFCFD
:108FC0003046FDF794FFB0F90020BDF90C108A423D
:108FD00000DD11460180B0F90220BDF90E108A4271
:108FE00000DD11464180BDE8FF870000A04B03086B
:108FF0002DE9F04F8BB00D0080465BD0002141F68B
:10900000120203F0A3FD298841F61002081A60F34A
:109010000F044046002103F099FD6988081A60F3A7
:109020001F44A14608A9404602F04DFDBDF82400AA
:10903000BDF820100025401A401C00B2D8F824705A
:1090400005902C462946404603F01DFE0290002163
:10905000404603F04FFE00900021404603F02EFEF4
:1090600003900298AB465E46B0F90800079098F866
:109070004800C10600D50126800601D546F002064B
:109080000021404603F091FEA0F51C51D13905D1D5
:10909000B8F82200400501D446F0040640460021FD
:1090A000D8F8242001F0ECFF82460099079800EBE5
:1090B000010821E0FEE70020CDE90006DDE902120B
:1090C0007819059BEBF7A2F9044407984FEA294267
:1090D000584482420BDC444A009469461268384680
:1090E00090470A280BD0385D48B9641C07E008EBAC
:1090F0000B000FFA80FB2546785D0028DBD107EBDB
:10910000050B4FF00008BAF1020F03D0BAF1030FBC
:1091100016D025E0DDE90223611B5846009608F0D1
:109120001BFCBDF82410BDF8202000EBD070891A7C
:10913000491C09B201EBD1714910A1EB60000DE0AF
:10914000DDE90223611B5846009608F005FCBDF8D6
:109150002410BDF82020891A491C081A0FFA80F83B
:1091600000208DF818008246049044BB2BE004AB2D
:109170006A4601A95846EBF731F9F00706D0049882
:109180001BF8001006A8EBF7EBF9C0B9DDE90110F8
:10919000009AFDF794FF01B20FFA89F208EB010083
:1091A00082421EDB04994A19A2421AD00AEB050238
:1091B000BA5CB2B1039A8A4610440FFA80F8049858
:1091C0002844A042D3D3094C5846049922689047BA
:1091D000064622682946384690470BB03044BDE821
:1091E000F08FCDF810A0EEE76402002068020020A6
:1091F0002DE9F74F8AB05FEA0209804664D0D8F8BB
:10920000245040462A46002101F03AFF8346287840
:1092100000285AD007A9404602F055FCBDF82000AE
:10922000BDF81C100024401A401C00B204902646D1
:109230002146404603F027FD03900021404603F0FD
:1092400059FD06900021404603F038FD0290039836
:10925000A2465746B0F90800059098F84800C106A4
:1092600000D50127800601D547F0020700214046BE
:1092700003F09BFDA0F51C51D13905D1B8F82200AF
:10928000400501D447F004074B4A28460B99126861
:1092900090478046A85DA8B3DDE905100844099011
:1092A0000020CDE90007DDE902212819049BEBF736
:1092B000ADF80644B04526D3A85D18B309983446E6
:1092C00050440FFA80FAEBE7FEE70020A9F802000D
:1092D0005946BBF1010F07D002290AD0BBF1030F99
:1092E00004D1404602F037FCA9F800000DB0BDE8FB
:1092F000F08F404602F02FFC00EBD0704110A9F82F
:109300000010F3E7FFE7B8F1000F12D005EB0800FB
:1093100010F8010C0A2801D00D280AD115F8080010
:1093200038B9DDE90501014401EB0A000FFA80FAC2
:1093300044462819CDE90070DDE90103A8EB0401DA
:10934000039A08F009FB05460B98A04202D0029848
:10935000284405B2BBF1020F03D0BBF1030F16D0B6
:1093600025E00097DDE90103311B039A08F0F4FAC8
:10937000BDF82010BDF81C2000EBD070891A491CE4
:1093800009B201EBD1714910A1EB60000DE000972B
:10939000DDE90103311B039A08F0DEFABDF8201065
:1093A000BDF81C20891A491C081A284405B2A9F8DE
:1093B0000050A9F802A099E75C020020406A7047BB
:1093C000006C7047C06B70472DE9F04117000D46E7
:1093D000044627D094F84800000725D4204604F01E
:1093E00017F8606AE6F762FF06463846E6F75EFF62
:1093F0008119491C606A00F005FF606298B1A5F50B
:109400007F41FF3903D109490968884705463A4633
:109410002946606AEBF77AF82046BDE8F041002162
:1094200000F09EBBFEE7FEE7BDE8F0816C02002085
:109430002DE9F04F95B05FEA010A80465FD010A990
:10944000404602F040FBBDF84400BDF84010002447
:10945000401A401C00B2D8F824700A9025462146D4
:10946000404603F010FC03900021404603F042FC0C
:1094700000900021404603F021FC02900398002157
:10948000B0F908000B904046D8F8242001F0F8FD10
:10949000834698F84800A1464E46C10600D50126ED
:1094A000800601D546F002060021404603F07DFC0F
:1094B000A0F51C52D13A05D1B8F82210490501D4C3
:1094C00046F004060B99009801EB0008385DB8B12E
:1094D0000020CDE90006DDE9022138190A9BEAF7F0
:1094E00095FF0B990544BAF9022009EB010082426D
:1094F00006DD08EB09000FFA80F92C46E6E7FEE7E7
:109500004FF00008C146BBF1020F03D0BBF1030FBF
:1095100016D025E0DDE90232291B3819009608F043
:109520001BFABDF84410BDF8402000EBD070891A3A
:10953000491C09B201EBD1714910A1EB60000DE0AB
:10954000DDE90232291B3819009608F005FABDF84A
:109550004410BDF84020891A491C081A0FFA80F8F7
:1095600000208DF84800089004940C90FDB16D1E09
:109570000498A8421BD804AB0CAA08A93846EAF7FD
:109580002DFFF00706D00498395C12A8EAF7E8FF2F
:109590000028EDD1C1460C9A08990398FDF78FFD7C
:1095A0004044BAF9001000B2814216DA04940C9AD1
:1095B00008990398FDF783FD0299029B0144BAF9CB
:1095C0000000A9EB0302491C90420CDB494488428D
:1095D00009DC012015B0BDE8F08F0299049C084415
:1095E0000FFA80F8C4E70020F4E700002DE9F04FFF
:1095F0000446406A99B000287ED04FF0FF3913A985
:109600002046C4F8309002F05EFABDF85000BDF874
:109610004C10401A401C0FFA80F80021204603F03D
:1096200032FB05460021204603F064FB074600217B
:10963000204603F043FB824694F848000026C1060A
:1096400000D50126800601D546F0020600212046FD
:1096500003F0ABFBA0F51C51D13904D1608C40055F
:1096600001D446F004060097CDE9018653462A4608
:1096700015A8616A08F012F9204604F027FB94F857
:1096800048004FF6FF7B00F007004FF0000802286B
:1096900004D003287ED001287DD0DFE100212046C0
:1096A00002F0B0FF0604360C08D1204602F074FA2E
:1096B000FAF7C4FD032190FBF1F086B26846F7F794
:1096C000DDFE4FF496700094ADF83CB00C900E9017
:1096D000BDF85010BDF84C00BDF95420081A401CCC
:1096E000002701B2914233DA0020891A0790CDE9B0
:1096F0000801DD48014600E0B3E101902046F7F79C
:10970000A5FE00210A4620B1C16A90F83E00C0F3D0
:1097100040020A9888420FDD9DF83E000B9120F030
:1097200001008DF83E003AB140F002008DF83E0095
:1097300009990798079109903046099A0799F7F710
:1097400004FF0A900D906846F7F70CFF012705E02B
:10975000C5492046F7F74EFEA4F84480BDF85200F4
:10976000BDF84E10BDF95620401A401C00B2904280
:109770007EDA002F7CD1821AB5F908000021101A78
:10978000CDE90810B9480791014601902046F7F746
:109790005DFE01E023E0AEE000210A4620B1C16A8F
:1097A00090F83E00C0F340020A9888420FDD9DF811
:1097B0003E000B9120F001008DF83E003AB140F0E0
:1097C00002008DF83E0009990798079109903046EC
:1097D000099A0799F7F7B9FE0A900D9087E00021E2
:1097E000204602F00FFF0604360C08D1204602F096
:1097F000D3F9FAF723FD032190FBF1F086B2684616
:10980000F7F73CFE0094ADF83CB0BDF85000BDF851
:109810004C100027401A401CBDF9541000B2884279
:109820002CDA202211462846FDF749FCBDF95410D8
:1098300000EB400008444042CDE908708A48079791
:1098400001903046099A0799F7F77FFE0A908649FA
:109850002046F7F7FBFD00B1C06A0A99814206DD98
:109860000B909DF83E0020F001008DF83E0000E0D6
:1098700016E06846F7F776FE012705E07A492046AC
:10988000F7F7B8FDA4F84480BDF85200BDF84E10BB
:10989000401A401CBDF9561000B2884200DA37B1B8
:1098A00072492046F7F7A6FDA4F84680D6E0B5F940
:1098B00008200020114449420790CDE908016B4877
:1098C0000A46019030460799F7F73FFE0A9067492C
:1098D0002046F7F7BBFD00B1C06A0A99814206DD58
:1098E0000B909DF83E0020F001008DF83E00684688
:1098F000F7F738FEB2E0BDF85200BDF84E10401A3E
:10990000401C01B2BDF95600814209DAB5F90810D0
:10991000884205DD5649606A09688847032802D8ED
:10992000C4F82C909AE0BDF85000BDF84C102E22DF
:10993000461A11462846761CFDF7C1FB5044A0EBA1
:1099400080003044ADF80000BDF85200BDF84E1064
:10995000401A401C00B2ADF80200B5F90820D11938
:1099600090FBF1F301FB13018A42A0EB010004DC40
:10997000ADF802002989084400E0C01BADF80200E0
:1099800069462046FFF734FB8146606AE6F78EFCA5
:10999000384A074649461268606A9047364D069035
:1099A00005E02A6806A9606A9047A9F101090698AE
:1099B000C01CB842F5D80025DFF8C0B0069EAA4604
:1099C000606A06990844DBF8001088472C4A28444E
:1099D000C5B2126806A9606A9047032D07D8069899
:1099E000B84204D80AF1010ABAF1030FE8D9616A52
:1099F000204601EB060A0746FFF763FA042D12D949
:109A0000681C00F031FBB86240B32A46514600F0B2
:109A100021FCB96A01F8058097F8480040F0400041
:109A200087F848000BE097F848002A4620F04000ED
:109A300087F84800514607F1280000F00BFC002091
:109A40002E213318626A401C0328D154F9D3616A6D
:109A5000F61C09F1030001F80680E062204603F0DD
:109A6000D7FC19B0BDE8F08F9D330208A53302087A
:109A70006C0200205C0200206402002054020020DE
:109A8000580200202DE9F0410446054690F84800B0
:109A900000F00700012823D1E96A481C20D0114AB0
:109AA000686AC91E12689047024694F84810002060
:109AB000490601D5A16A06E004F1280103E00F5C24
:109AC000401CF754C0B26E6A1318F75C002FF6D131
:109AD000095C104431542046FFF7F3F9781EE86220
:109AE000BDE8F0815C02002070B50D4604461A49BD
:109AF000F7F780FC19492046F7F77CFC0020A4F812
:109B00004400A4F84600022D0FD0032D0DD0042DE3
:109B10000BD094F8480020F0200100BF01F00700AE
:109B200084F84810012805D00AE094F8480040F075
:109B30002001F3E7E06A401C02D02046FFF7A2FFB5
:109B400094F8480065F3020084F848002046BDE818
:109B50007040FFF74BBD00009D330208A53302089B
:109B600070B50D46044603F053FC05B9656A606A9A
:109B7000A8420CD194F84810090708D4E6F796FBE0
:109B8000411C606A00F03EFB6062D0B9FEE738B16C
:109B900094F84810090703D400F0F0FA002161623C
:109BA0002846E6F783FB401C00F05EFA606268B16D
:109BB0002946E6F790FB94F8480020F0080184F865
:109BC00048102046BDE87040FFF710BDFEE70FB417
:109BD00070B504460598F8B1204603F019FC0598C5
:109BE000D8B1606A002530B194F84810090702D452
:109BF00000F0C4FA656206A90598EAF7CCFC606239
:109C000094F8480020F00801204684F84810FFF737
:109C1000EDFC70BC5DF814FBFEE72046F7E701643D
:109C200003F0F6BBC16303F0F3BB70B5044690F8D4
:109C300048000D46000705D4606A18B100F09EFA8E
:109C40000021616235B194F8480040F0080184F8C1
:109C5000481065622046BDE87040FFF7C7BC0000B1
:109C60002DE9F0410A4C07460A4D60680E46401C3B
:109C7000C1006060286800F0C5FA286038B16168EA
:109C800000EBC10040E902760846BDE8F081FEE73E
:109C9000B00200202002002038B508460C4607F02C
:109CA00089FA0090BDF80000A084FF2084F8260007
:109CB00038BD000070B5A4B00D460846FDF7DBF8CE
:109CC0000646152807D0162E05D02946794801F0FA
:109CD000AEFE01287ED12846FDF712F90446152E66
:109CE00078D102A8FBF7BEFD02AA0021204603F0AE
:109CF00034FABDF80E00ADF800000098F9F7F1FC59
:109D00000646F9F7D1FC0146324654F8240FF9F71C
:109D1000BBFE0090BDF80000ADF80E00BDF81200CB
:109D2000ADF800000098F9F7DCFC0646F9F7BCFC3A
:109D3000014632462068F9F7A7FE0090BDF8000002
:109D4000ADF812000D98F9F7CCFC0646F9F7ACFC1B
:109D5000014632462068F9F797FE0090BDF80000F2
:109D6000ADF83400BDF82600ADF800000098F9F712
:109D7000B8FC0646F9F798FC014632462068F9F728
:109D800083FE0090BDF80000ADF826000B98F9F7AF
:109D9000A8FC0646F9F788FC014632462068F9F728
:109DA00073FE0090BDF80000ADF82C00F9F77CFCC4
:109DB000A278BDF80E10ADF8001001460098F9F732
:109DC00063FE0090BDF80000ADF80E00F9F76CFCE2
:109DD000A27800E06CE0BDF81210ADF8001001466A
:109DE0000098F9F751FE0090BDF80000ADF81200A0
:109DF000F9F75AFC0146A278BDF82600ADF800003C
:109E00000098F9F741FE0090BDF80000ADF826007B
:109E1000F9F74AFC0146A2780D98F9F735FE009053
:109E2000BDF80000ADF83400F9F73EFC0146A27819
:109E30000B98F9F729FE0090BDF80000ADF82C0052
:109E400014F8020FBDF83610503810FB01F1AF20A6
:109E500091FBF0F1ADF8361014F82619BDF83C204E
:109E6000503911FB02F191FBF0F0ADF83C002846AF
:109E7000FDF707F80546014610A801F02DFC0D4836
:109E8000119004F114060020CDE9120602A91491E4
:109E90001D9010AA1A212046FDF736F8324602A975
:109EA0002846FBF7CBFC10AA1B212046FDF72CF817
:109EB00024B070BDACD20208084600210185416281
:109EC00080F82A10022101F09FB900002DE9F04F1F
:109ED00087B00D465A4801F0AAFD012849D128460D
:109EE000FCF7C9FF06462846FDF70AF80446132E7C
:109EF00033D04FF002082C2E3ED0152E39D1074614
:109F00002846FCF7BEFF8346388D3C46002830D0FB
:109F1000786A00282DD005A9384601F036FE204683
:109F200002F005F8BDF81410081A06B2204602F037
:109F300005F8BDF81610081A05B2204601F05DFEBE
:109F400082466846FAF752FF6A460021204603F02F
:109F5000B0F800244FF0060963E0002102F01AFC7B
:109F600004462846FCF7C3FFB0F90010A14200DA0E
:109F7000048007B0BDE8F08F2846FCF7B8FF002545
:109F8000228D07462E46002AF3D00020C4460DE05D
:109F9000636A33F92010A94200DD0D460CEB800105
:109FA000595EB14200DD0E46401C80B28242EFD8BD
:109FB0000021204602F0EEFB2918304439807880D9
:109FC000D7E7786A30F824103144ADF80C1004213A
:109FD00001EB8401415A3144ADF8101097F82A1072
:109FE000C90708EB840121D0415AAAEB010028449B
:109FF000ADF80E00796A09EB8400095AAAEB01005A
:10A000002844ADF8120004AB03AA69465846FAF793
:10A01000E0FE9DF80900641C20F004008DF80900A2
:10A02000A4B2388D401EA042CBDCA2E7405A28449F
:10A03000ADF80E00796A09EB8400085AE0E70000E9
:10A04000BC4B030810B59042029C01DB204610BDBA
:10A05000884201DC184610BD521AE41A401A6043C7
:10A0600090FBF2F0184410BD10B588B038B101462D
:10A070000748406807F0A6FA040003D005E004484A
:10A0800008B010BD684600F095F82046F8E70000DB
:10A090003402002070B50024084E254656F83400DE
:10A0A00038B100F06BF806EBC40046F83450857107
:10A0B0008580641CE4B2102CF0D370BD38390020C8
:10A0C0002DE9F04105000BD00022224C4FF0FF306B
:10A0D000012600BF04EBC2018B79DB0703D014E03B
:10A0E0000020BDE8F0818988A9420ED305D104EB98
:10A0F000C200867154F83200F3E7002804DB04EB59
:10A10000C0039B88994200D250B2521CD2B2102A8E
:10A11000E0D3002805DB04EBC0018E7154F8300059
:10A12000DFE7002704EBC7008079C00704D07F1C5D
:10A13000FFB2102FF6D3FEE754F83700294600F09F
:10A1400061F830B104EBC7018E718D8044F837009F
:10A15000C7E7FEE738390020074A002152F83130BE
:10A16000834204D102EBC101002088717047491C71
:10A17000C9B21029F2D37047383900200549884206
:10A1800006D0002804D001460248406807F0ECB928
:10A19000704700003402002010B54FF438410348E6
:10A1A00007F0D4F90249486010BD0000A83A002029
:10A1B0003402002010B504461C22002100F0F6F8FD
:10A1C0000E48406807F0FBF922460D4907F07AFA7D
:10A1D0004FF438412160A06864224243B2FBF1F1A0
:10A1E000C1F16401217638B1E16864225143B1FBC9
:10A1F000F0F0C0B2C0F16400607610BD34020020FF
:10A2000035A2010810B539B1094A904208D1BDE81C
:10A2100010400846FFF728BFFFF7B0FF044810BD05
:10A220000A46014602484068BDE8104007F0DDB923
:10A23000340200201AB11869401C18617047586830
:10A24000401C5860986808449860D8688842F5D2E5
:10A25000D960704730B500F0030401F003050346F0
:10A26000A54243D14EE00C781C704C785C708C7821
:10A270009C70CC78DC700C791C714C795C718C7999
:10A280009C71CC79DC710C7A1C724C7A5C728C7A81
:10A290009C72CC7ADC720C7B1C734C7B5C738C7B69
:10A2A0009C73CC7BDC730C7C1C744C7C5C748C7C51
:10A2B0009C74CC7CDC740C7D1C754C7D5C758C7D39
:10A2C0009C75CC7DDC750C7E1C764C7E5C768C7E21
:10A2D0009C76CC7EDC760C7F1C774C7F5C778C7F09
:10A2E0009C77CC7FDC772031203A2033202ABAD8E3
:10A2F00005E000BF11F8014B03F8014B521E002A84
:10A30000F8D130BD4CB3C4F1040405E011F8015B91
:10A31000521E03F8015B641EFCB1002AF6D11CE05A
:10A3200010C9203A10C310C910C351F8084B43F8A4
:10A33000084B51F8044C43F8044C51F8104B43F8C7
:10A34000104B51F80C4C43F80C4C51F8084C43F8A6
:10A35000084C51F8044C43F8044C202AE0D802E0A1
:10A3600010C9121F10C3042AFAD804E011F8014BD7
:10A3700003F8014B521E002AF8D130BD10B5034638
:10A3800005E000BF11F8014B03F8014B521E002AF3
:10A39000F8D110BD10B5034605E000BF11F8014B20
:10A3A00003F8014B521E002AF8D110BD10F0030330
:10A3B00009D0C3F1040303E0521E00F8011B5B1E29
:10A3C0000BB1002AF8D101EB012303EB014303EBAE
:10A3D00001630EE008C0203A08C040F8083B40F88E
:10A3E000043C40F8103B40F80C3C40F8083C40F876
:10A3F000043C202AEED801E008C0121F042AFBD832
:10A4000003E000BF00F8011B521E002AFAD170477A
:10A4100010F003034FF0000219D0C3F1040303E06E
:10A42000491E00F8012B5B1E8BB10029F8D1704743
:10A4300004C0203904C040F8082B40F8042C40F830
:10A44000102B40F80C2C40F8082C40F8042C202944
:10A45000EED801E004C0091F0429FBD803E000BFC7
:10A4600000F8012B491E0029FAD1704710F00302B1
:10A470004FF0FF030AD0C2F1040203E0491E00F8C6
:10A48000013B521E12B10029F8D170474FF0FF3244
:10A490000EE004C0203904C040F8082B40F8042C1A
:10A4A00040F8102B40F80C2C40F8082C40F8042CF5
:10A4B0002029EED801E004C0091F0429FBD802E0DE
:10A4C00000F8013B491E0029FAD17047826C8A428C
:10A4D00006D0426B8A4205D190F86100012801D86C
:10A4E00001207047002070472DE9F0410446FCF739
:10A4F000C2FC07283FD12046FCF702FD0546204656
:10A50000FCF700FD0446406BA84202D0A06CA842B4
:10A5100031D194F8600084F8610029462046FFF7A5
:10A52000D5FF002827D104F154063046E9F7B1FCE5
:10A53000074601463046E9F7BEFC05001BD0394608
:10A540003046E9F710FD3846FFF718FE14F8600FA3
:10A550002946401E20703046E9F705FD2078401E50
:10A5600004F860092046296800F030F92846BDE863
:10A57000F041FFF703BEBDE8F08110B5044654304A
:10A58000E9F771FC002084F8600010BD2DE9F0416E
:10A5900049480C460168204603F097FE00212046FA
:10A5A00003F060FE94F86200002520F00E0084F8AD
:10A5B0006050C0B284F8615020F0010084F862005D
:10A5C000042104F15400E9F781FC204600F0AEFEBE
:10A5D0000121606200F054FAE5636564A564E564F6
:10A5E00021463648256400F067FD064600F0D2FD9E
:10A5F00042F264073946304603F050FE01213046EE
:10A6000003F040FE0121304603F02CFE4FF4804859
:10A610004146304600F034FA0221304600F0F4FDA5
:10A62000264831461C30A66200F046FD064600F082
:10A63000B1FD42F2D1723946304603F016FF0021D7
:10A64000304603F00FFE02231A460021304603F085
:10A65000EDFD0221304600F0D7FD4146304600F0C6
:10A660000FFA30462663F7F77FFE06462346072299
:10A67000134900F0C7F94146304600F001FA0021C5
:10A68000304603F0EFFD30466663FDF747FA0DA153
:10A69000FDF754FF206BFEF7F9FB0646012100F0A1
:10A6A000EFF9E5622346A6632565BDE8F0411C226B
:10A6B0000549184600F0A6B9F0000020C4D30208EE
:10A6C000E9A40108EF8193009DA8010810B50C468C
:10A6D0000021204603F0C6FD02231A460021204631
:10A6E00003F0A4FD2046BDE81040022100F08CBD1F
:10A6F00001F15400E9F7B7BB10B50C46084601F06C
:10A70000BDFA416A204603F0FFFD0121204603F017
:10A71000A9FD02231A460021204603F087FD2046AA
:10A72000BDE810404FF4804100F0AAB910B5486A66
:10A730000C46002803D0FFF721FD0020606210BD09
:10A7400010B50446006B002833D0E16A002930D0F0
:10A7500094F86210C1F3410111B3012902D002291A
:10A7600008D11CE0002102F0C3FF0021D4F82C0026
:10A7700003F088FD206B03F026F9E06A03F023F96B
:10A78000206B04F043F8206B01F0CBF90028206B1C
:10A790004FF0010109D0BDE8104000F035BD0121A6
:10A7A00002F0A6FF0121E06AE2E7BDE8104000F0F8
:10A7B00067B910BD10B50C460121204603F052FDCB
:10A7C0002046BDE81040022100F01EBD70B50446D1
:10A7D000C06A0D4610B1616A03F096FD75B104F1CF
:10A7E0005400E9F77BFB056094F86000401C84F896
:10A7F00060002846A16A03F087FD02E02046FFF7CB
:10A80000BCFEE562206D48B1216C00294FF00101CA
:10A8100002D000F068F901E000F030FD206CD0B10A
:10A8200094F86200C10711D00007A06C4FF001013D
:10A8300006D500F0E9FC0221A06C00F021F905E04A
:10A8400000F01EF90221A06C00F0DEFC94F860001C
:10A85000022808D210E094F86000022803D294F88D
:10A860006200000708D50121606B00F0CDFC0221D9
:10A87000606B00F005F907E00121606B00F000F962
:10A880000221606B00F0C0FC00221C212046FCF776
:10A890003BFB2046BDE87040FFF752BF10B5FCF708
:10A8A00031FB0446C06A78B1A26B6AB1416A39B122
:10A8B0001046FFF755F90121A06B00F0A5FC03E05D
:10A8C0000121104600F0DCF8206C002813D0E26C67
:10A8D000002A10D0416A41B11046FFF741F9E06CFF
:10A8E000BDE81040012100F08FBCBDE810400121FF
:10A8F000104600F0C5B810BD10B50C46242104F177
:10A900002400E9F7E3FA04F13000BDE810401C210F
:10A91000E9F7DCBA10B50C4601F13000E9F7A3FA0B
:10A9200004F12400BDE81040E9F79DBA2DE9F04399
:10A9300097B00D46324801F07AF801285DD12846DB
:10A94000FCF799FA06462846FCF7DAFA0446152E73
:10A9500053D12846FCF795FA81466946204601F016
:10A96000B2F86A4649462046ECF752F96A4649462B
:10A970002046F2F7D9F96A4649462046F0F744F9ED
:10A98000BDF80400BDF80010401A401C00B200EBF6
:10A99000D07040100E18BDF802100D1804A8FAF778
:10A9A00061FF4FF4003804AA4146204602F0D5FB6F
:10A9B000204641F20102414602F0C8F800B200EB25
:10A9C000D0704710204641F20402414602F0BEF822
:10A9D00000B200EBD070F11B4010ADF85410291AF2
:10A9E000ADF85610F119ADF858102844ADF85A00DA
:10A9F00015AA04A94846FAF721FF17B0BDE8F0836D
:10AA000018D402082DE9F0411D4616460F460446AB
:10AA100000F040FAA068817E491CC9B28176A06826
:10AA200001EB41018900C068FFF7ECFBA168C86039
:10AA3000A16820B3897E6FF0030301EB41026FF040
:10AA40000B0101EB82028750A068C268807E00EB98
:10AA5000400003EB80000B1D1654A068C268807E86
:10AA600000EB400003EB80001550A068C268807EB8
:10AA700000EB400001EB80001044BDE8F081FEE7F0
:10AA80007FB50C46054602F025FD0646E00702D0DC
:10AA9000284602F0BDFCE8692043E861E00702D0E7
:10AAA000284602F0B5FC284602F014FDB04202D15F
:10AAB00014F0C07F07D0284601F0E0F802F043FD13
:10AAC000284602F040FDE0060CD502AA6946284659
:10AAD00001F03CFA6946284602F0CEFC02A928465D
:10AAE00002F0CAFC7FBD028C11438A4201D003F000
:10AAF000C7BC70472DE9F047174688464FF6FF79E7
:10AB0000044600234A4639460BF07EFA618C002544
:10AB10000426C1F3C502E06809E000BF06EBC503E7
:10AB2000C3585FEA831C01D4DB0102D56D1CAA4225
:10AB3000F4D84FF0806202EB71214FEAF151618449
:10AB4000C1F3C501C900FFF75DFBE060608C6FF0E9
:10AB50000702C0F3C50009E0E16802EBC00C01EB9D
:10AB6000C0036144D1E900C1C3E900C1401EA8424D
:10AB7000F2D8E068082100EBC500FFF749FCE16866
:10AB800041F83580E06806EBC501425867F31702CB
:10AB900042504A4639462046BDE8F04703F0AEB879
:10ABA00070B516461D460446002203F063FD2A4692
:10ABB00031462046BDE8704003F015BC2DE9FF4F3B
:10ABC00081B093468846019803F020FEB8F1000F4B
:10ABD00003D1019801F052F88046002425460198DF
:10ABE00001F04CF88146002101F08AFD0646002163
:10ABF000484601F0D2FE30440FFA80FA0021484660
:10AC000001F096FF304400B200900021404601F070
:10AC100077FD06460021404601F0BFFE304407B2F2
:10AC20000021404601F084FF304406B2BBF1000F22
:10AC30000FD0BBF1160F34D2DFE80BF0D51123345F
:10AC40003F4454676913828797A1A6B5BFC5CBD18E
:10AC5000FDFC0021404601F011FD012822D03C46B8
:10AC60001EE0404600F077FF0246019802F0B9F876
:10AC7000014602EBD270401001EBD171A0EB6100F4
:10AC80004DE0404600F067FF0246019802F0A9F847
:10AC900002EBD271491000EBD070A1EB600009E02B
:10ACA0003546A0E0404600F056FF0246019802F00B
:10ACB00098F8101A384404B2F2E73C461CE03044DD
:10ACC00005B290E0404600F046FF0246019802F0CF
:10ACD00088F8014602EBD270401001EBD171A0EB75
:10ACE000610007E0404600F036FF0246019802F09E
:10ACF00078F8101A384404B2404600F012FF0246B9
:10AD0000019800F07AFF101AD9E73C4609E0404666
:10AD100000F021FF0246019802F063F8101A38444F
:10AD200004B2404600F0FDFE0246019800F065FFC7
:10AD300002EBD271491000EBD070A1EB6000BEE7CE
:10AD4000019800F05AFF4042BAE7404602F049F845
:10AD50000246019802F045F8014602EBD27040101D
:10AD600001EBD171A0EB610007E0404602F039F839
:10AD70000246019802F035F8101A04B2E0E74046A6
:10AD800000F03BFF05462EE0404602F02AF802465E
:10AD9000019802F026F802EBD271491000EBD07056
:10ADA000A1EB600007E0404602F01BF80246019864
:10ADB00002F017F8101A04B2E1E7019802F011F856
:10ADC000404204B20FE0019802F00BF8404204B296
:10ADD00041E0019802F005F8404204B24EE04046DE
:10ADE00001F0FFFF04460021484601F047FC01281E
:10ADF00048464CD000F0C8FFB8F8142004990A4423
:10AE0000B9F81410511A0144A1EB0A00204404B20D
:10AE1000484601F085F8B8F816200E990A44B9F8AA
:10AE20001610511A014400980022081A284405B24D
:10AE3000012101E01EE00AE0019803F01BFC0198EB
:10AE400005B02A462146BDE8F04F03F0CCBA404693
:10AE500001F0C7FF0446404600F0CFFE02460198CD
:10AE600000F0CBFE02EBD271491000EBD070A1EBE9
:10AE7000600025E7404601F0B4FF0446404600F07C
:10AE8000BCFE0246019800F0B8FE101A18E700F068
:10AE9000DBFFB1E710B504468068002813D10B48EA
:10AEA0004168491C41601C20FFF7DEF8A06058B1E2
:10AEB0001C21FFF7ADFAA1680F204876A068017E3B
:10AEC00041F00301017610BDFEE70000A80200205A
:10AED0002DE9FC410E460546012101F0CBFFE0BB08
:10AEE000284600F0CFFE044600F056FE0746F9F76C
:10AEF000E7F9A0420ED03846F9F7EAF9A04209D0A6
:10AF00003846F9F7CBF9A04204D03846F9F7BEF934
:10AF1000A04232D14FF400273946284601F0AAFF5B
:10AF200028BB2846E9F761F8044605F11401684694
:10AF3000F6F7CBFFBDF80000001BADF80000BDF830
:10AF40000200001BADF80200BDF804002044ADF87B
:10AF50000400BDF80600204400E00EE0ADF8060055
:10AF600031466A460846E7F743FF002806D02846E0
:10AF700014E0012101F07EFF10B10020BDE8FC814A
:10AF80003946204601F076FF38B9314604F1140203
:10AF90000846E7F72DFF0028F0D0204600F06EFEAF
:10AFA0000400E6D10120E9E72DE9F0410E4607460D
:10AFB000002501F055FE040035D03146384601F039
:10AFC00041FE02282FD904EBD470012101EB60046B
:10AFD0003146384601F03DFE20440FFA80F83146F4
:10AFE000384601F021FE04463146384601F023FE82
:10AFF000002C01DD214600E06142002801DD02460F
:10B0000000E04242914205DD002C01DD204604E0D3
:10B01000604202E0002800DC4042404400B20028C8
:10B0200000DA284605463146384601F0EBFB0400BD
:10B030000ED03146384601F0D7FB022808D93146F8
:10B04000384601F0D8FB2044A84200DB05462DB26B
:10B050003846314640F60A0201F078FD04B238461F
:10B06000314640F60B0201F071FD00B2844200DC73
:10B070000446002C01DD281905B22846BDE8F08100
:10B0800070B50D46064641F25D4201F05FFDC4B267
:10B090003046294641F26A4201F058FD04B90124C4
:10B0A000204670BD002803D00068884201D10120ED
:10B0B00070470020704700002DE9F0410D4607461B
:10B0C0000026334900E00068B8B182690A42FAD02C
:10B0D0008069C0F30F108046FEF7C6FF041E4BD0F8
:10B0E0004146FFF795F9C4E900754FF001086FF08C
:10B0F000030725B1A86848B32BE03046EBE7F9F722
:10B1000097F8051E38D0EA68C2B1686A401C810011
:10B1100068621046FFF776F8E860696A07EB81011C
:10B120004450A682E6820020F9F79AF8401E208358
:10B130000020F9F7DBF8401E60831CE00420FEF7D6
:10B1400093FFE8600460C5F82480EAE72846FFF72B
:10B15000A1FEA868016889B14168491C4160A868DE
:10B1600089000068FFF74EF8A9680860A968496877
:10B1700007EB810144502046BDE8F0810420FEF732
:10B1800073FFA96808600460A968C1F80480F2E749
:10B19000F0FF0F0070B5054602F0D5F9002000F071
:10B1A000A3FA284605F08EFF284600F06FF801202C
:10B1B00000F09AFA4FF6FF724FF47021284602F021
:10B1C0009DFD284602F082FDFCF7BAFA030007D085
:10B1D000284602F070F918B129461846FCF722FA01
:10B1E000284600F04BFD04000DD02A462221FBF733
:10B1F0008BFE2A4623212046FBF786FE2846BDE823
:10B20000704002F005B970BD7FB50C46064602F0ED
:10B2100061F90546E0060CD502AA6946304600F001
:10B2200095FE6946304602F027F902A9304602F041
:10B2300023F9F069A043F061E0070ED0304602F038
:10B24000E7F8304602F046F938B1304600F016FD16
:10B2500002F079F9304602F076F9304602F03AF918
:10B26000A84202D114F0C07F07D0304600F006FD9E
:10B2700004B0BDE8704002F066B97FBD028C22EADE
:10B2800001018A4201D003F0FBB8704770B5046831
:10B290000546206818B128602846FFF7F7FF2C60A4
:10B2A00062682046002A03D02946BDE87040104756
:10B2B00070BD00002DE9F0414D680C46FDB12846F7
:10B2C00000F062FD0646284600F02AFE07462846A2
:10B2D000002141F6100201F039FCE98A41F6120220
:10B2E0000844C01BE082401E60832846002101F014
:10B2F0002DFCA98A0844801BA082401E208341F2B5
:10B300000200E061002D06D043F20200C4F81C00E8
:10B3100043F20230E06140F0740040F40060E0610C
:10B3200002D040F40040E061BDE8F08110B5014674
:10B330000348FFF7C1FE0446FFF72CFF204610BD6F
:10B34000804C030870B5054602F062F8284600F00C
:10B3500095FC040001D002F03DFF2846A4B107F09F
:10B36000A4F80021204602F005FA204602F032FF40
:10B37000002222212046FBF7C7FD2046BDE8704091
:10B3800000222421FBF7C0BD00F006FC040007D01A
:10B390002069A842284604D107F087F800202061E0
:10B3A00070BDBDE8704007F080B8000070B50C4675
:10B3B0000846E7F745FF002000F096F92046144ABA
:10B3C000002102F019FD012000F08EF90021204635
:10B3D000F6F710F8204600F00BFC10B12046FCF701
:10B3E000D9F9A068002811D00068002518B1FEF72F
:10B3F000C5FEA0680560A068C06818B1FEF7BEFE73
:10B40000A068C560A068FEF7B9FEA56070BD000029
:10B41000FFFF0F002DE9F047A2B08046FBF72BFDA0
:10B4200006464046FBF76CFD012700240546122E18
:10B4300072D0DFF8A092152E6CD0182E7AD140462B
:10B44000FBF71FFD824601462846F0F73BF9002135
:10B45000284601F063F950B105F59070FAF7C6F986
:10B46000060004D0F9F7A6FE3046FEF775FE00216F
:10B47000284601F021F900285CD002A8FAF7F2F979
:10B480008DF80B408DF822408DF832408DF83E400B
:10B4900002AA0021284601F060FE0021284601F0A2
:10B4A00061FC80460021284601F04EFC064605F16D
:10B4B00014016846F6F700FDBDF80010A1EB080086
:10B4C000BDF80410ADF8000001EB0800ADF8040071
:10B4D000BDF802005146801BADF80200BDF8060021
:10B4E0003044ADF8060010A800F0F6F802A8149059
:10B4F00068461D94CDE91270CDF8449010AA1A2127
:10B500002846FBF701FD6A4602A95046FAF796F96C
:10B51000DAE001E05BE00DE04046FBF7E8FC0646C0
:10B520000078022806D00021284601F0F7F820B163
:10B530000220307022B0BDE8F0870021284601F0DB
:10B540006DFB82460021284601F00CFC814600215B
:10B55000284601F0F9FB804605F114016846F6F72C
:10B56000ABFCBDF800105246A1EB0900BDF8041079
:10B57000ADF8000001EB0900BDF80210ADF80400C1
:10B58000A1EB0800BDF80610ADF8020001EB0800C1
:10B59000ADF8060069467068E7F752FC98B10021E3
:10B5A000284601F07DF8FD280DD3284600216822A9
:10B5B00001F0CCFA10F0FF0F05D10021284601F070
:10B5C00005F9FD2801D23770B4E73470B2E7404680
:10B5D000FBF757FC804602A8FAF744F900212846F9
:10B5E00001F06AF828B19DF82B0040F001008DF8B9
:10B5F0002B0002AA0021284601F0AFFD00212846B9
:10B6000001F0B0FB06460021284601F09DFB0746ED
:10B6100005F114018A466846F6F74EFCBDF80000B5
:10B620004146801BADF80000BDF804003044ADF881
:10B630000400BDF80200C01BADF80200BDF8060012
:10B640003844ADF8060010A800F046F802A814909F
:10B650006846CDE91240CDF8449010AA1A21284638
:10B660001D94FBF751FC0021284601F057F830B13A
:10B67000BDF8080018B1069E0127069401E0069E59
:10B6800000276A4602A94046FAF7D8F8E7B1182021
:10B69000FEF716FD0746BDF9082000235146FAF7CC
:10B6A00011F805F590713846F9F7C0FB66B18DF8D1
:10B6B0000B408DF82A408DF832408DF83E406A46A6
:10B6C00002A94046069621E710AA1B212846FBF74F
:10B6D0001BFC2FE7804C030870B50D46044648213B
:10B6E000FEF796FE256070BD0149087070470000A6
:10B6F000B80200202DE9FF4188460846FBF7BBFB56
:10B7000004464046FBF7BBFB0546012C21D0082C24
:10B7100021D0032C3CD02A2C3CD00D2C4AD00E2C0E
:10B720007ED0092C7DD00A2C7CD00F2C7BD0292CEC
:10B730007AD0222C79D0132C78D0152C03D0182C49
:10B7400001D0122C34D104B04046BDE8F041FFF7DF
:10B7500061BE2021F9E02021FFF790FD4046FBF774
:10B76000C6FBFDF798F8002822D10821284601F0F1
:10B7700081FB00281CD095F820004FF00101C00784
:10B78000284602D0FFF77AFD30E0FFF7ACF92DE054
:10B790002021F7E000F073F90646002406E0A868CF
:10B7A000006850F8240001F0CEFE641CB442F6D3C9
:10B7B000BDE8FF81082101F05DFBF8B14046FBF7D1
:10B7C00096FB0478132C06D0112C04D0142C07D02F
:10B7D000122C05D008E001212846FFF784F903E088
:10B7E00001212846FFF74AFD0A2CE1D004B0284683
:10B7F000BDE8F04100221C21FBF786BB4FF401613C
:10B80000284601F037FB0028D2D0284601F046FE3A
:10B810000028CDD10027284600F0B6FA064606E0FB
:10B8200069E091E096E0ACE0B1E0CDE0F0E02846E0
:10B8300000F00AFB04464046FBF759FB007812284B
:10B840001BD011280CD013282BD01428B0D1284697
:10B8500000F072FA800703D0002E38DC002C36DCB2
:10B86000284600F0CAF90446284600F067FBE117B5
:10B8700004EB9171A0EBA1000BE0284600F0BDF9AC
:10B880000446284600F05AFBE11704EB917100EBE7
:10B89000A10001B204B03A462846BDE8F04102F0EA
:10B8A00083BC284600F048FA8007E6D0002E01DC71
:10B8B000002CE2DD284601F094FA0446284600F008
:10B8C00036FBE11704EB917100EBA1000BE0284679
:10B8D00001F087FA0446284600F029FBE11704EB43
:10B8E0009171A0EBA10001B204B03A462846BDE830
:10B8F000F04102F043BC4FF4806101F0BBFA18B193
:10B900000121284602F01DFC284600F071F9FBF7E2
:10B910001DFF06460224FCF785FF10B94046FBF7E1
:10B92000C1FAFCF7C4FF022801D0042800D1062484
:10B930001EB144F00801284607E021462846FFF7DB
:10B94000D2F8082128461DE0402104B0BDE8F041AE
:10B95000FFF7C9B84021FFF791FC284600F01EFE12
:10B9600002287FF425AF02AA6946284600F0EEFAC5
:10B970006946284601F080FD02A9284601F07CFDB9
:10B9800016E70E2104B0BDE8F041FFF777BC0021B7
:10B9900000F02AFE04460021284600F0EDFE204378
:10B9A00002D0284601F0CFFD284600F068F8064690
:10B9B000002406E0A868006850F8240001F0C3FDE8
:10B9C000641CB442F6D3F3E6002141F2010201F017
:10B9D000BDF806B22846002141F2040201F0B6F893
:10B9E00004B20021284600F0FFFD0746002128464A
:10B9F00000F0C2FE384305D142F2D170864201D038
:10BA00008442BDD104B02846BDE8F04101F09BBDA1
:10BA10004046FBF76CFA044600212846FFF7C4FABB
:10BA2000B4F90010814200DD08462080C0E610B560
:10BA30000C4600B96068006868B101690029FAD055
:10BA40000021E160026921469047217E0120C9075B
:10BA500000D0002010BD012010BD8068002809D052
:10BA6000002902DA4268511803D443680A468B421F
:10BA700001D800207047006850F8220070478068A5
:10BA8000002800D04068704770B50C46054600F1AC
:10BA900014012046F6F719FAA868002812D0218868
:10BAA000808A081A2080A968A088898A0844A08012
:10BAB000A9686088898A401A6080A968E088898AB4
:10BAC0000844E08070BD70B50C460546002100F0CA
:10BAD00017FE06462146284600F057F8704202B28B
:10BAE00011462046F6F741FA0021284600F055FF9E
:10BAF0002188084420800021284600F0A2FFA18868
:10BB0000081AA0800021284601F012F86188084434
:10BB100060800021284600F0C2FEE188081AE0801B
:10BB200070BD70B50446002101F002F80546002101
:10BB3000204600F0B4FE06460021204600F0E0FD5D
:10BB40000246204600F059F8401B801B514200EB92
:10BB5000410000B270BD70B50446002100F01DFF29
:10BB600005460021204600F06CFF064600212046D5
:10BB700000F0C6FD0246204601F033F9401B801B51
:10BB8000514200EB410000B270BD0A4600F11401C1
:10BB90001046F6F79AB9000010B5416809B100F0F7
:10BBA00071F804460A48E8F774F90EE00021426A89
:10BBB00005E0C36853F82130A34208D0491C8A42EB
:10BBC000F7D801460248E8F776F90028EED110BD13
:10BBD000B83800208068002803D0827E8A4201D8CD
:10BBE00000207047C06801EB410100EB8100704705
:10BBF0008068002800D080687047418BC08A081A8E
:10BC0000401C00B2704770B5064600F037F80500DA
:10BC100001D000240AE0002070BD21462846FFF72D
:10BC20001CFFB04201D1204670BD641C2846FFF7BE
:10BC300026FFA042F1D84FF0FF3070BDF0B4468C23
:10BC400000240425C6F3C50613E000BFC76805EB52
:10BC5000C40C57F80C705FEAC71C09D527F07F4762
:10BC60009F4205D1C06850F83400F0BC04F00EB813
:10BC7000641CA642EAD8F0BC00207047002800D01F
:10BC80004068704700B50146FFF7F8FF0028FAD179
:10BC9000084600BD2DE9F047DFF89480064644468B
:10BCA000FFF7EDFE07460025DFF888A00EE0B0683C
:10BCB0005146006850F82500814601F0E2F820B9AD
:10BCC000B9F91A00A04200DB04466D1CBD42EED358
:10BCD0000021304600F033FF81460021304600F05D
:10BCE000E5FD07460021304600F011FD05464445BC
:10BCF00004D0708BC01B401B201A04B2304600F0E9
:10BD000055FC80463046FFF778FFA0EB0900C01BCA
:10BD1000694200EB4101A8EB0101304600F00EF949
:10BD2000081A00B2844200DD2046BDE8F08700001A
:10BD300001E0FFFF01000400806818B1407E00F0C0
:10BD40000F0070470F20704770B50C4605460C4930
:10BD5000F5F77CFB10B1406A404202E0284600F053
:10BD6000E6F8208007492846F5F770FB10B1406AD5
:10BD7000404202E0284600F0E1F8608070BD00001B
:10BD800069320208813202082DE9F84F0646002187
:10BD900000F07BFC012807D0B068002802D0008AA0
:10BDA000404200B2BDE8F88F0021304600F050FE5E
:10BDB00000900021304600F0F7FD8146002130461A
:10BDC00000F0A5FC804641F6FF7A54463046FFF766
:10BDD00056FE074600250EE0B0681949006850F885
:10BDE0002500834601F04DF820B9BBF91400A042AC
:10BDF00000DC04466D1CBD42EED3544506D0B28A29
:10BE000009EB08001044001B04B200E00D4C304662
:10BE100000F0DAFB0546304600F0E3FF0099411AD6
:10BE2000A1EB0901C8F1000001EB4000291A3046DE
:10BE300000F07DF8084400B28442B3DD2046B1E74B
:10BE40000100040001E0FFFF2DE9F0470646002154
:10BE500000F01BFC01280AD0DFF8A08030464446E1
:10BE6000FFF70DFE07460025DFF894A015E0B06847
:10BE7000002801D0B0F91000BDE8F087B068514645
:10BE8000006850F82500814600F0FBFF20B9B9F9A1
:10BE90001800A04200DB04466D1CBD42EED3002119
:10BEA000304600F0D5FD07460021304600F07CFD0D
:10BEB00081460021304600F02AFC0546444504D066
:10BEC000308BC01B401B201A04B2304600F07CFBB4
:10BED0008046304600F085FFC11BA1EB0900694296
:10BEE00000EB4101A8EB0101304600F020F8081AF0
:10BEF00000B28442C0DD2046BEE7000001E0FFFF43
:10BF0000010004008068002802D0007EC0F3810098
:10BF100070478068002802D0007EC0F3011070478F
:10BF20008068002802D0408A404200B27047806892
:10BF3000002802D0008A404200B270478068002882
:10BF400002D0408A404200B2704700002DE9F04F15
:10BF500091B016460C464FF0FF37054600223B468F
:10BF6000114620460097F6F71AF800223B46114684
:10BF700030460097F6F713F81021284600F07AFFB4
:10BF8000002816D0284600F009FB070011D0002039
:10BF9000FCF752FC8046022F08D010E0FCF77BFC37
:10BFA000A84209D04046FCF747FC8046B8F1000F94
:10BFB000F4D111B0BDE8F08FB8F1000FF9D02846E8
:10BFC000FFF7AEFF05902846FFF764FE0C90284669
:10BFD000FFF7DAFE0A902846FFF736FF089028465A
:10BFE000FFF7AAFE8146002019F00C0F009014D034
:10BFF000012F10D0032F02D0022F07D00DE005989B
:10C00000002808DC0C98002805DC06E04046FCF718
:10C0100033FC0C2801D101200090002009905FEA38
:10C02000897014D0012F10D0032F02D0022F07D017
:10C030000DE00A98002808DC0898002805DC06E0D6
:10C040004046FCF719FC032801D101200990009912
:10C0500009980843ADD04FF480373946284600F0A0
:10C0600014FB012800D000200E903946284600F02D
:10C0700066FD06903946284600F018FC0F903946B8
:10C08000284600F091FC80463946284600F0E0FC46
:10C090008146284641F20102394600F057FD0FFA69
:10C0A00080FB2846FFF7A9FD0490284600F099FE82
:10C0B0000390009800B158468246099800B158464E
:10C0C000109028463946212200F040FDC0B20228D7
:10C0D00008D228463946312200F038FDC0B2022885
:10C0E000FFF467AFDDE9040101440C98A027084480
:10C0F00000B20B900098002870D00B980028FBD05D
:10C10000E88A7080688BF0800E9840B1A98A01EBB4
:10C1100008003080ABF101010844B08007E0298BB2
:10C12000A1EB0900B080A0EB0B00401C3080069909
:10C130000498411A0F98091A1098081A0499009047
:10C1400048430B9990FBF1F000B205900020F8F7FE
:10C1500075F800EB8001502000EB4100B0F5A07FA6
:10C160000ADB0020F8F76AF800EB8001502000EBB2
:10C17000410090FBF7F000E001200599884201DAC8
:10C18000084616E00020F8F759F800EB800150202F
:10C1900000EB4100B0F5A07F0ADB0020F8F74EF875
:10C1A00000EB8001502000EB410090FBF7F000E035
:10C1B0000120009900B2091A0AB2049B0B99C91A0E
:10C1C00009B200290BDCE98A069808447080698B63
:10C1D0000F98091A1098081A401EF08090E00C9BE6
:10C1E00012FB03F393FBF1F1511A069AEB8A114407
:10C1F000194409B2401E71800844F080B5F9162038
:10C2000006981044814238DA70800020F8F716F85A
:10C2100000EB8001502000EB4100B0F5A07F0ADB6D
:10C220000020F8F70BF800EB8001502000EB4100F4
:10C2300090FBF7F000E00120B6F902100844B6F9CF
:10C240000610884219DD0020F7F7F8FF00EB8001A7
:10C25000502000EB4100B0F5A07F0ADB0020F7F78B
:10C26000EDFF00EB8001502000EB410090FBF7F068
:10C2700000E0012071880844F080B5F91A20109878
:10C28000B6F90610121A0F98101A814238DDF080A4
:10C290000020F7F7D3FF00EB8001502000EB4100B6
:10C2A000B0F5A07F0ADB0020F7F7C8FF00EB8001A4
:10C2B000502000EB410090FBF7F000E00120B6F9C0
:10C2C0000610081AB6F90210884219DA0020F7F7AA
:10C2D000B5FF00EB8001502000EB4100B0F5A07FDE
:10C2E0000ADB0020F7F7AAFF00EB8001502000EBEB
:10C2F000410090FBF7F000E00120F188081A7080FF
:10C300000A99039801440898084400B204900998D7
:10C3100000283FF44EAE04980028FAD0698B0F989D
:10C32000081AE080A0EB0B00401C6080A88A2080E7
:10C33000288BA0800399A1EB0801A1EB0901A1EBD7
:10C340000A00039900904843049990FBF1F000B271
:10C3500002900020F7F772FF00EB8000502606EBFA
:10C3600040004FF4A07B584509DB0020F7F766FF3B
:10C3700000EB800006EB400090FBF7F000E00120AE
:10C380000299884201DA084613E00020F7F756FFC9
:10C3900000EB800006EB4000584509DB0020F7F772
:10C3A0004DFF00EB800006EB400090FBF7F000E053
:10C3B0000120009900B2091A0AB2DDE90331C91A55
:10C3C00009B2002916DCA98A0E9840B14144AAF1AD
:10C3D000010008442080298BA1EB090008E001EB53
:10C3E00008002080298BA1EB0901A1EB0A00401E67
:10C3F000A080DEE5089B12FB03F393FBF1F1511AD9
:10C400000E9A09B2EAB3AA8A401E531808EB0A0230
:10C41000991809B221800844A080B5F9140010448D
:10C42000884233DD20800020F7F708FF00EB800012
:10C4300006EB4000584509DB0020F7F7FFFE00EB54
:10C44000800006EB400090FBF7F000E00120B4F91B
:10C4500000100844B4F90410884217DD0020F7F7F3
:10C46000EDFE00EB800006EB400058450ADB0020A3
:10C47000F7F7E4FE00EB800006EB400090FBF7F0DE
:10C4800001E03AE0012021880844A080B4F90410BA
:10C49000B5F9182078E0A0800020F7F7CFFE00EB78
:10C4A000800006EB40005D46A84273DB0020F7F7F2
:10C4B000C5FE00EB800006EB400090FBF7F000BFEC
:10C4C000B4F90410081AB4F90010884291DA002077
:10C4D000F7F7B4FE00EB800006EB4000A8425BDB00
:10C4E0000020F7F7ABFE00EB800006EB400090FB6E
:10C4F000F7F0A188081A20805BE5AB8A4144194413
:10C5000009B2401E21800844A080B5F9142002EB36
:10C510000800814232DA20800020F7F78FFE00EB1E
:10C52000800006EB4000584509DB0020F7F786FE47
:10C5300000EB800006EB400090FBF7F000E00120EC
:10C54000B4F900100844B4F90410884216DD002044
:10C55000F7F774FE00EB800006EB4000584509DB5E
:10C560000020F7F76BFE00EB800006EB400090FB2D
:10C57000F7F000E0012021880844A080B5F91820D8
:10C58000B4F90410A2EB0A02A2EB0900814282DC9A
:10C590000FE5FFE7012093E70120AAE7806818B1C3
:10C5A000007E00F0030070470320704708B505497E
:10C5B0006A46496800912C21FAF7A6FCBDF90200F1
:10C5C00008BD00009C4C030808B505496A46096887
:10C5D00000912C21FAF798FCBDF9000008BD00007D
:10C5E0009C4C0308008C704710B541F2090200F022
:10C5F000ADFAC0B210BD10B541F2090200F0A6FAC2
:10C60000C0B210BD662200F0A1BA10B5512200F0F0
:10C610009DFA002800D0012010BD10B54FF405622E
:10C6200000F094FA00B210BD10B54FF4056200F0AE
:10C630008DFA00B210BD10B541F26A4200F086FAE0
:10C64000C0B210BD10B541F26A4200F07FFAC0B22C
:10C6500010BD10B541F26A4200F078FAC0B210BDC8
:10C6600010B541F26A4200F071FAC0B210BD10B5C7
:10C6700041F26A4200F06AFAC0B210BD10B541F250
:10C680006A4200F063FAC0B210BD10B541F26A42CE
:10C6900000F05CFAC0B210BD44F2200200F056BABD
:10C6A00010B5212200F052FAC0B210BD10B56822B8
:10C6B00000F04CFAC0B210BD10B5342200F046FABA
:10C6C000002800D0012010BD10B541F2320200F068
:10C6D0003DFA00B210BD10B541F2320200F036FA58
:10C6E00000B210BD10B541F2320200F02FFA00B2D4
:10C6F00010BD10B541F2320200F028FA00B210BDB0
:10C7000010B541F2320200F021FA00B210BD10B5AE
:10C7100041F2320200F01AFA00B210BD10B56122E7
:10C7200000F014FA002800D0012010BD034A10B513
:10C73000128900F00BFAC0B210BD0000E400002026
:10C7400010B541F2040200F001FA00B210BD10B5BC
:10C7500041F2040200F0FAF900B210BD10B541F246
:10C76000040200F0F3F900B210BD10B541F204026A
:10C7700000F0ECF900B210BD10B541F2690200F012
:10C78000E5F980B210BD10B541F2690200F0DEF9A2
:10C7900080B210BD10B540F6490200F0D7F900B2E2
:10C7A00010BD10B541F2060200F0D0F900B210BD84
:10C7B00010B541F2050200F0C9F900B210BD10B584
:10C7C00040F2624200F0C2F9C0B210BD10B540F2B2
:10C7D000624200F0BBF9C0B210BD10B540F2624237
:10C7E00000F0B4F9C0B210BD10B540F63C0200F044
:10C7F000ADF9C0B210BD10B540F63D0200F0A6F98B
:10C8000000B210BD10B540F63A0200F09FF900B238
:10C8100010BD10B541F6110200F098F900B210BD3C
:10C8200010B541F6110200F091F900B210BD10B53B
:10C8300041F6110200F08AF900B210BD10B541F6C0
:10C84000110200F083F900B210BD10B541F61102DB
:10C8500000F07CF900B210BD10B541F6110200F0F5
:10C8600075F900B210BD10B541F6110200F06EF975
:10C8700000B210BD10B541F6110200F067F900B228
:10C8800010BD10B541F6110200F060F900B210BD04
:10C8900010B541F6110200F059F900B210BD10B503
:10C8A00041F6110200F052F900B210BD10B541F688
:10C8B000110200F04BF900B210BD10B541F615029F
:10C8C00000F044F900B210BD10B541F6150200F0B9
:10C8D0003DF900B210BD10B541F6150200F036F971
:10C8E00000B210BD10B541F6150200F02FF900B2EC
:10C8F00010BD10B541F6150200F028F900B210BDC8
:10C9000010B541F6120200F021F900B210BD10B5C9
:10C9100041F6120200F01AF900B210BD10B541F64E
:10C92000120200F013F900B210BD10B541F6120268
:10C9300000F00CF900B210BD10B541F6120200F083
:10C9400005F900B210BD10B541F6120200F0FEF874
:10C9500000B210BD10B541F6120200F0F7F800B2B7
:10C9600010BD10B541F6120200F0F0F800B210BD93
:10C9700010B541F6120200F0E9F800B210BD10B592
:10C9800041F6120200F0E2F800B210BD10B541F617
:10C99000120200F0DBF800B210BD10B541F6120231
:10C9A00000F0D4F800B210BD10B541F6120200F04C
:10C9B000CDF800B210BD10B541F6130200F0C6F874
:10C9C00000B210BD10B541F6130200F0BFF800B27E
:10C9D00010BD10B541F6130200F0B8F800B210BD5A
:10C9E00010B541F6130200F0B1F800B210BD10B559
:10C9F00041F6130200F0AAF800B210BD10B541F6DE
:10CA0000130200F0A3F800B210BD10B541F61302F6
:10CA100000F09CF800B210BD10B541F6130200F012
:10CA200095F800B210BD10B541F6130200F08EF873
:10CA300000B210BD10B541F6130200F087F800B245
:10CA400010BD10B541F6130200F080F800B210BD21
:10CA500010B541F6130200F079F800B210BD10B520
:10CA600041F6140200F072F800B210BD10B541F6A4
:10CA7000140200F06BF800B210BD10B541F61402BC
:10CA800000F064F800B210BD10B541F6100200F0DD
:10CA90005DF800B210BD10B541F6100200F056F876
:10CAA00000B210BD10B541F6100200F04FF800B210
:10CAB00010BD10B541F6100200F048F800B210BDEC
:10CAC00010B541F6100200F041F800B210BD10B5EB
:10CAD00041F6100200F03AF800B210BD10B541F670
:10CAE000100200F033F800B210BD10B541F610028C
:10CAF00000F02CF800B210BD10B541F6100200F0A5
:10CB000025F800B210BD10B541F6100200F01EF875
:10CB100000B210BD10B541F6100200F017F800B2D7
:10CB200010BD10B541F6100200F010F800B210BDB3
:10CB300010B541F6100200F009F800B210BD10B5B2
:10CB400041F6100200F002F800B210BD2DE9F041EC
:10CB500086B00C4606461546C2F38028C2F38037DD
:10CB60009FB122F4804510E002AB2A4621463046B0
:10CB7000F2F70BFC60BBB8F1000F08D00CB1002439
:10CB800003E03046FFF77AF80646002EECD13CB9B8
:10CB900041F201018D4207D0A5F58050043803D041
:10CBA000284603F0ADF812E0306807E08D4202D16C
:10CBB000828A3AB901E0C28A12B900680028F5D128
:10CBC0008D4202D1B0F9140001E0B0F916000290D4
:10CBD00017B30298350000901AD0304621466322E0
:10CBE000FFF7B4FF060012D0306880B12846214616
:10CBF0006422FFF7ABFF10F0FF0208D03368304625
:10CC0000009998470190BDF80400ADF80000009825
:10CC1000029006B0BDE8F0810298FAE710B56022F4
:10CC2000FFF794FF00B210BD10B540F64102FFF7C8
:10CC30008DFF00B210BD10B540F64202FFF786FF2F
:10CC400000B210BD10B540F64502FFF77FFFC0B23D
:10CC500010BD10B540F64302FFF778FF00B210BDDB
:10CC600010B54FF40462FFF771FF00B210BD44F23B
:10CC70005742FFF76BBF41F25942FFF767BF41F2DE
:10CC80005942FFF763BF41F25942FFF75FBF41F2DC
:10CC90005942FFF75BBF41F25942FFF757BF41F2DC
:10CCA0005942FFF753BF41F25942FFF74FBF10B54A
:10CCB00041F25A42FFF74AFF00B210BD10B541F2EF
:10CCC0005A42FFF743FF00B210BD10B541F25A427D
:10CCD000FFF73CFF00B210BD10B541F25B42FFF719
:10CCE00035FF00B210BD10B541F25B42FFF72EFFD9
:10CCF00000B210BD10B541F25B42FFF727FF00B252
:10CD000010BD10B541F25B42FFF720FF00B210BD2D
:10CD100010B541F25B42FFF719FF00B210BD10B52C
:10CD200041F25B42FFF712FF00B210BD10B543F6AF
:10CD30000F02FFF70BFF00B210BD10B540F60B025B
:10CD4000FFF704FF00B210BD10B540F60B02FFF76D
:10CD5000FDFE00B210BD10B540F60A02FFF7F6FE68
:10CD600000B210BD10B540F60A02FFF7EFFE00B2A8
:10CD700010BD10B543F60E02FFF7E8FE00B210BD7D
:10CD800010B541F20102FFF7E1FE00B210BD10B58F
:10CD900041F20102FFF7DAFE00B210BD10B541F218
:10CDA0000102FFF7D3FE00B210BD10B541F201023F
:10CDB000FFF7CCFE00B210BD10B541F20102FFF743
:10CDC000C5FE00B210BD10B541F20702FFF7BEFE6E
:10CDD00000B210BD10B541F20802FFF7B7FE00B275
:10CDE00010BD018B808A081A401C00B2704770B5D4
:10CDF0000546FEF743FF040012D0A88AA18A451A0F
:10CE00002046FFF794F8054400212046FFF7C5FDB2
:10CE10002D1A00212046FFF773FC281A00B270BDBE
:10CE2000B5F9140070BD70B50546FEF727FF040084
:10CE300012D0E88AE18A451A2046FFF77FF80544B8
:10CE400000212046FFF774FE2D1A00212046FFF72F
:10CE500057FC281A00B270BDB5F9160070BD10B5A8
:10CE60000446FFF7E0FF02462046FEF7C6FE1044E8
:10CE700000B210BDC069814301D00020704701207D
:10CE80007047C069084000D001207047008C0840FE
:10CE900000D0012070477FB50D4606460221FFF7FE
:10CEA000E9FF002820D080213046FFF7EFFFE8B9E6
:10CEB00002A93046FEF7E8FD0022294602A8E6F75F
:10CEC0007FF8040012D04FF480313046FFF7D2FFD4
:10CED00070B101208DF8040000956A46112130469A
:10CEE000FAF712F89DF8040004B070BD0020FBE7CB
:10CEF0002046F9E7F8B514460D4606464FF405629C
:10CF0000FFF724FE00B26080002839D03046294661
:10CF10005322FFF71BFEC0B22073022830D92946E6
:10CF20003046FFF75AFCFD2804D2217B11FB00F0AC
:10CF3000000A2073207B022822D93046294644F279
:10CF40005202FFF703FE0090BDF80000208030463B
:10CF500029465422FFF7FAFDA060304629465122A7
:10CF6000FFF7F4FD00B10120617B60F38201617382
:10CF700029463046FFF79AFB617B60F3010161733C
:10CF8000F8BDF8B514460E4605464622FFF7DEFD0D
:10CF9000C0B2E07202283CD931462846FFF71DFC9A
:10CFA000FD2804D2E17A11FB00F0000AE072E07A79
:10CFB00002282ED9002020804FF480706080288BBA
:10CFC000A98A4822401A401C00B200EBD0704010E1
:10CFD000A080688BE98A401A401C00B200EBD07038
:10CFE0004010E08028463146FFF7B0FD10F0FF000A
:10CFF000A07209D02846314644F24702FFF7A6FD49
:10D000000090BDF80000208131462846FFF74EFB16
:10D010002073F8BDF8B514460D4606464FF48B62F2
:10D02000FFF794FDC0B2A076022841D929463046C8
:10D03000FFF7D3FBFD2804D2A17E11FB00F0000A0C
:10D04000A076A07E022833D929463046FFF70FFE8E
:10D050000090BDF80000A0813046294641F25A42B6
:10D06000FFF774FDA0823046294641F25B42FFF78C
:10D070006DFD60823046294640F25C42FFF766FD56
:10D08000A17F60F30201A17729463046FFF70EFB2E
:10D09000A17F60F3C501A17729463046FFF703FE63
:10D0A00020603046294641F25D42FFF74FFD207770
:10D0B000F8BDF8B514460D46064640F64902FFF79E
:10D0C00045FD00B26080002846D0304629464E22F9
:10D0D000FFF73CFDC0B2207202283DD929463046F8
:10D0E000FFF77BFBFD2804D2217A11FB00F0000A38
:10D0F0002072207A02282FD93046294644F24D0268
:10D10000FFF724FD0090BDF800002080304629463E
:10D110004A22FFF71BFD00B2A08028B13046294605
:10D120004B22FFF713FDE080304629464C22FFF7E3
:10D130000DFD08B1012100E00021607A61F3820059
:10D14000810861F3C300607229463046FFF7AEFAEA
:10D15000617A60F301016172F8BD2DE9F84314466C
:10D160000D4606466022FFF7F1FC208025B12946D6
:10D170003046FFF732FB00E0FF208046294630466C
:10D18000FFF72BFB0746022802D9B8F1020F09D896
:10D190000020E07084F8220084F8360084F82A0029
:10D1A000BDE8F88329463046FFF780FAA070E078A2
:10D1B000002851D0304629462122FFF7C7FCC0B2D3
:10D1C000E070022848D929463046FFF765FA0090FA
:10D1D000BDF80000A080304629462622FFF7B6FCA5
:10D1E000010007D0487A400704D00A22A01DFDF7AD
:10D1F00031F831E0304629462322FFF7A7FCE17BD6
:10D2000060F30201E17348071DD029463046FFF75D
:10D2100043FA0090BDF80000E0803046294644F211
:10D220002202FFF793FC0090BDF8000060813046B9
:10D2300029462422FFF78AFC2072304629462522FF
:10D24000FFF784FC2073304629462722FFF77EFC37
:10D25000E17B60F3C501E1733046294641F23202B9
:10D26000FFF774FC00B2208408B394F82200F0B1F8
:10D27000304629463122FFF769FCC0B284F822000B
:10D28000022814D9304629463322FFF75FFC94F870
:10D29000231044F2300260F3450184F82310304635
:10D2A0002946FFF753FC0090BDF80000E0832946B3
:10D2B0003046FFF7A7FAE084C8B194F82A00B0B16D
:10D2C00029463046FFF790FA84F82A0002280ED942
:10D2D00029463046FFF78FFA20853046294644F22A
:10D2E0003B02FFF733FC0090BDF80000A084A07E55
:10D2F00068B33046294640F62802FFF727FC206134
:10D3000028B3304629462922FFF720FCC0B2A07678
:10D3100002281CD92069FBF7BCF902286AD03046E4
:10D32000294644F22A02FFF711FC0090BDF80000E4
:10D330002083304629462B22FFF708FCE076304652
:10D3400029462C22FFF702FC00B10120207794F837
:10D35000360050B329463046FFF782FCE08520B303
:10D3600094F83600022820D929463046FFF76AFC97
:10D3700084F83600022818D929463046FFF754FCB5
:10D38000208629463046FFF756FC608629463046FF
:10D39000FFF75FFCA0863046294644F24402FFF7BF
:10D3A000D5FB0090BDF80000A085B8F1FD0F02D2BA
:10D3B00018FB07F0070AFD2FBFF4F2AE14F8030FB5
:10D3C00010FB07F0000A04F8140BE07810FB07F0DC
:10D3D000000AE070E07A10FB07F0000AE072E07FDC
:10D3E00010FB07F0000AE077E07C10FB07F0000A72
:10D3F000E074D5E629463046FFF755FC60612946C2
:10D400003046FFF734FC0090BDF8000020839EE713
:10D410007CB505464FF4002403E02846FEF72EFCB9
:10D420000546FEF72BFC28B121462846FFF722FDD2
:10D430000028F2D12846E6F7D8FD044605F114018C
:10D440006846F4F742FDBDF800006946001BADF8E0
:10D450000000BDF80200001BADF80200BDF804009A
:10D460002044ADF80400BDF806002044ADF80600E5
:10D47000284600F001F87CBD1CB504466846F4F768
:10D4800024FD69462046FDF723FD002805D02046EF
:10D49000FEF782FB6946E6F789FC1CBD00680028A0
:10D4A00008D0017E8907F9D0007E00F00300012832
:10D4B00000D0002070470068002809D0017E11F0DC
:10D4C0000C0FF8D0007EC0F38100012800D00020AE
:10D4D0007047000010B504460849FFF7D2FC08B1B8
:10D4E000002010BD2046FEF7C9FB0028F9D000211E
:10D4F000FFF749F90028F4D0012010BD0100060013
:10D500007CB50546E6F771FD044605F11401684651
:10D51000F4F7DBFCBDF800006946001BADF8000025
:10D52000BDF80200001BADF80200BDF80400204465
:10D53000ADF80400BDF806002044ADF8060028460A
:10D54000FDF7C6FC7CBD10B5418C41F00101418462
:10D55000FEF798FB418C41F002014184FEF71CFB71
:10D560004068002803D0BDE8104003F09FBF10BD05
:10D570002DE9F0479946174688468246FEF77FFA1E
:10D580000646002523E000BFDAF80800B9F1000FD5
:10D59000006850F8254005D04FF480212046FFF761
:10D5A00069FC98B9A18A002301EB0800A082E08AF7
:10D5B0003A463844E082218B01EB08002083608BDF
:10D5C0004146384460832046FFF7D2FF6D1CB542C8
:10D5D000DAD3BDE8F0872DE9FF47456816460F46C8
:10D5E00004469DB300212846FFF7D7F98046002165
:10D5F0002846FFF79DFA81464FF480212046FFF729
:10D6000039FC48B1A98A07EB0800084407B2E98A47
:10D6100006EB0900084410E02846FEF788FCAA8AB9
:10D6200002EB0801081A384407B22846FEF786FCC8
:10D63000EA8A02EB0901081A304406B200212846A2
:10D64000FFF75EF8391830440FB206B2A08A381AD4
:10D6500007B2E08A301A06B20FB9002E40D0204639
:10D66000FFF7D6FE02A92046FEF78FFA4FF000081A
:10D6700075B169462846FEF726FA0022694602A8D7
:10D68000E5F7DEFB5FEA000802D1284600F0A2FDC4
:10D69000A08A32463844A082E08A39463044E0828B
:10D6A000208B002338442083608B304460832046E5
:10D6B000FFF75EFF8DB1224622212846F9F724FCB0
:10D6C0002046FFF7A5FE0022694604F11400E5F7A5
:10D6D000B7FBB8F1000F07D104E02046FFF798FE32
:10D6E000BDE8FF870028FBD0284600F073FDF7E770
:10D6F00070B50C00064604D5FEF7C0FAFEF7BFF978
:10D7000004443046FEF77FFA02463046FEF7B6FA8A
:10D710000546002C2DDBFEF7B2F9A04229DD94422C
:10D7200027D015DA6FF00301A24214DDA86801EBDF
:10D7300082030068C35840F82230521EF4E7A868FC
:10D7400001EB82030068C35840F82230521C00E00D
:10D750000421A242F3DBA86800222221006840F8DD
:10D7600024602846F9F7D0FB2846BDE87040FFF753
:10D770004FBE70BD2DE9F0410D460646FEF7C9FBD0
:10D78000A0B93046FEF7CCFB04463046FEF782FADD
:10D7900000280BDA002C09DD4042844200DB0446FD
:10D7A00022B22B460021304600F0C0FB3046FEF787
:10D7B000A9FB002825D13046FEF7E6FA044630469C
:10D7C000FEF742FB074600213046FEF75EFF0128C8
:10D7D0000BD0002F15DA002C13DD7842844200DBD9
:10D7E000044621B22B46002206E0002C09DA002F65
:10D7F00007DD2B46002221463046BDE8F04100F00F
:10D8000095BBBDE8F0812DE9F14F82B00298FFF79A
:10D8100061FE00287DD10298FEF730FA00900021C9
:10D820000298FFF7D0FA824600210298FFF7D2FA59
:10D830000746009868B1FEF78EF981460098FEF71A
:10D8400070F90546CAF341304FF0640B012803D04C
:10D8500012E03A46514694E02AF4C040B0F5FA6F1F
:10D860000ADCB0F57A7F01DDC0F57A7000FB09F0C3
:10D8700090FBFBF00FFA80FAC7F3413001280DD17D
:10D8800027F4C040B0F5FA6F08DCB0F57A7F01DD0F
:10D89000C0F57A70684390FBFBF007B2002143F2B9
:10D8A0000C020298FFF752F906B2002143F20D0272
:10D8B0000298FFF74BF902B20298FFF792FA8046FE
:10D8C0000298FEF79AF90446C6F3413001280ED1BA
:10D8D00026F4C040B0F5FA6F09DCB0F57A7F01DDBF
:10D8E000C0F57A7000FB08F090FBFBF006B2C2F3C3
:10D8F000413001280FD122F4C040B0F5FA6F0ADCA4
:10D90000B0F57A7F01DDC0F57A70604390FBFBF0E3
:10D9100000E056E002B20AEB060006B2B81807B201
:10D9200000210298FEF767FE50B1012827D0801E23
:10D93000082824D2DFE800F00B13202B3318383BE3
:10D9400000210098FEF79AFE012808D017E009EBA5
:10D95000D971491008EBD870A1EB600001E0A9EB88
:10D960000800304406B20AE005EBD570401004EB25
:10D97000D471A0EB610000E0281B384407B23A469E
:10D980003146029803B0BDE8F04FFFF724BE09EB23
:10D99000D971491008EBD870A1EB600001E0A9EB48
:10D9A0000800304406B2E7E7A9EB080006E009EBFF
:10D9B000D971491008EBD870A1EB6000304406B271
:10D9C000D2E7BDE8FE8F2DE9F04F0446408C87B0CA
:10D9D000410501D580057ED42046FEF74FF95FEA68
:10D9E000000878D02046FEF7CFF90190608C002621
:10D9F00040054FF4FA6B42F2D17A03D52046FFF787
:10DA0000F0F95FE000212046FFF7D6F905465045C2
:10DA100001D1012600E00026C5F34130012805D1DF
:10DA200025F4C040584501DC012000E0002081467B
:10DA30004046FEF790F8074626B12046E8F748F939
:10DA400005462BE0B9F1000F28D0B8F822004005B8
:10DA500018D400214046FFF7AFF9504512D10021FC
:10DA60002046FEF74DFE054600212046FEF795FFB5
:10DA700000EB050900212046FEF7E3FF411901EB09
:10DA800009000AE025F4C040B0F57A7F01DDC0F559
:10DA90007A707843642190FBF1F005B220460021B2
:10DAA00041F20202FFF752F80FFA80F920460021F6
:10DAB00041F20302FFF74AF802B23B4649462846C4
:10DAC000F5F7A9FD07462046FEF72AFA00904FF029
:10DAD0000009608C00E06FE0800503D52046FEF76A
:10DAE0008CF855E000212046FEF73FFEA0F51C51C2
:10DAF0000546D13906D000208146C5F341300128C2
:10DB000002D007E00120F7E725F4C040584501DCCA
:10DB1000012000E0002083464046FEF702F88246DE
:10DB2000B9F1000F04D02046E8F760F805461BE085
:10DB3000BBF1000F18D0B8F82200800507D40021EF
:10DB40004046FEF712FEA0F51C51D13938D025F41D
:10DB5000C040B0F57A7F01DDC0F57A7000FB0AF0B5
:10DB6000642190FBF1F005B22046002141F205024C
:10DB7000FEF7ECFF0FFA80FB2046002141F206027F
:10DB8000FEF7E4FF02B2534659462846F5F70EFD6C
:10DB9000054656EA090605D0DDE9002100232046A6
:10DBA00000F0C1FA2046FFF71CF9B8421BD120460D
:10DBB000FEF723F8A84216D1002007B0BDE8F08F89
:10DBC00000212046FEF79CFD054600212046FEF779
:10DBD000AFFF00EB050B00212046FEF760FE411968
:10DBE00001EB0B00BFE72046FFF712FC02A920461D
:10DBF000FDF7CBFF04A94046FDF765FF002204A90D
:10DC000002A8E5F71DF9060002D1404600F0E2FA4D
:10DC1000E08A6D1E2844608300212046FEF72EFD19
:10DC200001281CD0A08A7F1E3844208302AA292103
:10DC30002046F9F769F9224622214046F9F764F9AE
:10DC40002046FFF7E5FB00212046FFF793FD002269
:10DC500004A904F11400E5F7F3F836B904E0208BC9
:10DC6000C01B401CA082E1E710B1404600F0B2FAB0
:10DC70000120A2E738B50446E6F7B7F905460020CB
:10DC8000ADF800006A4613212046F9F73DF9BDF9C9
:10DC90000000A84202D02046FFF7BAFBA06818B1E6
:10DCA000BDF80010C18209E0BDF8000030B1204687
:10DCB000FDF7F0F8A168BDF80000C882BDF90000CA
:10DCC000A84202D02046FFF7A3FB38BD70B5054639
:10DCD0000021FFF771F8044600212846FEF745FDB4
:10DCE00042F2D1718C4203D0884201D0002070BD35
:10DCF0002846FFF728FC012070BD00002DE9F04701
:10DD000006462C4814460D46007800284FD0304671
:10DD1000FFF77EFB05F47F05E0044FF470294FF612
:10DD2000FF771ED54D4514D09DB13046002141F2FC
:10DD30000402FEF70BFF00B242F2D178404508D052
:10DD40003046002141F20102FEF700FF00B24045DB
:10DD500014D100222A213046F9F7D6F83046FFF7D1
:10DD6000F2FB4D4500D04DB9BC4201D0A00405D511
:10DD70003046FDF783FF08B1FFF7E5FBBC4201D059
:10DD8000200502D53046FFF775FF3046FFF740FB10
:10DD9000BC4204D060050AD514F4C05F07D0B5F5C5
:10DDA000803F04D03046BDE8F04704F0ACBFBDE88A
:10DDB000F0870000B8020020F0B4448C0023042552
:10DDC000C4F3C5040BE000BFC66805EBC307F659F2
:10DDD000F70103D526F07F46964202D05B1C9C4299
:10DDE000F2D89C4202D1F0BC00207047C06850F8C5
:10DDF0003300F0BC02F004B82DE9F05F4FF6FF7A73
:10DE00000F0005461FFA82F802F47F09564602D039
:10DE1000F87900B900260024214659E0EA68042078
:10DE200000EBC40B964652F80B00C0F307424FEAD2
:10DE3000024C524683B2904501D0434509D1B9F511
:10DE4000702F01D0CC4504D12FB15EF83430BB42E5
:10DE500001D0641C3CE0800104D5002349462846DB
:10DE600008F0D2F8E86850F80B10CA0101D4890113
:10DE70000CD550F8340002F026F8E86850F8340069
:10DE8000FCF77CF9E968002041F8340020460822BC
:10DE90000AE0E96802EBC00C01EBC0036144401CDE
:10DEA000D1E900C1C3E900C1698CC1F3C501491EB4
:10DEB0008142EED8688CC108491E61F3C8006884AD
:10DEC000C0F3C500C100E868FCF79CF90121E860D7
:10DED000688CC0F3C500A042A0D8002908D0002E4D
:10DEE00006D0324649462846BDE8F05FFFF706BF38
:10DEF000BDE8F09F70B506460B480078002812D0A8
:10DF000000200CE0002506E0E06850F825103046BF
:10DF100004F0D5FF6D1C606AA842F5D82046F6F7DC
:10DF2000C5F90400EED170BDB80200202DE9F04122
:10DF30001646074690B00D4651EA060076D0012BF2
:10DF400019D03C493846F3F755FA04463A49384661
:10DF5000F3F750FA804632462946384605F02EF946
:10DF600054EA080462D010B03846BDE8F0410022FF
:10DF70000A21F8F7C9BF3846FDF70EFE804668460D
:10DF8000F3F77CFA2D484FF4C874009703902DB333
:10DF90004046F6F765F940102A460021F3F7D5FA16
:10DFA000C82801D2C82002E0A04200D920460A9029
:10DFB0003846FDF7BCFF4142281ACDE908101E483B
:10DFC00001901F48079106906A4609213846F8F7E4
:10DFD0009BFF01282AD16846F3F7C4FA002E25D00A
:10DFE0004046F6F783F9401032460021F3F7ADFAC8
:10DFF000C82801D2C82002E0A04200D920460A90D9
:10E000003846FDF79BFF4142301ACDE90810094818
:10E0100001900B48079106906A4609213846F8F7A7
:10E0200073FF012802D16846F3F79CFA10B0BDE8EF
:10E03000F08100008132020869320208272F0208AD
:10E04000E31401082DE9F0471546824699460C462F
:10E0500051EA050065D0504600F0D8FB5046FDF768
:10E0600066FF40420FFA80F808EB040004B200217A
:10E070005046FEF70AFB012813D0002C13DC25DAEA
:10E080005046FDF781FE06465046FDF7DDFE304462
:10E0900000B2002800DA00204042844216DA04B2BE
:10E0A00014E0002C02DA4FF000040FE00EDD5046C1
:10E0B000FDF76AFE06465046FDF7C6FE304400B244
:10E0C000002800DA0020844200DD04465046FDF7B7
:10E0D00035FF404206B2701905B2002D02DD4FF047
:10E0E000000510E00FDA5046FDF71AFF07465046CC
:10E0F000FDF7D0FD384400B2002800DA002040428D
:10E10000854200DA05B2A4EB080001B2A81B02B2F6
:10E1100051EA020005D04B465046BDE8F047FFF7F4
:10E1200005BFBDE8F08770B516461D4604461A4681
:10E1300000F024F82A4631462046BDE8704000F041
:10E1400033B8F8B50E46044600F060FB002000909E
:10E150002046FDF793FD054604F114070AE0334617
:10E160006A462146384604F0E3FE2C462046FDF779
:10E1700085FD0546002DF2D1F8BD000070B50D46B5
:10E18000144606460749F3F735F93046FDF7CFFE4A
:10E19000401B01B223463046BDE870400022FFF725
:10E1A00051BF00006932020870B50D46144606469C
:10E1B0000749F3F71FF93046FDF7C0FE401B02B2D6
:10E1C00023463046BDE870400021FFF73BBF00000A
:10E1D000813202081FB5044602AA6946FDF7B6FE61
:10E1E0006846F3F796FE20B902A8F3F792FE0028DE
:10E1F00010D06846F3F78DFE18B169462046FFF748
:10E200003BF902A8F3F785FE002803D002A92046B7
:10E21000FFF732F91FBD002200F02CBA70B50D4691
:10E220000446FCF737FEA068858270BD70B51646BF
:10E230001D460446002200F05FFA002231462046C7
:10E2400000F042FA00222946204600F05DFA044818
:10E250000022808981B22046BDE8704000F062BA99
:10E26000E400002010B50446002200F035FA04480E
:10E270000022808981B22046BDE8104000F052BAE9
:10E28000E400002010B50446002200F02DFA2046DC
:10E29000FDF7F4FCBDE81040FFF755B938B50C4662
:10E2A000054600236A4641F20401FDF7C7FC012838
:10E2B00007D0002804D100222146284600F02CFA7D
:10E2C00038BD0098A042F6D138BD10B5044689B2D9
:10E2D000002200F027FA2046BDE81040FFF733B9CE
:10E2E0002DE9F0410C4615461F4606461946F0F743
:10E2F000FDFE2A46214601F0F1FE2246394630460F
:10E30000BDE8F041FFF7FABC70B5064640680C4620
:10E31000002867D0002C65D03046FFF779F82046FA
:10E32000FCF7B8FD30467568FDF76DFC0146042228
:10E3300007E0A86802EB81030068C35840F8213069
:10E34000491C2846FDF79BFB801E8842F1DAA9682C
:10E350004868401E4860A96805D0820008681146D8
:10E36000FBF750FF03E00868FBF708FF0020A968EF
:10E370000860A1684868401C4860A2688100106875
:10E38000FBF740FFA16808602046FDF778FB6FF0BF
:10E39000030101EB8000A16809680E5000212846A6
:10E3A0007460FFF7E7F92846FFF714FF3246222191
:10E3B0002846F8F7A9FD002224212846F8F7A4FDF5
:10E3C000324622212046F8F79FFD002223212046D5
:10E3D000F8F79AFD3046FFF7B6F83046BDE87040D2
:10E3E000FFF716B870BD70B51546044600F0DBF9AE
:10E3F00029462046BDE8704000F0ECB970B50C46E7
:10E400000546FCF747FDA868417E01F00F01A142D7
:10E4100000D0447670BD70B50C460546FCF73AFD59
:10E42000A868017E64F38301017670BD70B50C4667
:10E430000546FCF72FFDA868017E64F305110176FF
:10E4400070BD70B50C460546FCF724FDA868017E3A
:10E4500001F00302A24207D064F3010101762846CD
:10E46000BDE87040FEF7D4BF70BD70B515460446D8
:10E4700000F082F929462046BDE87040FFF70EBF44
:10E480002DE9F34F87B08146008C089988427DD0F2
:10E490000390A9F820104846089A0399E5F74CFE26
:10E4A0005FEA000872D04FF420742046FBF708FEA4
:10E4B00021460290FBF7ACFF0025284693E000BF01
:10E4C000D9F80C10042201EBCA0002EBCA04049034
:10E4D000085920F07F4000F097F90090D9F80C001F
:10E4E000005920F07F4000F08CF9069008990098C0
:10E4F000884376D104984068800172D404986722DA
:10E500000068838819040AD5006804E0914201D1AB
:10E5100044681DE0083001880029F7D161E0C17925
:10E52000A9B301290FD90468002004EB810307E097
:10E5300033F81060964202D104EB800007E0401CE3
:10E540008142F5D84DE0C3F30E01672949D1046833
:10E55000002740E0002620E0029806EB860100EB51
:10E5600081010591D1F804B0584600F04DF90190B1
:10E57000584600F046F9216831F8172005990989B5
:10E580008A4209D10699884206D101E06FE028E06D
:10E59000DDE90001814202D2761CAE42DCD3AE42FC
:10E5A00018D1029A05EB8500A18922F82010029A61
:10E5B000218A02EB80006D1C4180A168C160216846
:10E5C00031F817100181616801610499496821F0EF
:10E5D0007F4141607F1C206830F8170008B1202D72
:10E5E000B8D30AF101008246B9F82200C0F3C50190
:10E5F000514502D9202DFFF463AF002410E000BF85
:10E60000029804EB840100EB8106706800F0F9F8D1
:10E61000014600964846089B039AE5F7EDFC641C0A
:10E62000AC42EDD30298FBF797FDB8F1010F0ED085
:10E63000B8F1030F11D0B8F1020F18D14846FEF718
:10E64000E7FE09B04846BDE8F04FFFF713BB09B03D
:10E650004846BDE8F04FFEF7DBBE09B04846BDE8CE
:10E66000F04F4FF6FF724FF47021FFF747BB09B030
:10E67000BDE8F08F13460A4641F20901FFF730BEAC
:10E6800013460A4641F26A41FFF72ABE07B481B039
:10E690001346BDF80810ADF80010009A202104B010
:10E6A000FFF71EBE13460A4640F62801FFF718BEC4
:10E6B00013460A462121FFF713BE13460A4641F2CC
:10E6C0003201FFF70DBE000013460A460149898852
:10E6D000FFF706BEE400002013460A4601490988F8
:10E6E000FFF7FEBDE400002013460A4601490989F0
:10E6F000FFF7F6BDE400002013460A4601494988A9
:10E70000FFF7EEBDE400002013460A460149C98820
:10E71000FFF7E6BDE400002013460A4641F204017B
:10E72000FFF7DEBD13460A4641F26901FFF7D8BD87
:10E7300013460A4641F20201FFF7D2BD13460A46CC
:10E7400041F25D41FFF7CCBD13460A4641F2594103
:10E75000FFF7C6BD13460A4641F20101FFF7C0BDEF
:10E7600013460A4641F20701FFF7BABD13460A46AF
:10E7700041F20801FFF7B4BD38B50C460546002349
:10E780006A4641F20101FDF759FA012807D0002835
:10E7900004D1002221462846FFF7DCFF38BD00984F
:10E7A000A042F6D138BD38B50C46054600236A466E
:10E7B00041F20701FDF742FA012807D0002804D1F1
:10E7C000002221462846FFF7CBFF38BD0098A04223
:10E7D000F6D138BD38B50C46054600236A4641F2ED
:10E7E0000801FDF72BFA012807D0002804D10022E8
:10E7F00021462846FFF7BAFF38BD0098A042F6D15F
:10E8000038BD00F47F00704780B2704770B50B4D83
:10E810002978002911D101212970FDF733FA044626
:10E8200006E000BF20F0020060842046F2F7CEFB35
:10E83000608C8107F6D40020287070BDB0020020E3
:10E8400008B5132802D209B1042905D9F4F73FFF0E
:10E850000090BDF8000008BD044A491EC9B202EB91
:10E86000C00000EB4100008808BD000070490308AB
:10E8700008B5132802D209B1052905D9F4F727FFF5
:10E880000090BDF8000008BD054A491E00EB80005D
:10E89000C9B202EB400000EB4100008808BD000057
:10E8A000B248030808B5132805D3F4F710FF009009
:10E8B000BDF8000008BD024901EB4000008808BD1A
:10E8C0008C480308002801DAC0F57A7040F4005043
:10E8D00000B2704710B5B0F90420B0F9003040889C
:10E8E000D21A02EBD27252100C8813444988104499
:10E8F000E31A081A12FB02F113FB03F210FB0020CB
:10E90000884201D8012010BD002010BD10B5E3F7EA
:10E910004BFD0020E3F744FC0C4A4FF44863A2F59A
:10E92000C851A1F11C00F5F7A9FB0948F5F7B6FBA2
:10E93000084907480A8802804988418006494161A0
:10E940000649C160BDE81040F5F7D2BBF41D0020B8
:10E95000F4360020CC020020816B0008D80400208F
:10E9600010B50F48006880470E48F9F723FF0D489F
:10E97000012101700C494160F9F730FF0B4C014651
:10E9800060600BA0E4F7CEF96068F9F790FF0146EC
:10E990000DA0E4F7C7F9BDE8104010A0E4F7C2B934
:10E9A0000C000020403700209D5D0208C8000020B8
:10E9B000696E6465765F746F756368706164203D2D
:10E9C0002025700A00000000696E64657620656E7F
:10E9D00061626C6564203D2025640A006C765F707E
:10E9E0006F72745F696E6465765F696E69742829F9
:10E9F00020656E640D0A000070B50C4601230021ED
:10EA000010E0D50706D01D46A5FB003601FB0061CE
:10EA100005FB0411A0FB005604FB006600FB046428
:10EA200052102846002AECD1184670BD2DE9F04F4F
:10EA3000544E054689B0706801688C6BC968896856
:10EA40002160016809698A0701D4C90723D0F5F755
:10EA50004DFC401E07B27068F5F702FC401E03B281
:10EA60000022114601A80097F3F799FA01A9616005
:10EA700070680068027CC068920705D5826942F020
:10EA800002028261A16076E08169826961F34102DC
:10EA90008261A5606FE0A9882A88891A491C0FFA4B
:10EAA00081F9E9886A88891A491C0FFA81F8F5F713
:10EAB0001DFC0146B5F90600814203DC7068F5F7DC
:10EAC00015FC401E07B242464946B2467068F0F750
:10EAD00075FB81460026B5F902000DF10C0B28E00C
:10EAE0002A88ADF80C20AA88ADF81020ADF80E00E9
:10EAF000ADF81210C4F804B0C4F808B0DAF8040095
:10EB00000168C96889682160BDF91210B94201DD48
:10EB1000ADF81270BDF91260B74205D10068C06847
:10EB2000816941F002018161204600F02DF80FFA61
:10EB300088F000EB0908A8F10101B942D0DDB74225
:10EB40001CD02988ADF80C10A988ADF81010ADF8CC
:10EB50000E00ADF81270C4F804B0C4F808B0DAF8CA
:10EB600004000168C968896821600068C06881691B
:10EB700041F002018161204600F006F809B0BDE8CD
:10EB8000F08F0000BC020020F0B54E4C06468FB05E
:10EB90006068F5F761FB0546006850B1686828B108
:10EBA00007E060680068816A01B188472869002829
:10EBB000F7D100256068F5F783FB0146706800F027
:10EBC000CDF807466068416919B1706800F0C6F871
:10EBD000054657EA05004BD1B06AB0B16846F6F772
:10EBE00041FE6068C16A049190F829108DF81A10EE
:10EBF000418DADF8041090F829008DF80300B36A38
:10EC0000694630467268984732E06068C06AF8B179
:10EC100009A9F9F7A1FA01282AD109980022410D82
:10EC2000491EC0F38A230091114607A85B1EF3F723
:10EC3000B6F901A8F5F7ECFD606807AA90F829106D
:10EC40008DF80F10C36A01A93046F5F7B9FD0FE042
:10EC50006846F6F707FE6068418DADF8041090F83D
:10EC600029008DF80300694630467268F6F7E6FD24
:10EC70006068406928B105B905462946304600F06C
:10EC800071F90FB9606807693046394600F06AF9D2
:10EC90006068F5F703FB0146304600F063F96068F1
:10ECA000F5F7F4FA0146304600F05CF96068016857
:10ECB000097C890704D40FB0BDE8F040E8F7E8BE4E
:10ECC0000FB0F0BDBC02002070B5234D00202860BD
:10ECD0006868B0F85041002C3DD0002603E00119CF
:10ECE00091F8301179B1641EF9D50168C9688A6953
:10ECF00022F001028A610068C068816921F0020186
:10ED00008161002422E02646EFE7011991F83011D5
:10ED1000D9B9B44205D10168C9688A6942F00102D3
:10ED20008A610168C9688A6922F002028A6100EB7F
:10ED3000C4003030FFF77AFE686800EBC400303062
:10ED4000F3F7E7F8296808442860641C6868B0F89D
:10ED50005011A142D9DC70BDBC0200202DE9FC415C
:10ED60000D460024804622461431E4F769F858B372
:10ED700001212846FEF77EF830BB00208DF8000008
:10ED80006A4612212846CDF80480F8F7BDF89DF8B0
:10ED90000000022805D02846FCF771FE0746002631
:10EDA0000CE00020BDE8FC81A868006850F826103F
:10EDB0004046FFF7D3FF040006D1761CBE42F3D3D2
:10EDC0009DF8000000B92C462046EBE72DE9FC41F8
:10EDD0000025DFF8B4804FE0294491F83011E9BBF9
:10EDE000002441E0011991F83011C1BBA5423AD08D
:10EDF00000EBC40100EBC50030303031E4F774F8AB
:10EE000068B37068B04600EBC40200EBC501684609
:10EE100030313032E4F767F96846F3F77AF806469E
:10EE2000D8F8040000EBC5003030F3F772F807465D
:10EE3000D8F8040000EBC4003030F3F76AF8384427
:10EE4000864210D2D8F80400464600EBC500694659
:10EE50003030F3F743F80120716801E00BE002E085
:10EE6000214481F83001641CD8F804004646B0F80B
:10EE70005011A142B6D86D1CD8F80410B1F8502139
:10EE8000AA42A9D8BDE8FC81BC0200202DE9F043CC
:10EE90008846044687B001214046FDF7EBFF002875
:10EEA0005DD102A94046A668FCF76FFE4046E5F733
:10EEB0009CF80146024602A8F3F757F802AA314629
:10EEC00004A8E3F795FF002849D00DF11009224668
:10EED00014214046C4F80890F8F716F82246152188
:10EEE0004046F8F711F8224616214046F8F70CF88C
:10EEF0004FF400214046FDF7BDFF20B1306800907F
:10EF00007068019006E008F1140231466846E3F7A4
:10EF10006FFF90B1C4F808D04046FCF7B0FD07463B
:10EF2000002508E0D8F80800006850F825102046B1
:10EF3000FFF7ACFF6D1CBD42F4D3224617214046BB
:10EF4000C4F80890F7F7E0FF224618214046F7F78B
:10EF5000DBFF224619214046F7F7D6FFA66007B02F
:10EF6000BDE8F0832DE9F0470C00814605D11B4830
:10EF70004068F5F7A5F904002AD021464846FFF776
:10EF800085FF1FE00027FCF77AFD0646002508E014
:10EF9000A068006850F82510E7B14846FFF776FFF3
:10EFA0006D1CB542F4D34A4617212046F7F7ACFF53
:10EFB0004A4618212046F7F7A7FF4A46192120465E
:10EFC000F7F7A2FFA0464046FCF758FE0400D9D14F
:10EFD000BDE8F0874145E3D10127E1E7BC0200200D
:10EFE00010B591F82A000C4620F0010081F82A00A3
:10EFF00000208884C884088510212046FCF704F985
:10F000004FF400712046FCF7FFF821460548FCF755
:10F0100053F8FCF7BFF82046BDE81040002202A1DB
:10F0200000F00AB9F44B03084F7074696F6E203119
:10F030000A4F7074696F6E20320A4F7074696F6E78
:10F0400020330A4F7074696F6E20340A4F707469F0
:10F050006F6E203500000000F8B50E465648FCF7EC
:10F06000E6FC01282ED13046F7F705FF054630466D
:10F07000F7F746FF04462C2D1CD02A2D23D0292D2E
:10F080002DD0012D2DD0022D37D0082D50D0032D9D
:10F090004ED00E2D50D00F2D5DD00D2D66D0132DDE
:10F0A0007CD0152D01D0182D0CD13046BDE8F8408C
:10F0B000EBF7EBB93046F7F71AFF05462046F0F7B5
:10F0C000DBFA2880F8BDF0F70DF818B100222A21EC
:10F0D000F7F71AFF2046FEF7F9FD002141E0002175
:10F0E00040E0A06A20F400312046A162EFF7FAFF69
:10F0F000BDE8F8403149F2F77DB9F9F793FB69466D
:10F10000F9F7DAFBBDF802000028DBD02046EFF764
:10F11000E9FF0546FDF787FEBDF80210084401B27D
:10F120002846FFF757FBA06A40F40030A062F8BD04
:10F13000BDE8F84003F006BEFCF75AFDF8F706FB01
:10F140000546F9F76FFBF9F7B2FB042800D115B1BA
:10F15000E08C2085F8BDE18C208D8142FAD0E084DE
:10F1600001212046BDE8F84003F0E6BC3046F7F741
:10F17000BEFE0078132812D0122810D0142801D017
:10F180001128E7D1E08C0028E4D0258D401E81B203
:10F190000122204600F0BBF82585F8BD06E0E08C92
:10F1A000A18C401C8842F8D2258DF0E7EFF79AFF3A
:10F1B000BDE8F840FEF75EBDD84B0308AD3302084A
:10F1C00070B50E460846F7F756FE0446152805D0DA
:10F1D00031461848FCF72BFC012823D13046F7F7BD
:10F1E0008FFE0546132C08D0292C1CD0152C19D1C4
:10F1F0003046BDE87040E9F729BF3046F7F777FEA3
:10F2000004462846FCF73AFDF0F736FA064628464B
:10F21000FDF7E7FD0246B4F90000B11A884200DCB0
:10F220000846208070BDFCF729FDBDE87040002134
:10F2300003F082BCF44B03082DE9F84F15465FEA52
:10F24000010904460DD02046EFF74CFF4FF0000BAC
:10F250000090A4F826B0A4F828B0A4F824B058462A
:10F2600006E0FEE70A2902D1A18C491CA184401CBA
:10F2700019F800100029F5D1A08C401CA08494F846
:10F280002A00DDB340F0010184F82A104846E1F776
:10F290000DF8471CC7EBC7008246FAF711FF064678
:10F2A0000025A0F1010800BF07FB05604946E1F712
:10F2B00012F86D1C07FB05F10A20EDB201F80800F9
:10F2C000072DF1D30AEB060101F801BC3146009885
:10F2D000FAF746FC3046FAF73FFFA08C00EB4001FE
:10F2E000E184C0EBC000A0842046F1F7F3F9E08C84
:10F2F00020850098BDE8F84FFEF7BCBC20F0010067
:10F3000084F82A0049460098FAF72AFCEFE730B45F
:10F3100090F82A30DB070BD0C38C0724B3FBF4F33F
:10F3200013B1A3EBC3042144C3EBC303194489B253
:10F33000838C8B4200D8591EC184018530BC114694
:10F3400003F0FABB70B50020086791F874000C4612
:10F3500020F0030081F874004FF440712046FBF761
:10F3600053FF10212046FBF74FFF0020F4F766FF04
:10F37000502505EBC000B0F5A07F08DB0020F4F7B6
:10F380005DFF05EBC000A02190FBF1F000E0012043
:10F3900001B22046BDE87040FEF740BF2DE9F34FB3
:10F3A00083B0FE480499FCF742FB012852D104982F
:10F3B000F7F761FD05460498F7F7A2FD044600F053
:10F3C00047FA0646112D17D0012D46D0022D78D0D0
:10F3D000082D77D0032DFCD00E2D74D0292D73D09D
:10F3E000132D72D00D2D71D0152D33D1049805B089
:10F3F000BDE8F04FE9F766BD0498F7F778FD0546DC
:10F40000A06810B1B0F9147000E0002704F16801A1
:10F410006846F2F73FFD3A4611466846F2F7A5FD09
:10F42000002268462968E3F7CBFD2871002811D136
:10F43000022E0FD104F160016846F2F72BFD3A4627
:10F4400011466846F2F791FD002268462968E3F705
:10F45000B7FD287105B0BDE8F08F2046FDF7D8FF55
:10F4600094F8740040F0010184F874109EB1012EEC
:10F4700011D0022EEED1F9F7D5F96946F9F7ECF97A
:10F480002046FDF7AEFC05462046FCF7B6FB85425C
:10F4900004DB012503E004F124003BE0002500210A
:10F4A0002046FDF7DDF8A5B30128BDF900000ED018
:10F4B000B4F96C108842EEDCB4F96010884241DB8C
:10F4C0000DE062E0D6E008E115E11AE189E1B4F966
:10F4D00068108842DFDBB4F96410884232DCB4F98A
:10F4E0006410B4F96000091A01EBD17100EB6102FC
:10F4F000BDF90000111A002900DC811A0BB2B4F921
:10F500006C20B4F96810521A02EBD27201EB62025D
:10F510002EE00DE020679DE708B298422DDA04F155
:10F52000240044F8700F207920F00200207191E748
:10F53000BDF90200B4F96A209042ACDBB4F9661060
:10F54000884202DD04F13000E4E7B4F96230C91A00
:10F5500001EBD17103EB6103191A002900DCC11A18
:10F560000BB2B4F96E10891A01EBD17102EB610292
:10F57000111A0029D0DC811ACEE704F1300044F8DA
:10F58000700F207940F00200D0E7206F0028C2D031
:10F59000F9F748F90546F9F78AF90128BBD1694618
:10F5A0002846F9F759F900212046FDF759F8824617
:10F5B0002046FDF716FC06462046FCF71EFB0546D6
:10F5C00000212046FDF7C6F9804600212046FDF7C0
:10F5D0001CFA074600212046FDF787FA81460021E4
:10F5E0002046FDF740F90246D4E90A010B1AAE4263
:10F5F0001FDBA6EB0802D21B15B2BAF1010F11D026
:10F60000B4F91470BDF9006007EB0802B21A5A434E
:10F6100092FBF5F2236F04F130050244AB4214D1A2
:10F62000616A13E0B4F91820BDF90060D21B921B87
:10F63000EDE7AE1AA6EB0905B4F91A70BDF9026040
:10F640003A44B21A2DB25242E1E7206B824201DA0B
:10F65000024602E08A4200DD0A461868904296D0CF
:10F6600020461A60FDF7D4FE00221C212046F7F741
:10F670004BFCEFE694F8740020F0010184F874105C
:10F68000002120462167FDF7C3FE2046FCF7B0FAB3
:10F690000546F8F75BF80646F9F7C4F8F9F707F9F5
:10F6A0000428E6D1002EE4D0204600F0D1F802284C
:10F6B0000CD194F87400810704D440F0020084F85F
:10F6C0007400C7E620F0020084F8740005B02846F4
:10F6D000BDE8F04F0021F8F7B4B8F9F7A3F8F9F74F
:10F6E000E6F8042801D00228C3D114F8740F20F0E2
:10F6F00002002070AEE605B02046BDE8F04FFEF7F0
:10F70000B9BA4FF4403739462046FDF723F9814610
:10F7100039462046FDF779F9804639462046FDF7FF
:10F72000E4F9064639462046FDF79DF80546204691
:10F7300043F60E023946FDF709FA00B20090394649
:10F740002046FDF708FB824639462046FDF7F5FACC
:10F7500083462046FDF745FB00EB4A072046FCF7B1
:10F760004CFA00EB4B008742204604DAFDF739FBE8
:10F7700000EB4A0003E0FCF740FA00EB4B00009975
:10F78000401010FB01F040F30F2049464246C145AE
:10F7900000DC1146B54203DD2A4602E0104C0308A6
:10F7A0003246914207DD49464246C14501DD0D46DC
:10F7B00004E0154602E0B54200DC354605444FF44E
:10F7C00040312046AD1CFBF7EFFB284404B20498FF
:10F7D000F7F78DFBB0F90010A14200DD0C46048064
:10F7E00038E60498F7F783FB0078132812D0112825
:10F7F00010D0142801D01228F2D194F87400800798
:10F80000204616D4F2F7F0FC411E01222046F2F702
:10F810001EFD15E094F874008007204604D4F2F72A
:10F82000E3FC0122411CF1E7F2F7CFFC0122411C6D
:10F8300003E0F2F7CAFC411E01222046F2F7E2FC87
:10F8400005B02046BDE8F04F00221C21F7F75CBB55
:10F8500010B5F2F7B5FC012802D0022800D0002034
:10F8600010BD00000FB40A4608B505A90091014675
:10F870000348049BE5F71EFA01B05DF814FB000095
:10F880004548000810B500200866B1F870000C4625
:10F8900020F0FF00401DA1F870000120C8660E484E
:10F8A000486640428866B1F87000012120F4E060AB
:10F8B00000F58060A4F87000204601F03FFB0121B4
:10F8C000204601F0C5FA82212046FEF755FF20466A
:10F8D000BDE8104000F010B99F860100C26E016EB5
:10F8E0008B1A826E934209DB002B03D5002901DDC0
:10F8F0004A420266026EC16E521A06E0B0F87030DB
:10F90000DB0502D5914200D1426E026600F0F4B8E8
:10F9100070B50E465848FCF78AF801287ED130466B
:10F92000F7F7A9FA05463046F7F7EAFA0446082D34
:10F9300017D00D2D72D1F8F775FFF8F7B8FF05460F
:10F940003046F7F7D4FA0168132968D0142967D034
:10F9500011297FD0122970D02046BDE8704000F0F8
:10F96000A7BFF8F75FFFF8F7A2FF042820460CD0E6
:10F9700001F065FA0546E0F799FC216C6A5C2E2AD5
:10F9800031D0814233D1411E36E0FCF731F9F7F72F
:10F99000DDFE00285BD0B4F8700000F00F02012AF1
:10F9A00055D9C0F3412002280DD00A200021521E53
:10F9B000FFF722F8E36EDA17181A8A4151DB0A21A1
:10F9C0002046E16603E0E06E012804DD2046BDE844
:10F9D000704000F06DB80A200021921EFFF70CF86D
:10F9E000E06620463EE0204601F005F907E031B927
:10F9F000A06E002803DA0121204601F02FFAB4F8A6
:10FA00007010236C01F00F02C1F30315521E98B25F
:10FA1000AB4209D911F0F00F06D003E017E017E070
:10FA20001DE017E0401E80B2111AA06E002800DA17
:10FA3000491C0120E066002007E017E0E26E02EBBF
:10FA400082025200401C80B2E2668842F6D370BD4A
:10FA5000042DBBD12046BDE8704000F00FB8042D46
:10FA600004D02046BDE8704000F02EB82046BDE826
:10FA70007040FFF733BF000088D40208C26E016EE9
:10FA80008B18426E934209DC002B03DD002901DA5A
:10FA90004A420266026EC16E0A4406E0B0F8703057
:10FAA000DB0502D5914200D1826E026600F024B8D7
:10FAB000C16E0A2291FBF2F1002901DDC16601E06D
:10FAC0000122C26600F018B8D0E91921002901DA34
:10FAD0004B4200E00B469A4201DD114602E000294C
:10FAE00000DA4942C26E02EB820252008A4200DC16
:10FAF000C26600F001B800002DE9F0418EB0054665
:10FB0000122108A8FAF784FCA86E002708AC002888
:10FB100009DA286E002801DB2B2000E02D208DF86B
:10FB20002000641C00E001272B6E002B00DC5B42F0
:10FB300036A20E2102A8FFF795FE02A8E0F7B6FB59
:10FB400095F870100DF1080801F00F010E1A002E43
:10FB500012DD4046E0F7AAFB81B2424601EB060CFB
:10FB6000535C02F80C30491EF8D50020302101E02A
:10FB70001154401CB042FBDBB5F8700010F0F00FE0
:10FB800004D0C0F303160020414606E000F00F0643
:10FB9000F9E700BF04F8012B401CB04202DA0A5C0E
:10FBA000002AF7D195F8702012F0F00F10D02E2215
:10FBB00004F8012B03E000BF04F8012B401C95F86A
:10FBC000702002F00F02824202DD0A5C002AF3D1AB
:10FBD00008A9284601F0F2F995F870000A2200F011
:10FBE0000F00E96E04E000BF91FBF2F1401EC0B2CD
:10FBF0000A29F9DAB04201DD401CC0B2C01BC1B213
:10FC0000284601F02BF90EB0BDE8F0812564000014
:10FC100030B50C4691B002212046FBF7F5FA684654
:10FC2000F1F72CFC1548CDE900404FF6FF70ADF818
:10FC30003C00134801680A914268079202F5B470CB
:10FC4000CDE908206846F1F78DFC0E4806900020AB
:10FC50004FF4B475CDE9080507900B48019068464C
:10FC6000F1F780FC2A4600212046F1F7DCFF4FF433
:10FC700087712046F2F788F811B030BD6155000851
:10FC8000D0010020B114010867550008F0B5848840
:10FC90004FF0010623040BD5006804E08B4201D12C
:10FCA000406815E008300388002BF7D10020F0BD34
:10FCB000C379002BFAD0012B11D90468002004EB82
:10FCC000830509E035F810708F4204D154F8200004
:10FCD00010603046F0BD401C8342F3D8E6E7C4F321
:10FCE0000E038B42E2D1006810600120F0BD0821B4
:10FCF000FAF78EBBC07908B1002070470120704729
:10FD00001CB50022FF214E2866D01EDC332865D0AA
:10FD10000EDC292860D006DC20284BD022284DD0CC
:10FD2000252841D158E0302848D031283CD153E033
:10FD3000462851D004DC3B2840D0442834D13DE053
:10FD400047283BD04D282FD138E040F63C04A0F6A0
:10FD50003C03A04240D010DC40F25744A0F257438D
:10FD6000A0422BD004DC522828D053281CD133E0E9
:10FD7000012B31D00B2B17D12EE040F2CA74A3F225
:10FD8000CA70A3422FD006DC092B25D0A3F5E0636F
:10FD9000C73B09D127E0A0F58060533821D0A0F2FD
:10FDA000B530B0F5005F02D0009200981CBD4FF452
:10FDB000807014E0FF221146104602E00022114636
:10FDC0001046F3F7FAFD0190BDF804000190BDF86C
:10FDD0000400ADF80000E8E70091E6E70F2000908E
:10FDE000E3E70248FBE741F6FF70F8E7580A03082B
:10FDF00002490888401C80B2088070473C020020FD
:10FE00002DE9F041828804460F46100459D4E07968
:10FE1000002851D0012804D02668002106EB800577
:10FE20004DE0C2F30E0088424BD1D00BC003A0803E
:10FE30000020E0713FE000BF35F81130BB423DD1FA
:10FE4000022811D0401E00EB40004000FAF70CF9E8
:10FE5000010036D02160E079401EC0B2E07101EBB4
:10FE60008003002002461FE00120E071002907D036
:10FE7000B5F8000060F30E02A28003D1706802E0C2
:10FE80006888F7E73068206012E000BF35F810C0DE
:10FE9000BC4508D056F820E041F822E035F810C003
:10FEA00023F812C0521C401C94F807C08445EDD2C0
:10FEB0003046FAF763F90120BDE8F081491C884219
:10FEC000BAD80020F8E710B50446808800040BD4A7
:10FED000E079012802D92068FAF750F92046BDE8F8
:10FEE00010400821FAF794BA10BD0A46652100F0C7
:10FEF000F5B803B482B0BDF80C10ADF80010009A4C
:10FF0000522104B000F0EAB80A46512100F0E6B8E8
:10FF10000A464FF4056100F0E1B803B482B0BDF8C1
:10FF20000C10ADF80010009A202104B000F0D6B8F3
:10FF300003B482B0BDF80C10ADF80010009A222175
:10FF400004B000F0CBB80A4640F6280100F0C6B86D
:10FF50000A46212100F0C2B803B482B0BDF80C10EB
:10FF6000ADF80010009A302104B000F0B7B80A468E
:10FF7000312100F0B3B80A46342100F0AFB80A4688
:10FF8000332100F0ABB80A4641F2320100F0A6B8C6
:10FF90000A46612100F0A2B80A46632100F09EB82B
:10FFA0000A46642100F09AB80A4641F2040100F0C2
:10FFB00095B803B482B0BDF80C10ADF80010009AEB
:10FFC000472104B000F08AB80A46482100F086B8FC
:10FFD00003B482B0BDF80C10ADF80010009A4D21AA
:10FFE00004B000F07BB80A4640F6490100F076B84C
:10FFF0000A4641F2060100F071B80A4641F20301D7
:020000040802F0
:1000000000F06CB803B482B0BDF80C10ADF800106D
:10001000009A3B2104B000F061B80A4640F63C016A
:1000200000F05CB80A4640F63D0100F057B80A46B9
:1000300040F63A0100F052B870B50C46054600F0A3
:100040002EF82146284600F02FF82146284600F0D9
:1000500035F821462846BDE87040AFF300800A46D7
:1000600041F6110100F03AB80A4641F6150100F0D8
:1000700035B870B50C46054600F01BF821462846F9
:10008000BDE87040FFF7F0BF70B50C46054600F0C4
:1000900006F821462846BDE8704000F005B80A463B
:1000A00041F6120100F01AB80A4641F6130100F0B9
:1000B00015B80A4641F6140100F010B80A4641F698
:1000C000100100F00BB870B50C460546FFF7F6FFBF
:1000D00021462846BDE87040FFF7C1BF2DE9F04139
:1000E000044680880E46010410D4E17901271546A4
:1000F000012935D92268084602EB810308E000BFD8
:1001000033F810C0B44503D142F82050BDE8F08167
:10011000401EF5D5491C01EB410041001046FAF79D
:1001200071F80100F2D02160E07901EB800205E076
:1001300002EB400C32F81030ACF80430401EF7D51A
:10014000E079401CC2B201EB820000EB4200E27198
:1001500020F8026CE07901EB800040F8045C20E0BC
:100160001AD1C0F30E00B04201D12260CEE70C20BC
:10017000F9F77AFF0028C9D022682060E179491C8C
:10018000C9B2E171A38800EB8101C3F30E030B80B8
:100190004E80C0E9002504E0E77166F30E00A08000
:1001A00022603046E4F7E5F8A17987403943A17130
:1001B000ACE70A466021FFF791BF03B482B0BDF8F7
:1001C0000C10ADF80010009A442104B0FFF786BF70
:1001D0000A4640F64201FFF781BF0A4640F6450154
:1001E000FFF77CBF0A4640F64301FFF777BF0A4698
:1001F0004FF40461FFF772BF70B50C46054600F07E
:100200002FF821462846BDE87040FFF7CDBE0A46CC
:1002100041F25D41FFF762BF03B482B0BDF80C103C
:10022000ADF80010009A40F2574104B0FFF756BFF6
:100230000A4641F25941FFF751BF0A4641F25B417C
:10024000FFF74CBF0A4640F60B01FFF747BF0A46CF
:1002500040F60A01FFF742BF0A466721FFF73EBF9B
:100260000A4641F20101FFF739BF00002DE9F047CE
:100270000F46DDE908891E46154604461421FAF7A3
:10028000C7F8276005B9044DC4F80490083484E821
:100290006001BDE8F0870000171501084162FDF715
:1002A000B7B800684FF0FF314162FDF7B1B810B543
:1002B0004FF0FF300C46486210212046FAF7A4FFA9
:1002C00008212046FAF7DCFB2046BDE810404FF439
:1002D0008061FAF7D5BB08460021F1F78BB8000022
:1002E0002DE9F04789463548FBF7A1FB01285CD191
:1002F0004846F6F7C0FD04464846F6F701FE80463C
:10030000132C08D01C2C52D0152C4ED14846BDE8D9
:10031000F047EAF77CB94FF440352946FCF721FB5A
:10032000074629464046FCF777FB064629464046E5
:10033000FCF7E2FB044629464046FCF79BFAB7422D
:1003400001DD394600E03146A04201DD024600E011
:100350002246914205DDB74201DD384604E03046D1
:1003600002E0A04200DC2046841C29464046FAF701
:100370001BFE204405B24846F6F7B9FD0446B0F925
:100380000000A84200DD054625804FF400352946CF
:100390004046FAF709FE0146B4F90000814203DB4A
:1003A00029464046FAF700FE2080BDE8F08700F0BD
:1003B00007F84046BDE8F047FDF72AB82C4C030883
:1003C000F0B591B0064600216522FCF7BFFB07009F
:1003D0002DD03046FCF706F9746A00F00100611C6C
:1003E0004FF4807501D038B905E008B1002403E06E
:1003F0002C46002503E00025601B002801DD601B62
:1004000000E0281B7843070A00213046F0F7F2FF8E
:100410006846F1F733F8074808A9CDE900600648B7
:100420000390079481E8B0006846F1F79BF811B09B
:10043000F0BD00009D020208A302020810B50120D1
:100440008884C8840C460220F9F70EFE2063E08CF5
:100450004000F9F709FEE062216B82200880E16A22
:100460000880E08CA18C48438100A06AF9F7CAFE9D
:100470000021A062016010BD70B500250C462E461B
:100480000AE000BF50F8250020B1F9F777FEA06A16
:1004900040F825606D1CADB2A08CE18C4843A842A9
:1004A000A06AEFDC08B1F9F769FEE06A08B1F9F774
:1004B00065FE206B002803D0BDE87040F9F75EBEF2
:1004C00070BD00002DE9FC410F466B48FBF7AFFA09
:1004D000012843D13846F6F7CEFC05463846F6F7F4
:1004E0000FFD04462A2D14D02C2D17D0012D37D006
:1004F000022D35D04FF6FF76082D49D00E2D66D04F
:100500000D2D68D0152D29D13846BDE8FC41EAF7FC
:100510002FB9BDE8FC41002102F098BB3846F6F740
:10052000E6FC034600200146A28C05E0256B35F869
:100530001150491C284400B28A42F7D800210A46CB
:10054000E58C05E0E66A36F81260521C314409B2C7
:100550009542F7D8401E1880491E5980BDE8FC819D
:1005600001AA6946EEF7A1FE0128F7D1A18EBDF8D8
:100570000400814204D1E18EBDF800209142EDD00B
:10058000A086BDF800102046E186FCF741FFE5E7B4
:10059000FCF73EFFF8F746F9F8F77DF9A18EB14276
:1005A0000AD0E18EB14207D030B900221C2120468A
:1005B000F6F7AAFC0128D1D1F8F734F9F8F777F962
:1005C000012801D00328C9D1A686E686C6E7BDE882
:1005D000FC41FCF71DBF3846F6F789FCA18E056883
:1005E000E08E0F468446B14201D0B04204D10020D3
:1005F000A086E0862046EAE7A38C8B4200DC00213F
:10060000E28C824200DC0020142D0ED0132D0ED07F
:10061000112D0ED0122DA1D1401C8B420DDC511E8C
:10062000814208DD0021401C0EE0491EF5E7491C0F
:10063000F3E7401EF1E7591E06E0002904DA10B185
:10064000591E401E00E00021824201DC501E02E0E3
:10065000002800DA00208F4201D1844597D0A1867E
:10066000E0862046FCF7D4FE02B02046BDE8F0410B
:1006700000221C21F6F748BC484C03082DE9F04144
:10068000434E0C46307881F82C00012849D00228CE
:1006900049D0042802D0082806D101E0012100E059
:1006A00009212046FDF7DEFD42F2640529462A466F
:1006B0002046FDF7DAFE2046F1F79CFE074620466D
:1006C000FAF734FE804601213846F2F779FA042021
:1006D000F9F7CAFC2FA1606201603846616AF2F73F
:1006E0009BF900231C222C493846FAF78BF94FF46A
:1006F00080413846FAF7C4F900231A462749404694
:10070000FAF780F900214046FDF79BFE94F82C0093
:10071000012815D0022813D0042806D008281DD19E
:1007200003E00021BDE70821BBE7B6F90220294616
:100730003846FDF79AFE29464046FEF71DF809E0C7
:100740002A46B6F902103846FDF78FFE2946404684
:10075000FDF7A4FD01214046FDF794FDF6F7F0FFFB
:1007600010B13946F6F75EFF00214046FDF77AFDED
:1007700003214046FDF74FFE80214046FAF780F9FD
:100780004046BDE8F0414FF48061FAF73DBD0000FE
:10079000D8010020000000006159000861680008CD
:1007A00070B591F82C000C4610F00C0F4FF00006BD
:1007B0000DD0002508E0606A50F82500F9F7DEFC4E
:1007C000606A40F825606D1C208DA842F3D894F82B
:1007D0002C0080070DD0002508E0606A50F8350035
:1007E000F9F7CCFC606A40F835606D1C208DA8429A
:1007F000F3D8606AF9F7C2FC666270BD70B50C464A
:100800000A48FBF714F901280ED12046F6F733FB0E
:1008100005462046F6F774FB292D05D1418DBDE82C
:100820007040002200F00AB870BD0000C0D4020879
:100830000121FBF712B90021FBF70FB92DE9F047B1
:100840000646008D0C469146A04200D8441E304614
:10085000FDF7DCFF3046FFF7EBFF050025D0002158
:1008600041F61502FCF772F907B22846FBF773F957
:10087000804600213046FBF7ECFE012804D007EB50
:100880000800604301B204E0604207EB0801414305
:1008900009B24A462846FDF771FC3046FFF7CBFF08
:1008A000A1B28022F2F778F87485BDE8F0870000E5
:1008B00073B592B0044613981090002010AD1190BB
:1008C00029462046EFF7EEFF012862D194F85C003C
:1008D000000704D513980A285BD00D2859D0304A58
:1008E000002113A81268904701462046E5F790FBC7
:1008F00000284ED094F85C00400702D5204601F055
:1009000057FFA06A38B1606AF8F758FD007810B94F
:100910002046FCF77DFD2A46216C606AF8F754FDFD
:10092000204600F0D3F894F85C00400727D5E06A31
:10093000DFF7BCFC06462846DFF7B8FC3118491C37
:10094000E06AF9F75FFCE06228B32A46216CE3F71E
:10095000DDFD208F00B36846F0F790FD11480121BE
:10096000CDE90040208F0A9000200790CDE90801D2
:100970000D4806900D4803906846F0F7F3FD216C92
:100980002046491C00F06AFA00221C212046F6F796
:10099000BBFA14B070BDFEE7204601F009FFEEE798
:1009A00058020020452802083B1501084728020884
:1009B000F0B591B00D00044609D094F85C004007F2
:1009C00002D5204601F0F4FE206B18B900E0FEE7E6
:1009D000606BA0B10020374E374F009009E03268BD
:1009E0006946284690473968884701462046FFF700
:1009F0005FFF0098285C0028F1D111B0F0BD2946B6
:100A00002046EFF74FFF0128F7D1A06A38B1606A9E
:100A1000F8F7D4FC007810B92046FCF7F9FC2A4618
:100A2000216C606AF8F7D0FC204600F04FF894F88B
:100A30005C00400727D5E06ADFF738FC0646284609
:100A4000DFF734FC3118491CE06AF9F7DBFBE062A0
:100A500050B32A46216CE3F759FD208F28B368462E
:100A6000F0F70CFD15480121CDE90040208F0A90D8
:100A700000200790CDE90801114806901148039025
:100A80006846F0F76FFD10492846266C09688847CC
:100A90003118204600F0E2F911B02046BDE8F040E0
:100AA00000221C21F6F730BAFEE7204601F080FE56
:100AB000E9E70000580200206002002045280208F3
:100AC0003B150108472802086C02002070B5044657
:100AD000406AF8F777FC4FF6FF75A84204D1606AC8
:100AE000F8F76EFCA84209D02946606AF9F79AF82F
:100AF0002946606ABDE87040F9F791B870BD000002
:100B000010B591F85C000C4620F0040081F85C0000
:100B10000020C86240F2DC5121872063606394F8B2
:100B2000501041F0010184F850100121216494F823
:100B3000501041F0020184F85010A08794F85C1026
:100B400021F00A0184F85C106062A0622046F8F788
:100B50009DF960626420FDF7B5FE0146606AFDF70D
:100B60000BFE0CA1606AF8F7FBFF00231A460A4946
:100B7000606AF9F747FF4FF480612046F9F780FF7C
:100B80000021204600F06AF92046BDE8104002F03E
:100B9000C7BE000000000000910F010838B50446F0
:100BA000016C406A6A46F8F723FB00212046FCF7F7
:100BB000B6F8054600212046FCF771F80089BDF81B
:100BC00002106D1C08442844ADF80200A08FADF857
:100BD0000000606AFBF711F8BDF90210884209DDD8
:100BE0006946606AF8F704FA01462046A58F00F0CE
:100BF00035F9A58738BD016C002902D0491E00F0E7
:100C00002DB97047016C491C00F028B938B504466D
:100C1000016C406A6A46F8F7EBFA00212046FCF7BF
:100C20007EF8054600212046FCF739F80189BDF819
:100C300002002944401A401CADF80200A08FADF814
:100C400000006946606AF8F7D3F90146A58F20468F
:100C500000F004F9A58738BD38B50446006C0028BB
:100C60003FD021A06946006800902046EFF71AFEA9
:100C7000012836D1606AF8F7A1FB216C05460122F4
:100C8000491EE3F78BFB2946606AF8F769FF2046A7
:100C9000FFF71CFFA06A38B1606AF8F78FFB007895
:100CA00010B92046FCF7B4FB94F85C0040070ED561
:100CB000216C0122491EE06AE3F770FBE06ADFF76E
:100CC000F5FA411CE06AF9F79DFAE06250B1216C37
:100CD0002046491E00F0C2F800221C212046F6F7EB
:100CE00013F938BDFEE700007F00000070B5056C09
:100CF0000446691C00F0B2F8206CA84204D02046DB
:100D0000BDE87040FFF7A8BF70BD70B5C86A0C465B
:100D1000002510B1F9F732FAE562A06A002802D086
:100D2000F9F72CFAA56270BD70B50E463F48FAF788
:100D30007EFE012878D13046F6F79DF8044630460D
:100D4000F6F7DEF805460E2C12D00D2C14D0012C2F
:100D500060D0022C5ED0032C5CD0082C5AD0152C0D
:100D60005DD0182C60D13046BDE87040E7F77CB804
:100D7000BDE8704002F0D4BD3046F6F7B8F801681F
:100D8000132910D0142913D0112916D0122919D0E3
:100D900008291CD07F291FD0022922D0032922D064
:100DA0000A2927D031E02846BDE87040FFF72ABF66
:100DB0002846BDE87040FFF71EBF2846BDE87040DA
:100DC000FFF724BF2846BDE87040FFF7E7BE28467E
:100DD000BDE87040FFF740BF2846BDE87040FFF710
:100DE00085BF002101E047F6FF712846BDE870404D
:100DF00000F034B8284600F01DF830B12846BDE8B0
:100E0000704000221F21F6F77FB82846BDE87040E9
:100E1000FFF74EBD3046BDE8704005F0CBB9304617
:100E2000BDE87040EAF7ACB870BD0000644C030840
:100E3000006C704790F85C00C0F3C000704790F8F9
:100E40005C10490702D4406AF8F7B8BAC06A704724
:100E500010F8502F61F3410202707047F8B5054653
:100E6000006C0C46A04266D0686AF8F7A7FA3249CF
:100E700009688847002C00DA0444844203DCA4F5A6
:100E8000FE41FF3900D1044628462C64FDF7BEFC24
:100E900000212846FBF703FF06466A462146686A9A
:100EA000F8F7A6F9B6F908402846FBF739F8BDF976
:100EB0000210884203DD01222846FDF775F9284615
:100EC000FAF72FFE06462846FBF72AF8BDF902106E
:100ED0000A19101AB04206DD881B204401B2012213
:100EE0002846FDF761F92846FAF74EFFBDF90010D4
:100EF000884203DD01222846FDF740F92846FAF72B
:100F00002AFE06462846FAF73FFFBDF900100A19E7
:100F1000101AB04206DD881B204401B20122284687
:100F2000FDF72CF9BDF800102846A98702F0F8FC5F
:100F3000284601F08BFCF8BD6C02002070B5044619
:100F400090F85C00C0F3C0028A4235D0B1B140F0E5
:100F5000080184F85C1042F2D1752946606AFDF7F9
:100F60000BFC6420FDF7AEFC01460022606AFDF731
:100F7000DFFB29462046FDF791F915E020F0080136
:100F800084F85C106420FDF79DFC0146606AFDF763
:100F9000F3FB00221146606AFDF7CAFB002241F212
:100FA00004012046FCF708FF2046BDE870400023FE
:100FB0001A461946FDF7B7B870BD0000F0B591B0FC
:100FC0000D00044606D0FFF781FD206B47F6FF7643
:100FD00018B900E0FEE7606B10B334A1606AF8F75F
:100FE000BFFD31462046FFF739FF94F85C0041070A
:100FF0004FF0000001D5E16A08702D4E2D4F009092
:1010000009E03268694628469047396888470146B2
:101010002046FFF74DFC0098285C0028F1D107E03E
:101020002946606AF8F79CFD31462046FFF716FF17
:10103000A06A38B1606AF8F7C1F9007810B92046A3
:10104000FCF7E6F994F85C00400721D52846DFF765
:101050002DF9411CE06AF9F7D5F8E06200B32946A2
:10106000DFF739F9208FE0B16846F0F707FA124848
:101070000121CDE90040208F0A9000200790CDE9A2
:1010800008010E4806900E4803906846F0F76AFA89
:1010900011B02046BDE8F04000221C21F5F734BF16
:1010A000FEE7204601F084FBF2E7000000000000AC
:1010B0005802002060020020452802083B15010864
:1010C0004728020870B5044600F081F805000AD0F0
:1010D0002046054A0021FCF78FFE21462846BDE840
:1010E0007040E4F72DBA70BDFFFF0F0000B500F0AF
:1010F00059F8002800D0014800BD000088380020C1
:101100002DE9FF47994607460C9E00F04BF8214D0C
:1011100040B9002028704FF41270F8F7A5FF1E495F
:101120000860E860F3F784F8F3F79AF84FF00108E5
:10113000B0F5A07F01DC032007E0F3F779F8F3F7BF
:101140008FF8B0F5347F02DA0220687001E085F88C
:101150000180124CA4F12800E760BDF8041001875B
:10116000BDF80810418766610D48A6612060C4E99A
:10117000076902F005FC27B13846F3F7B1F8A04241
:1011800002D10020FCF7B6FE85F8008004B00348C9
:10119000BDE8F0870C0100202802002088380020DC
:1011A000594F020802480068002800D0012070470B
:1011B0002802002008B500F00AF808B1006902E032
:1011C0001120FDF76FFB0090BDF8000008BD10B5C1
:1011D00010B1FAF7E1FC01E0F3F72AF8BDE810409E
:1011E000F3F77EB810B5044600F002F8001B10BDFE
:1011F0000349012248680A700B78002BFBD0704726
:101200000C020020034900220A704A68104448601A
:10121000704700000C02002010B50C4606490B7008
:10122000C1E9014201460548F9F746FF0446F9F7CE
:10123000B1FF204610BD0000DC010020F8D40208F8
:1012400010B50C4642F264010A462046FDF70DF93E
:1012500000231A4608492046F9F7D4FB802120468E
:10126000F9F70EFC03212046FDF7D5F82046BDE82E
:1012700010400321FDF7DAB8D55C020810B501462D
:101280000348F9F719FF0446F9F784FF204610BD1B
:10129000DCD402082DE9F0410D460846FAF7EEFCD1
:1012A000064642F264010A462846FDF7DEF8284663
:1012B000FDF7ACFA3046FAF734FC0E4C218948436E
:1012C00007B23046FAF747FCA1883A46484301B2D4
:1012D0002846FDF788F8217885F82410D4E9010222
:1012E000104304D13046BDE8F041FDF787B8BDE8B2
:1012F000F0810000DC0100202DE9F0410746154691
:101300000E460B48E2F7EAFD040010D0A7604FF04C
:10131000FF302660206100206061FFF769FFE56013
:1013200004496060012008712046BDE8F081FEE7B5
:10133000AC3800204002002010B5044601460548A4
:10134000E2F711FE04490120C8702046BDE81040B4
:10135000F8F714BFAC380020400200202DE9F04718
:10136000494CA07810B10120BDE8F0870120A070A1
:101370002078002628B1FFF73BFF5FEA000902D082
:1013800007E0A670EFE72069401C2061642800D9BF
:1013900026613E4D4FEA060884F8038084F80480F5
:1013A0003B48E2F776FD286037E03948E2F783FDF5
:1013B0002E680746307DC0072ED18246304600F0A9
:1013C00078F888B93069B0F1000A01DD401E30615B
:1013D000FFF70EFF7060B16821B1BAF1000F01D0C4
:1013E000304688474FF0010AE07820B9306910B9DB
:1013F0003046FFF7A1FFBAF1000F0DD02079E17858
:10140000084309D028680028C6D100BF4FF0FF3537
:101410001F48E2F73EFD11E02F6029680029C4D182
:10142000F4E7307DC00705D1304600F042F8A8420D
:1014300000D2054631461648E2F73DFD0600F0D1E0
:101440004846FFF7CFFEE1680844E060A068FFF778
:10145000C9FEB0F5FA7F13D3E16864225143B1FBB2
:10146000F0F0C0B26070642801D9002001E0C0F142
:10147000640060702646C4F80C80FFF7B9FEB060C7
:1014800084F8028028466FE74002002024020020F2
:10149000AC38002001214161704710B50446FFF7C8
:1014A000A7FE2168401A401E606010BD0021416106
:1014B000704710B504464068FFF794FE21688142EA
:1014C00001D8002010BD081A10BD70B50346083AB7
:1014D0000C4602F00300111AA00705D1A1F10C007F
:1014E0004FF6F572904201D3002070BD2078251F81
:1014F00000F00300084320F0020040F001012160E9
:1015000029461846E4F74DF82846E4F77FF80179B4
:1015100002214160204670BD70B5810701D00020D6
:1015200070BD00238060C0E90303194600EB81020F
:1015300000EBC1145361002204EB8206521CF063DD
:10154000202AF9DB491C0A29F0DB70BD70B50C4676
:101550000546FFF7E1FF0646A4F23C5205F23C5176
:10156000FFF7B3FF304670BD70B5002926D00839AB
:10157000064608790C46C00700D0FEE70846E4F7A7
:101580009BF82179304689070CD52568A5B12979C2
:10159000C90712D02946E4F7F7F821462846E3F7B1
:1015A000E5FF044621463046E4F7A0F80146304600
:1015B000BDE87040E3F7F5BFFEE7FEE770BD00F25F
:1015C0003C50704770B50A46054604211046E3F7C3
:1015D0009BFD044601462846E4F71EF801462246D4
:1015E0002846BDE87040E4F7A7B82DE9F05F9046C3
:1015F0000C0081464FF000051FD0B8F1000F18D045
:10160000A4F108052846E4F78CF8824668680421AE
:1016100020F00307DAF8040020F00300384400F15A
:10162000040B4046E3F770FD06462879C00709D051
:10163000FEE74846FFF798FF41E01146FFF7C2FF7B
:1016400005463CE0BE4216D99AF80400C00701D016
:101650005E4510D941464846FFF7B4FF05002ED03D
:101660004046474500D307463A4621462846F8F704
:10167000F1FD2146DDE7BE4206D929464846E4F79A
:1016800035F82846E4F725F828794F46C00700D0FA
:10169000FEE731462846E3F77AFF78B1314628461F
:1016A000E4F783F80146406820F0020048603846BD
:1016B000E4F71CF801463846E3F773FF2546284651
:1016C000BDE8F09F70B5164601B90D49001F0D46E3
:1016D0000DE000BF10F0010F0FD0002220F0030139
:1016E00004F108003346A8472046E4F71AF804003E
:1016F00002D060688108EDD170BD0122EEE70000E4
:10170000556B00085A3000B200F004B85A3000B2ED
:10171000AFF300804FF4B47190FBF1F201FB1200C3
:10172000002802DA00F5B47000B20E495A2802DA35
:1017300031F910007047A0F15A025A2A03D2C0F1C1
:10174000B40000B2F4E7A0F1B4025A2A01D210B2F8
:1017500002E0C0F5B47000B231F81000404200B2AF
:1017600070470000084A03082DE9FF4F83B05FEA85
:101770000009119F7BD099F80000002877D00498C9
:10178000002871D01098800702D541F6FF700690AE
:1017900000243F4A009401945268A34625462646F9
:1017A0004FF0FF38694648469047824600980190BE
:1017B00050E0374A01A9484652689047834610983E
:1017C000761CC00704D051461298E2F7C9FE98BBB8
:1017D0005A4651460498F5F772FC00B229180DB22A
:1017E000002802DD0598284405B2B8F1FF3F05D175
:1017F0000598291A0698814200DDA0465046BAF1A4
:101800000A0F1AD0BAF10D0F17D00146A0F59C406F
:1018100045F2A512904210D9002005E01DA2125CED
:101820008A420AD0401CC0B21AA2125C002AF5D12A
:1018300017B1B8F1FF3F08D008E024B9B8F1FF3F75
:1018400001D107B13D60761E08E03D60DDE9004052
:10185000DA46009019F804000028AAD1B8F1FF3F39
:1018600006D0139870B1404607B0BDE8F08F0CE089
:101870002EB1BAF10D0F03D1BBF10A0F00D1009CBC
:101880002046F1E70FB1002038600020ECE70000AF
:1018900054020020202C2E3B3A2D5F002DE9FF4FF3
:1018A00083B004464FF00000DDF848A0DDF840901A
:1018B000208093460F00608049D0BBF1000F46D0D6
:1018C0005FEA8A7002D541F6FF7011900025A846A4
:1018D000BBF8086025E00020CDE9000A78190290E5
:1018E0005946119B069AE2F791FD8044B4F9020033
:1018F00006EB09010144B1F5004F28D230444844B9
:101900006080A8EB0501CDF800A05A46069B02981E
:1019100000F022F8B4F90010814200DB0846208074
:101920004546785D0028D6D15DB1781910F8010CD4
:101930000A2801D00D2804D1618806EB090008446B
:101940006080B4F9020028B1A0EB0900608007B004
:10195000BDE8F08F6680FAE72DE9FF471E46DDF807
:10196000309090460D4607000CD0B8F1000F09D01A
:101970003878002807D00020044602908DF80C002B
:10198000EDB923E0002004B0BDE8F08702AB01AA66
:1019900069463846E2F722FD5FEAC97004D003A821
:1019A0000099E2F7DDFD50B9DDE900124046F5F798
:1019B00086FB00B2002802DD2044304404B20298C5
:1019C000A842E3D3002C01DDA01B04B22046DAE7D5
:1019D00010B50146802825D3002301F03F0242F0D4
:1019E0008002B1F5006F0AD2C0F3841141F0C0014A
:1019F00061F3070062F30F2063F3174010E0C1F3B7
:101A0000851444F08004B1F5803F0CD2C0F303315B
:101A100041F0E00161F3070064F30F2062F3174027
:101A200063F31F6010BDB1F5881FFBD2C1F3824381
:101A300043F0F003C1F3053163F3070041F0800187
:101A400061F30F2064F3174062F31F6010BD0000C4
:101A50002DE9F04100240F4606462546DFF8248094
:101A600007E0D8F800103019884700B90120044475
:101A70006D1CBD4202D2305D0028F2D12046BDE887
:101A8000F081000054020020F8B5074600200D4602
:101A90000446064E009004E0726869463846904756
:101AA000641C0098A842F7D32046F8BD54020020D9
:101AB000F8B500240546074E009404E072686946B4
:101AC00028469047641C0098285C0028F6D12046E0
:101AD000F8BD00005402002078B5002504460095AA
:101AE00001B969460A68A05C030601D4054634E0E2
:101AF00006260223B6EB501F06D1C006400D24E097
:101B000004F03F031D1828E00E26B6EB101F02D18B
:101B10000007000C0FE01E26B6EBD00F1DD1521CA3
:101B20000A604007A55CC00AB3EB951F13D105F00E
:101B30003F0500EB0530521C0A60A55CB3EB951F16
:101B400009D105F03F0500EB8510521C0A60A45C2A
:101B5000B3EB941FD4D0002078BD521C28460A60F5
:101B600078BD0000F8B5074608680025401E0C4601
:101B70000D4E086001E0042D13D22068316838440E
:101B8000884718B9216861B1491E21606D1CEDB20A
:101B90000028F0D020680090726869463846904767
:101BA000F8BD0020F8BD00005402002000780106B6
:101BB00001D4012070470621B1EB501F01D1022052
:101BC00070470E21B1EB101F01D1032070471E2179
:101BD000B1EBD00F01D10420704700207047000006
:101BE00008B5009313460A4601460248E3F762F837
:101BF00008BD00004548000870B50D460846FAF7D4
:101C00003DF80646F9F7F9FF04463046FBF7E9F8D8
:101C1000014622462846FCF728FC01212846FCF70D
:101C200021FB2846F9F782FB0446104842F264067D
:101C30003146B0F900202046FCF717FC0021204671
:101C4000FCF710FB02231A4600212046FCF7EEFAAF
:101C50002846F9F76BFB04460121FCF713FB3146DC
:101C60002046BDE87040FCF787BD0000E801002079
:101C7000DFF782FAE0F798FEE0F7C8FCE0F7B0FC87
:101C8000E0F792FDE0F74AFDE0F724FDE0F768FD9C
:101C90000C480068016841F0400101600A48E0F723
:101CA0005FF80AA0E1F73EF8F6F712FFFCF72EFE08
:101CB000FCF756FE04F028FAFFF750FB0520DFF78B
:101CC00039F9F9E7D8020020D80300206C765F6963
:101CD0006E69745F73746172740A000070B50D46AA
:101CE00006468022F0F74CFE044680213046F0F78D
:101CF0005EFB002C06D029463046BDE870408022AD
:101D0000F0F74ABE70BD00002DE9FF4F98468A8863
:101D10000B8883B0D21A521C16B2CA8849888146F1
:101D2000511A491C1498DDF848B00FB201280AD0A6
:101D300002280AD003282FD1314D00BF5FEA0B00E3
:101D400027D0002058E02F4DF8E72F4DF6E700246C
:101D500015E000BF09EB440B119ABBF80000ADF889
:101D6000040008EB44000088ADF80000DDE9000144
:101D7000A8470090BDF80010ABF80010641CB442F6
:101D8000E8DB05990AF1010009EB4109109908EB1C
:101D900041088246B842DADB07B0BDE8F08F002484
:101DA0001EE000BF1BF80400C8B1FD2801D3119A42
:101DB00002E011994843020A09EB440001900088AF
:101DC000ADF8080008EB440002990088ADF8000067
:101DD0000098A84700900198BDF800100180641C8D
:101DE000B442DFDB05990AF1010009EB41091099C2
:101DF00008EB410813998B448246B842CFDBCBE70E
:101E00008767000813670008ED6700082DE9FF4F9A
:101E100006468A8808888BB0101A401C07B2CA8808
:101E20004888DDE919BA101A401C0FFA80F85FEAF9
:101E30000A001D46584605D0FD287CD9A7F1040BA1
:101E4000002027E1FD2813D300247F000BE03A4651
:101E500029463046F8F7FEF90D98641C06EB40065B
:101E6000189805EB40054445F1DB0FB0BDE8F08F55
:101E7000002021E0002415E006EB440A5A46BAF897
:101E80000000ADF8180005EB44000088ADF8140020
:101E9000DDE90501F1F7C4FD0590BDF81410AAF8BD
:101EA0000010641CBC42E7DB0D9806EB4006189856
:101EB00005EB400509F1010081464045DADBD4E736
:101EC000D14600241CE000BF99F80020AAB1FF2AE7
:101ED00006EB44001AD009900088ADF8200005EB0D
:101EE00044000088ADF81C00DDE90701F1F798FD1A
:101EF0000690BDF818100998018009F10109641CC9
:101F0000BC427CDA5FEA8970DED178E005EB4401FF
:101F10000988F1E7D9F80000F0B3401C74D099F8B3
:101F20000020BAB1FF2A06EB44007AD0099000885D
:101F3000ADF8200000E0B6E005EB44000088ADF805
:101F40001C00DDE90701F1F76BFD0690BDF81810E4
:101F50000998018009F10100059099F80120AAB1C2
:101F6000FF2A06EB440060D009904088ADF82000BD
:101F700005EB44004088ADF81C00DDE90701F1F7EE
:101F80004FFD0690BDF81810099841800598401C37
:101F900005900278BAB100E02EE0FF2A06EB44007B
:101FA00047D009908088ADF8200005EB4400808878
:101FB000ADF81C00DDE90701F1F732FD0690BDF830
:101FC00018100998818005984278AAB1FF2A06EB7B
:101FD000440032D00590C088ADF8200005EB4400E5
:101FE000C088ADF81C00DDE90701F1F719FD069086
:101FF000BDF818100598C18009F10409241D5C453D
:1020000088DB3BE000E00CE005EB440006EB44011C
:1020100002880A8042884A8082888A80C088C88074
:10202000EAE705EB4401098893E705EB4401498899
:10203000ABE705EB44018988C4E705EB4401C98897
:10204000D9E700BF99F80020AAB1FF2A06EB4400A7
:1020500025D009900088ADF8200005EB44000088E9
:10206000ADF81C00DDE90701F1F7DAFC0690BDF8D8
:1020700018100998018009F10109641CBC42E1DBD8
:102080000D981B9906EB400618988A4405EB40050D
:102090000198401C01904045FFF612AFE5E605EBC4
:1020A00044010988E6E700202DE000241FE000BF7E
:1020B0001AF80400D0B1FD2801D35A4602E000FB13
:1020C0000BF0020A06EB440003900088ADF81800FC
:1020D00005EB44000088ADF81400DDE90501F1F7D7
:1020E0009FFC05900398BDF814100180641CBC424D
:1020F000DEDB0D981B9906EB400618988A4405EB29
:10210000400509F1010081464045CEDBADE6000007
:102110002DE9FF4F85B09A460C46DDF850B0E2F746
:1021200021F90390A0882188401A401C06B2E0885B
:102130006188401A401C0FFA80F8BBF1000F01D0F3
:1021400000204BE000271DE0002515E013980290C9
:102150000AEB4500079A0088ADF80400608838440F
:1021600000B2009020880599284403B203980068C3
:10217000D0F81CC0E0476D1CB542E7DB12997F1C0C
:102180000AEB410A4745DFDB09B0BDE8F08F0025C7
:102190001BE000BF1BF80500B0B113994843000ACB
:1021A00002900AEB4500079A0088ADF804006188A8
:1021B00001EB090000B2009020880599284403B281
:1021C00003980068C769B8476D1CB542E2DB1599F2
:1021D00009F101008B4412990AEB410A81464045FE
:1021E000D5DBD1E770B515460E460446802805D2EA
:1021F000E117002004EB9171891006E003F0C7FDA0
:10220000411FCC4084F02001801F3060296070BDE8
:10221000FD2902D2022901D80020704710FB01F0ED
:1022200000EBC01101EBC030C0F3C7507047000095
:102230002DE9F041F4F764FE0746F9F71FFD064665
:10224000F9F71CFD0546F0F761FD046800213046F2
:10225000F9F703FCB84244F3074008D1012801D044
:10226000401E07E00C2060F31744601E1FE00C289E
:1022700019D0401C60F3174444F30747A1B20C4641
:102280003A462846F0F744FD01213046F9F7E5FBD0
:102290000849224601EB870151F8043CBDE8F041B2
:1022A00005A1F7F794BC012060F31744601C60F3AC
:1022B0000F04E1E748010020256420257300000099
:1022C00070B50546F4F71CFE04462846F4F71AFEDE
:1022D00005462046F4F7A6FB04462846F0F716FD0F
:1022E0000088641C62B262F3174081B22846BDE8E0
:1022F0007040F0F70DBD000070B50D460021284676
:10230000FBF7F6F900212846FBF7ACFF0023022279
:1023100019462846FBF78AFF2846F0F725F80646B7
:10232000002228A1FCF7BEF942F264013046FBF717
:10233000B5FF3046FCF76AFA3046F9F75EFC044612
:1023400001463046FCF718FA002307221E493046A2
:10235000F8F758FB04213046F8F756FF2846F6F701
:1023600095FD06460321F7F7BFFB00220221304608
:10237000FCF7E4F901213046FBF784FF2846EFF72C
:10238000F3FF0646002211A1FCF78CF92246114604
:102390003046FCF76AF8002307220B493046F8F76D
:1023A00031FB04213046F8F72FFF00231C22084997
:1023B0002846F8F727FB2846BDE8704000221C217C
:1023C000F4F7A2BDEF81930031220208EF8194005F
:1023D000E56302082DE9F0410F460846F9F74EFC87
:1023E000044600213846FBF783F900213846FBF705
:1023F00039FF3846F4F774FA164D06466968F4F763
:102400009FFC23461C2214493046F8F7FBFA0121B1
:102410003046FBF737FF3846F4F762FA064629687C
:10242000F4F78EFC23461C220C493046F8F7EAFAF2
:1024300001213046FBF726FF00231C2208493846BD
:10244000F8F7E0FA3846BDE8F04100221C21F4F725
:102450005BBD00007801002035650208C12202083A
:102460002964020870B5094D04466868002808D040
:1024700044B12046ECF7CCFBA9682044884200D345
:10248000002070BD0248006870BD0000D000002030
:1024900030020020002902D00068091D4250704718
:1024A000002901D00068425070472DE9F0410446F0
:1024B00000222121F4F728FD00287ED000212046AB
:1024C000F9F7CBFA10B1FFF7F0FFF7E72046F9F77D
:1024D0008FFB06460020F6F7AFF9054600271CE003
:1024E000686AA04202D0A86AA04203D121462846C9
:1024F000F6F746FA286BA04200D12F63286DB04250
:1025000007D1F6F7A3F9A04203D121462846F6F7F2
:1025100037FA2846F6F790F90546002DE0D1204617
:10252000E1F755FD606804260028204602D0F9F73F
:102530006AFB29E0F9F730FB05460020EA68696A82
:1025400004E052F82030A3420AD0401C8142F8D85F
:1025500006E0E96806EB80028A5841F82020401C1A
:10256000696A491E8142F4D8686A401E8100686227
:10257000E868F7F747FEE8601BE0096806EB8002B1
:102580008A5841F82020401C616889684A68521EB8
:102590008242F2D8606880684068401E4860616886
:1025A0008200896808681146F7F72CFE616889681F
:1025B00008602046BDE8F04100E001E0F7F7DEBD2D
:1025C000BDE8F08138B50546F4F755FC04462846C9
:1025D000F4F796FC1A2C33D12846F4F788FC04460D
:1025E000406BB0F5A02F2BD1208F164AC0F3870186
:1025F00000F0030002EBC10111F810100120884027
:1026000080B2E3F753F900902069BDF80010818093
:102610006169002914D0BDF80020002060F3040295
:1026200092B260F34A1292B260F3CF22ADF800206A
:1026300090B20090BDF800000090BDF800008881C5
:1026400038BD000068040020F0B50027DDE905452D
:102650008E1A012B05DC03280CD004280AD005288B
:1026600008D0891A09B206282AD2DFE800F0290A20
:102670000320140E2F80208806EBD67100EB61003A
:102680001CE02F802088304418E05B1E18B291FBBC
:10269000F0F02880F0BD91FBF3F02988084400B2E7
:1026A0002880218800EBD07001EB600006E05B1C05
:1026B00018B291FBF0F02880218808442080F0BDFA
:1026C0002F80F0BD2DE9F05F05460C46501E53B13A
:1026D0002188A1EB620121800844A080E88A608003
:1026E000688BE08009E06188A1EB620161800844A9
:1026F000E080A88A2080288BA0804FF440363146A5
:102700002846FAF727F9814631462846FAF77DF937
:10271000824631462846FAF7E8F98046314628468F
:10272000FAF7A1F8834631462846FAF714FB074624
:1027300031462846FAF701FB0146208809EB0702DB
:10274000801A2080A0880AEB07021044A0806088CD
:1027500008EB0102801A6080E08859440844E08058
:10276000BDE8F09F70B50446ECF7B5FC05001DD040
:10277000F9F743FA06462046F9F7D3F9864215DD04
:1027800000212846FAF77BFA068900212846FAF745
:10279000AAFAE18E3044414309B20022606AFBF795
:1027A00003FD606ABDE87040FAF732BE70BD0000FC
:1027B0002DE9FF47064690F85C00400739D5706A5E
:1027C000F6F7FCFD1C4909688847040031D0002158
:1027D0003046FAF764FA002342F222026946F4F71F
:1027E000FEFB08B115A000E015A08146DDF75EFDF7
:1027F000074604FB07F0401CF7F762FC8046002503
:1028000007E000BF05FB07803A464946F7F722FD7F
:102810006D1CA542F6DB7D43002108F805104146FA
:10282000706AF7F79DF94046F7F796FC304600F0DE
:102830000DF8BDE8FF8700006C020020E280A200D6
:102840002A00000070470068FFF7B2BF2DE9F04F83
:1028500091B004460021FAF722FA0990002120469F
:10286000FAF75DFA0890206C0590606AF6F7A6FD0D
:10287000784A8246059912689047DFF8DCB106462F
:102880000AEB0600DBF80020814600219047070094
:102890000998B0F908807DD00A2FFCD00D2FFAD00E
:1028A000002239460998F4F70AFC05B203AA606AC7
:1028B0000599F6F79DFC606AF6F780FD0246002157
:1028C000606AF8F7DDFB616ABDF90C20B1F91430DC
:1028D000B1F918101A442A448A4228DD94F85C1091
:1028E000090724D4032822D00020ADF80C00089951
:1028F000BDF80E2008EB01001044ADF80E00002FCB
:102900007ED056494846096888470644DBF80020CF
:102910000AEB060000219047010071D00A296FD010
:102920000D296DD000220998F4F7C9FB05B24FF4C8
:10293000E02B20465946E664F9F7DBFE0646594689
:102940002046FAF7E7F800EB060A204641F61102A6
:102950005946FAF7FBF800EB060959462046FAF704
:102960000EF88719204641F613025946FAF7EEF899
:10297000BDF80C203044D11BADF83410BDF80E303A
:1029800010446D1EA3EB0A012844ADF83610ADF8D3
:10299000380000E057E003EB0901A8F1010008440A
:1029A000ADF83A0004F144010D4601A8EFF77BFAB7
:1029B000606ABDF80410828A1144ADF80410BDF8B5
:1029C0000610C08A0844ADF80600606ABDF8081019
:1029D000808A0844ADF80800606ABDF80A10C08A11
:1029E0000844ADF80A0001A92046FAF745FD0DA9F3
:1029F0002846EFF758FA294601A8EFF754FA00E005
:102A000024E0606ABDF80410828A1144ADF8041015
:102A1000BDF80610C08A0844ADF80600606ABDF82B
:102A20000810808A0844ADF80800606ABDF80A10F2
:102A3000C08A0844ADF80A0001A92046FAF71CFD37
:102A400011B0BDE8F08F002220212BE700222021C9
:102A500069E700005C0200205802002054020020B8
:102A600038B50446ECF733FE0146204602F056FA2C
:102A700004EB8000406A00280AD06946F5F76CFB39
:102A8000012806D0002184F86C102046FAF7C0FC1B
:102A900038BD009800F01F01204684F86C10FBF749
:102AA00015F90098410D2046FBF7F8FBEDE72DE9FD
:102AB000F0410446EDF7DAFF2046FAF792F90546B1
:102AC00000212046F9F7A9FD281A00EBD07040F349
:102AD0004F0694F83C0000F003016420012903D064
:102AE000022904D0A08C0BE094F8261001E094F8A1
:102AF00027104FF4B47211FB02F1B1FBF0F080B279
:102B000000B20746FEF706FE10FB06F0C113218552
:102B10003846FEF7F7FD10FB06F0228D05EBD57168
:102B2000C01302EB6102228500EB61006085204644
:102B3000BDE8F041EDF79ABF2DE9F04790B0884627
:102B40000646ECF7CFFA05006BD0F6F737FC0246E5
:102B500000212846F8F794FA012838D0022802D03C
:102B6000032819D10CE03046F8F7F5FF0446284653
:102B7000FAF737F9201A00EBD07040F34F0108E064
:102B80003046F8F7E8FF04462846FAF72AF9201AF3
:102B900001B22846FBF707FE00213046FAF777F826
:102BA000044600213046FAF7ACF88246B4F90870C2
:102BB0003046F8F7B6FF8146304600216522F9F726
:102BC000C5FF84B2B8F1000F03D014B104E00021B6
:102BD000DFE73046EDF77EFDF18C07EB0A00484356
:102BE00009EBD971491007EBD772A1EB6201081A02
:102BF00006B2B8F1000F17D0B4B16846EEF73EFC4C
:102C00000F48CDE900502846FAF70DF9CDE908063E
:102C100007900C4803900C4806900A946846EEF71B
:102C2000A1FC10B0BDE8F08705492846EEF7E2FBAD
:102C300010B031462846BDE8F047FBF7CBBD000099
:102C4000AD330208172F0208E31401082DE9F04FF5
:102C50000C464FF4A02689B005463146F9F788FEA8
:102C6000079031462846F9F7DEFE8246314628466F
:102C7000F9F749FF814631462846F9F702FE8046BA
:102C800031462846FAF721F8069031462846FAF7E9
:102C90003FF8834631462846F9F7FDFF0590314657
:102CA0002846F9F785FD074631462846F9F779FDAC
:102CB00006461FE0079BCDF800B0CDE9013ACDE90B
:102CC0000398DDE90523A1B22846ECF717FCE96A71
:102CD000B04221F81400E96A01DA024600E0324607
:102CE000BA4201DA384602E0B04200DB304621F851
:102CF0001400641CE88CA042DCD809B02846BDE86A
:102D0000F04FFAF7E3BF2DE9F0410746F8F7B7FEB9
:102D10000546002412E0B868006850F82460304688
:102D2000FAF776FB00222A213046F4F7EDF8304618
:102D3000FAF76EFB3046FFF7E6FF641CAC42EAD3BD
:102D4000BDE8F0812DE9FE4F0446ECF7CBF9060013
:102D500009D0F5F767FD8046F5F7A9FD042805D0F1
:102D6000022803D012E00120BDE8FE8FE28C21464C
:102D7000228504280AD10846F8F73AFF0546F4F7F9
:102D8000E5FC18B100212846F4F75BFD4046F5F755
:102D90008EFD012804D04046F5F789FD032863D154
:102DA000A06A800331D4002569464046F5F754FDFA
:102DB000BDF80200F18A401AADF80200BDF800002B
:102DC000B18A401AADF8000069463046F6F710F9AE
:102DD00007463046F6F7F2FA82460020804606465D
:102DE000DFF8949001900DE0D9F8002001A9504639
:102DF00090470A2803D1B84501D06D1C2DB2DDF8EB
:102E00000480761CBE42EFD327E000212046F9F76C
:102E10003EFF054600212046F9F773FF2989B4F9E2
:102E20001A200844B4F9161007B2501A00EBD070FB
:102E300001EB600005B20C214046F5F7F2FDF18A86
:102E4000084400B2281A90FBF7F0002800DA0020AE
:102E5000A18C814200DC481E05B2002D04DBA9B222
:102E600001222046FCF753FAE08C029002AA1C21B2
:102E70002046F4F749F877E75802002070B5D1E909
:102E80000245D5B1D4B1E560AC6000EBC21505EBED
:102E90008305EE6B8E420FD1EC6384420CD100EBC4
:102EA000820501216C6901FA03F39C436C6103D133
:102EB000036991408B43036170BDFEE7FEE72DE996
:102EC000F0410C46498C06460020C1F3C5010EE0D6
:102ED00026B1E26852F83020B24207D14FF6FF72B5
:102EE0004FF470212046FAF709FF02E0401C8142AE
:102EF000EED82046F8F7C3FD0746002507E0A06896
:102F0000006850F825103046FFF7D9FF6D1CBD4210
:102F1000F5D3BDE8F08110B50068F8F7AFFEBDE865
:102F20001040EDF7D7BB002200680A21F3F7ECBF91
:102F30002DE9FF4F85B090460C460846F8F79EFEF7
:102F400006461021F9F796FF00286FD03046F8F7B3
:102F5000F3FE834600253046F8F7DBFF1434CDE955
:102F6000024000B9059C00213046F9F7D0FB8246AB
:102F700000213046F9F7E3FD504407B20021304606
:102F8000F9F794FC504400B20190F08A618838440B
:102F9000421AB8F80210501A0FFA80F9728B019891
:102FA000101AE288801A081A00B200903046F8F72A
:102FB00024FEC11B0198081A00B20490B9F1000F59
:102FC0000CDB0098002814DAB9F1000006DD054694
:102FD0003046F8F7A5FF401B0AD40AE00098002805
:102FE00007DD404205B23046F8F754FEE84200D50E
:102FF00000250398012804D0022807D003280DD10A
:1030000015E0F08A61883844294421E0718B0198E9
:10301000091AE0882844081A284405B200243046DA
:10302000F8F770FF0090A8B1029F14E0BEE004988A
:10303000F18A00EBD07007EB60000844E2886188F9
:10304000521A521C12B202EBD27205EB6202114408
:10305000401AE1E7059F00213046F9F7A5FC5044EE
:103060000FFA80F900213046F9F7F2FC5044B18A9A
:103070000FFA80FA01EB09003988338B421AB8F84D
:103080000010501AA3EB0A02BB8800B2D21A891AA8
:1030900009B200280BDB002913DA002807DD0446FB
:1030A0003046F8F771FE2044002809DC09E00029C9
:1030B00007DD484204B23046F8F7C6FEE04200D5CC
:1030C00000243046F9F78DFEA0EB0901A1EB0A00C0
:1030D000009900B2012904D0022907D003290DD19B
:1030E00022E0B18A01EB0900398803E0318BA1EBC2
:1030F0000A00B9882144401A204404B22D493046C0
:10310000EEF778F907462C493046EEF773F9384365
:1031100006D000220A213046F3F7F6FE012845D1F9
:103120005FEACB7011D013E000EBD072B18A09EBEB
:1031300062000844B9883A88891A491C09B201EB2F
:10314000D17104EB61011144D5E7002C00DA0024B1
:103150005FEA8B7002D4002C00DD00245FEA4B7024
:1031600002D4002D00DA00255FEA0B7002D4002D96
:1031700000DD00250898B8F90010002800D020468E
:103180000844A8F80000B8F9021002D14FF000007E
:1031900000E028460844A8F80200089B09B02A4627
:1031A00021463046BDE8F04FFAF7C0BE09B0BDE891
:1031B000F08F0000813202086932020870B51646AD
:1031C00005460C4651EA06001CD02846F7F762FE79
:1031D000A86801233246018A21440182A868418AF5
:1031E0003144418221462846FAF7C2F900220B21D8
:1031F0002846F3F789FE012804D12846BDE870402F
:10320000FAF706B970BD30B5AAB1B0F91630B2F907
:1032100000401D19B0F93240A54201DAE31A1380CB
:10322000B0F91640B2F90030E518B0F936309D42D9
:1032300001DD1B1B1380002915D0B0F91430B1F942
:1032400000209C18B0F93020944201DAD21A0A808A
:10325000B0F91420B1F90030B0F9340013448342BE
:1032600001DD801A088030BD10B50346F8F75FFE17
:10327000084401B2BDE8104000221846FFF79EBF87
:1032800010B50346F8F75AFE084402B2BDE81040F4
:1032900000211846FFF792BFF8B505460C460846D0
:1032A000F2F7E0FA4FF4803631462846F9F7F8F99C
:1032B000E070022808D9284631462022F9F746FC5A
:1032C0000090BDF80000A080284631463122F9F771
:1032D0003DFCC0B2002784F82200022815D92846F8
:1032E000314641F23202F9F731FC00B22084002865
:1032F00009DD284631463022F9F728FC0090BDF858
:103300000000E08301E084F822702846314640F650
:103310004502F9F71BFCC0B284F8360002281CD91C
:10332000284631464FF40462F9F710FC00B2E085FC
:10333000002810DD284640F643023146F9F706FC26
:10334000A086284644223146F9F700FC0090BDF8DB
:103350000000A08501E084F8367031462846F9F770
:1033600035FAFD280AD2E17811FB00F1090AE17073
:103370004143080A84F8220084F83600E07830B926
:1033800094F8220018B994F83600002805D0314688
:103390002846F9F743FC20800120F8BDA0F844102E
:1033A000FAF736B8A0F84610FAF732B809B2FBF7C8
:1033B00011BA00002DE9F84F04464F1091460D4612
:1033C0004FEA610AC80700D17F1E60008346F6F706
:1033D00077FE06464B46002026E000BF03EB440084
:1033E000009030F8021C6943601E15D4002200EBE7
:1033F0000A0C26F81010A44501DA33F81C208A1AAA
:10340000C11B012901D5198803E003EB410131F803
:10341000021C401E1144E9D55A4631461846F6F7BB
:1034200019FF009B08F101008046A042D6DB4FF453
:103430007F51B1FBF5F2002093B214FB04FC0CE0C9
:1034400039F8102042B18A4202D129F8103003E045
:1034500092FBF5F229F81020401C8445F0D800209A
:1034600039E000BF09EB4002934613886B4300210B
:1034700023E0002B02DA4FF0000C01E04FEAA31C1E
:1034800026F811C0A1EB0A0CBCF1000F02DCB2F867
:1034900000C003E00CFB040839F818C0A3EB0C0CC7
:1034A000CB195B1CA34200DB631E03FB040802EB89
:1034B000440239F81830491C6344A142D9DB5A460A
:1034C000002105E036F81130138002EB4402491C5C
:1034D000A142F7DB401CA042C4DB3046BDE8F84FF8
:1034E000F6F73ABE2DE9F0470E468AB01F468046F1
:1034F000014615469146D41907A8EEF7A7FC05EB3F
:10350000D57007EB600145F30002891A891EADF8FA
:103510002010012101EB6000ADF81E004046EEF7DF
:103520000CFDBDF82010081AADF81C004046EEF75F
:10353000DEFCBDF81E1000230844ADF822003A4618
:1035400007A901A8F2F7BEF84D46B9F1010F01D065
:103550004FEA69052046F6F7B3FD8246B0460027DC
:1035600034E021465046F6F781FF01A80090DDF8CF
:1035700004C023B23AB200215046E04740B19AF865
:103580000000800190FBF5F1A8F80010012018E080
:1035900061004046F6F73CFF15E000BF0AEB000271
:1035A0001AF8001012F8012C914204D108EB4001E6
:1035B00031F8022C02E0890191FBF5F228F8102085
:1035C000401CA042EADB08EB44087F1CA742C8DB92
:1035D0005046F6F7C1FD01A8F1F7ECFD012D14D01E
:1035E00020B2324629460746FFF7E4FE09F0010003
:1035F000284401B2012926DD4FF47F5090FBF1F2FF
:10360000002093B204FB04F517E00020644304E0BB
:1036100036F810108A093254401C8442F8DC0AB093
:10362000BDE8F08736F8102032B1FF2A0ED09201A3
:1036300092FBF1F226F81020401C8542F2D8324667
:103640003846FFF7B7FE0020644307E026F8103045
:10365000F2E700BF16F810103154401C8442F9DC28
:10366000DDE7F0B597B0074614460D4601A8F2F71E
:10367000F9F8FF2211461046F0F70FF90090BDF857
:1036800000000090BDF80000ADF8080000262A46B2
:1036900001A93846F2F7D2F80FA8F1F76FFB2346DD
:1036A0002A460FA938460096F1F7CCF817B0F0BDBE
:1036B0002DE9F00F0025244E0222A846002006EB3B
:1036C000C20C00BF3CF8101079B3D1B22BE000BFA0
:1036D00006EBC10404EB400934F81070B9F8083067
:1036E0009F4201D00BBB15E0A3B1BB4219D15B1CBB
:1036F0009BB20125DFF854B0A9F808305FEA030A4D
:1037000005FA03F7BBF800303B44ABF8003024F86F
:10371000108006D134F81070A9F80870012524F83B
:103720001080491CC9B20329D2D3401C0428C9DB2C
:10373000521EC3D5012D03D1BDE8F00F02F0FABD32
:10374000BDE8F00F704700006804002074000020FE
:103750002DE9F00F0025234F0121A8465FF000045A
:1037600007EBC40232F8110068B3C8B229E000BF09
:1037700002EB400632F810C036F8023C9C4501D0FE
:103780000BBB15E0A3B1634519D15B1C9BB20125AE
:10379000DFF854A026F8023C5FEA030905FA03FCAF
:1037A000BAF800306344AAF8003022F8108006D13D
:1037B00032F8103026F8023C012522F81080401E15
:1037C000C0B20028D4D1641C042CC9DB491C0429D4
:1037D000C4DB012D03D1BDE8F00F02F0ABBDBDE8A5
:1037E000F00F704768040020740000202DE9F00FEE
:1037F0000025214F0221A8465FF0000407EBC40218
:1038000032F8110050B3C8B226E000BF02EB400608
:1038100032F810C073889C4501D0FBB914E09BB10D
:10382000634517D15B1C9BB20125DFF850A0738064
:103830005FEA030905FA03FCBAF800306344AAF80A
:10384000003022F8108005D132F810307380012545
:1038500022F81080401CC0B20328D7D3641C042C6B
:10386000CCDB491EC8D5012D03D1BDE8F00F02F015
:1038700061BDBDE8F00F70476804002074000020AF
:103880002DE9F00F0025244E0122A846002006EB6A
:10389000C20C00BF3CF8101079B3D1B22BE000BFCE
:1038A00006EBC10404EB400934F8107039F8083C09
:1038B0009F4201D00BBB15E0A3B1BB4219D15B1CE9
:1038C0009BB20125DFF854B029F8083C5FEA030AEF
:1038D00005FA03F7BBF800303B44ABF8003024F89E
:1038E000108006D134F8107029F8087C012524F8DE
:1038F0001080491EC9B20029D2D1401C0428C9DB5E
:10390000521C042AC2DB012D03D1BDE8F00F02F0E6
:1039100011BDBDE8F00F704768040020740000205E
:1039200030B591B005464FF4E0216522F9F70EF964
:10393000040017D06846EDF7A1FD0F480A94CDE9C1
:10394000005001200D9400210790CDE908010B489B
:1039500006904FF6FF70ADF83C006846EDF702FEAA
:1039600011B030BD04492846EDF744FD15F8500F5D
:1039700040F001002870F3E7036900083B150108D7
:103980002DE9FC47FE4DFF4C95F82000C00703D001
:10399000FD48EFF718FF03E004211220FAF768FF53
:1039A0000090BDF80000608095F82000C00704D0AA
:1039B00005211220FAF75CFF03E004211220FAF738
:1039C0003FFF0090BDF80000A08095F82000C007E0
:1039D00003D0EE48EFF7F7FE01E0F0F7B6F80090FD
:1039E000BDF80000E08095F82000C00703D0E8484B
:1039F000EFF7E9FE03E002211220FAF739FF009009
:103A0000BDF80000208100264620CDE90006DC48F4
:103A10005023E04AE0492838FCF728FCD8480096B3
:103A20005023DC4ADC4914380196FCF71FFCE0689F
:103A3000D03001F069FAD249E0682839D030FCF77B
:103A40000BFCE068D83001F05FFACD49E06814392A
:103A5000D830FCF701FCE068083001F055FA95F821
:103A60002000C00704D002211220FAF7E9FE02E08C
:103A70001220FAF717FF0146E0680830FCF74DFA0C
:103A8000E06847F6FF7A51460830FCF792FB0721C1
:103A9000E868F0F7D8FA0146E0680830FCF7CCFA9D
:103AA0000521E868F0F7CFFA0146E0680830FCF736
:103AB000D7FBE06866210830FCF74AFAB049E068B5
:103AC00014390830FCF7C8FBE068103001F01CFA2C
:103AD000E068FF211030FCF73BFAE06801F014FACF
:103AE000FF21E068FCF734FA6088ADF80000009927
:103AF000E068FCF712FAA088ADF800000099E068D1
:103B0000FCF78AFB607801287ED00228E8687CD028
:103B10005FF00A01F0F797FA0146E068FCF7C9FA8E
:103B20006078012872D00228E86870D05FF00A013E
:103B3000F0F789FA0146E068FCF796FAE068183079
:103B400001F0E2F960780128E8687DD05FF00801B3
:103B5000F0F779FA0146E0681830FCF72AFBE068D4
:103B6000FF211830FCF7F4F9E088ADF80000E068B8
:103B700000991830FCF7D1F92089ADF80000E06811
:103B800000991830FCF7E8F90221E868F0F75BFAD1
:103B90000146E0681830FCF7F6F9E06801211830BA
:103BA000FCF7E9F9A088ADF80000E068009918304A
:103BB000FCF732FB607801287ED00228E8687CD0D0
:103BC0005FF01001F0F73FFA0146E0681830FCF7AB
:103BD00033FA6078012871D00228E8686FD00A2192
:103BE000F0F731FA0146E0681830FCF762FA6078C5
:103BF000012865D00228E8687ED00A21F0F723FA70
:103C00000146E068183003E083E085E086E088E064
:103C1000FCF72AFA1220FAF745FE0146E068183050
:103C2000FCF7D6F90121E868F0F70DFA0146E068E3
:103C30001830FCF7D8F9E068A03001F065F9DFF83A
:103C40004081A8F1280800E06DE0E0684646D8F819
:103C50003810A030FCF7D6F90321E868F0F7F3F943
:103C60000146E068A030FCF7E2F90321E868F0F7CC
:103C7000EAF90146E068A030FCF7D4F9E0687F215A
:103C8000A030FCF7CAF9E068A83001F03DF9708F68
:103C9000ADF80000E0680099A830FCF7B3F9032103
:103CA000E868F0F7D0F90146E068A830FCF7BFF902
:103CB000E0687F21A83004E037E039E03AE03CE0FA
:103CC0003DE0FCF7AAF9E068203001F01DF96078CA
:103CD000012839D00228E86839D00821F0F7B3F973
:103CE0000146E0682030FCF764FAE068FF212030EC
:103CF000FCF72EF9208900E024E0ADF80000E06830
:103D000000992030FCF709F995F82000C00720D071
:103D10006FE00E21E868FDE60C21FBE60E21E86865
:103D200006E70C2104E70C2112E71821E86849E7AF
:103D3000142147E70E21E86852E70C2150E70E21D5
:103D4000E8685BE70C2159E71021E868C6E70C2119
:103D5000C4E71220FAF7A6FD0146E0682030FCF720
:103D60002CFA0020F0F76AFA00EB40004FF4A0793B
:103D7000A0265030484517DB0020F0F75FFA0DE031
:103D8000883800200C0100201A171500302B28005D
:103D900037322F001715010858CE020800EB4000FB
:103DA000503090FBF6F000E0012001B2E0682030D6
:103DB000FCF71DFAE0687F212030FCF70EFA0020A6
:103DC000F0F73CFA502707EB8000484507DB00205E
:103DD000F0F734FA07EB800090FBF6F000E00120EA
:103DE00001B2E868F0F72FF90146E0682030FCF7EF
:103DF000EFF9A088ADF80000E06800992030FCF7EA
:103E00000BFA607801287DD00228E8687BD0102169
:103E1000F0F719F90146E0682030FCF735F96078D1
:103E2000012871D00228E8686FD00A21F0F70BF959
:103E30000146E0682030FCF746F90521E868F0F714
:103E400002F90146E0682030FCF70EF90521E86828
:103E5000F0F7F9F80146E0682030FCF72AF9FF494D
:103E6000FD4808600831FE480860E068583001F0FD
:103E70004BF8E068F9495830FCF78EF8E0682321E8
:103E80005830FCF78DF8E068603001F03DF8F349F8
:103E9000E06808316030FCF77FF8E0687F2160302F
:103EA000FCF77EF8E068C03001F02EF8E0680121F0
:103EB000C030FCF76DF8E0680121C030FCF75BF81A
:103EC000E068803001F020F8607801287ED0022878
:103ED000E8687CD05FF01001F0F7B5F80146E068C3
:103EE0008030FCF7A9F86078012871D00228E868D2
:103EF0006FD01021F0F7A7F80146E0688030FCF79A
:103F0000D8F803E0ECE3ECE3ECE3ECE360780128C1
:103F10007ED00228E8687CD05FF01001F0F793F8BB
:103F20000146E0688030FCF79FF8E068783000F0E8
:103F3000EBFF607801286DD00228E8686BD00A2179
:103F4000F0F781F80146E0687830FCF775F86078A2
:103F500001287CD00228E8687AD00A21F0F773F8AB
:103F60000146E0687830FCF784F8E068883000F0BB
:103F7000CBFF0A21E868F0F766F80146E068883070
:103F8000FCF797F80A21E868F0F75DF80146E06869
:103F90008830FCF769F8E068903000F0B5FF142134
:103FA000E868F0F750F80146E0689030FCF745F912
:103FB000E068983000F0A8FFE06802219830FCF734
:103FC00026F9E068683000F09FFF03E0FEE3FEE3BF
:103FD000FEE3FEE3E06800216830FCF72DF8E068BE
:103FE00000216830FCF765F8E06800216830FCF7D4
:103FF0003BF8E068703000F087FF607801287CD0E3
:104000000228E8687AD00221F0F71DF8014603E0A3
:10401000FEE3FEE3FEE3FEE3E0687030FCF70CF83D
:10402000607801286BD00228E86869D05FF002014F
:10403000F0F709F80146E0687030FCF73AF860786C
:1040400001287DD00228E8687BD0022101E0E6E368
:10405000E6E3EFF7F8FF0146E0687030FCF704F89C
:10406000E068283000F050FFE0684646D8F8381085
:104070002830FBF752FFEFF768FD0146E068283073
:10408000FCF7CAF8E068FF212830FBF761FFE06821
:10409000303000F039FFE068B16B3030FBF73DFFA6
:1040A000E068B16B3030FCF7B7F8E06833213030AE
:1040B000FBF74EFFE068383000F026FF708FADF858
:1040C0000000E06800993830FBF727FFEFF73DFD6F
:1040D0000146E0683830FCF79FF8E068FF2138308F
:1040E000FBF736FFE068403000F00EFF708FADF850
:1040F0000000E0680099403003E0FDE3FDE3FDE3EC
:10410000FDE3FBF70AFF708FADF80000E06800994F
:104110004030FCF781F8E06833214030FBF718FFAE
:10412000E068483000F0F0FE2089ADF80000E0685B
:1041300000994830FBF7F1FEE068FF21483001E0CC
:10414000FDE3FEE3FBF704FFA088ADF80000E068A4
:1041500000994830FCF760F8E068503000F0D4FE79
:10416000E088ADF80000E06800995030FBF7D5FE1C
:10417000E068FF215030FBF7EBFEA088ADF80000AF
:10418000E06800995030FCF747F8E068B03000F084
:10419000BBFEE06857465146B030FCF70AF8E068CD
:1041A000B83000F0B1FEE0680021B830FCF701F84B
:1041B000E068C83000F0A8FE0321E868EFF743FF8D
:1041C0000146E068C830FCF742F80321E868EFF7E1
:1041D0003AFF0146E068C830FCF734F8E068F03098
:1041E00000F092FEE068B16BF030FBF796FEE068FD
:1041F000FF21F030FBF7ACFE0621E868EFF723FF64
:104200000146E068F030FBF717FFE0683946F03010
:10421000FBF7CFFFE068E03000F076FEE068C821F1
:10422000E030FBF762FEE068E83000F06DFEE06829
:104230007821E830FBF759FEE06800F5807000F067
:1042400063FE2089ADF80000E068009900F58070F9
:10425000FBF74FFE0F2105E0716900081C010020EB
:10426000D5F70008E868EFF7EEFE0146E06800F5D4
:104270008070FBF74DFEE068012100F58070FBF7D0
:1042800043FEE06800F5847000F03EFEE068B16B2C
:1042900000F58470FBF72DFEE06800F5987000F0E3
:1042A00033FEE0684FF4827100F59870FBF7A0FED2
:1042B000E06800F59C7000F027FE0321E868EFF746
:1042C000C2FE0146E06800F59C70FBF7B5FE0221D6
:1042D000E868EFF7B8FE0146E06800F59C70FBF770
:1042E00052FEE068B16B00F59C70FBF735FEE0888C
:1042F000ADF80000E068009900F59C70FBF70DFE3A
:10430000E068FF2100F59C70FBF722FE6078012831
:10431000E8687CD05FF00801EFF795FE00EBD07005
:104320004110E06800F59C70FBF743FFE06800F582
:10433000A07000F0E9FDE068FCA100F5A070FBF7BB
:1043400002FEEFF702FC0146E06800F5A070FBF703
:1043500063FFE068696900F5A070FBF769FFE0683A
:1043600000F5A47000F0D0FD0421E868EFF76BFEC3
:10437000404201B2E06800F5A470FBF75DFEEFF784
:10438000E4FB0146E06800F5A470FBF7C6FDE068B9
:1043900000F5A87000F0B8FDE068012100F5A870F4
:1043A000FBF721FEA088ADF80000E068009900F559
:1043B000A870FBF70DFEE06800F5947000F0A4FD16
:1043C000E068002100F59470FBF7D5FD0A21E8684C
:1043D000EFF739FE0146E06800F59470FBF744FE04
:1043E0002089ADF80000E068009900F59470FBF7B3
:1043F000EFFDE06800F5887000F086FD0321E868B5
:10440000EFF721FE0146E06800F5887000E019E34F
:10441000FBF7E9FD0321E868EFF715FE0146E068C8
:1044200000F58870FBF7C5FE0821E868EFF70BFE82
:104430000146E06800F58870FBF7DEFE0221E868BF
:10444000EFF701FE0146E06800F58870FBF70CFE0F
:10445000E06800F58C7000F057FDE068394600F523
:104460008C70FBF7A6FE0821E868EFF7ECFD01462B
:10447000E06800F58C70FBF7BFFEE068B16B00F5FB
:104480008C70FBF74AFDE068FF2100F58C70FBF7AC
:104490005FFDE06800F5907000F036FD0121E868EE
:1044A000EFF7D1FD0146E06800F59070FBF79BFD4A
:1044B000A088ADF80000E068009900F59070FBF767
:1044C00087FD0221E868EFF7BEFD0146E06800F5D0
:1044D0009070FBF7B1FD1220FAF7E4F90146E068AD
:1044E00000F59070FBF798FEE06800F5D07000F0E2
:1044F0000BFDE068002100F5D070FBF79DFDE06842
:10450000002100F5D070FBF7B4FDE068002100F554
:10451000D070FBF74EFEE068012100F5D070FBF78C
:1045200037FDE068002100F5D070FBF728FDE0685A
:1045300000F5EC7000F0E8FC60780128E8687CD0B9
:104540005FF00801EFF77FFD0146E06800F5EC70D1
:10455000FBF72FFEE068012100F5EC70FBF718FD7A
:10456000E068FF2100F5EC70FBF7F2FCE088ADF8A5
:104570000000E068009900F5EC70FBF7CEFCA08825
:10458000ADF80000E068009900F5EC70FBF744FE20
:10459000E06800F5D47000F0B7FC607801287DD0A9
:1045A0000228E8687BD00A21EFF74DFD0146E0685C
:1045B00000F5D470FBF768FD6078012870D0022800
:1045C000E8686ED05FF00A01EFF73DFD0146E06854
:1045D00000F5D470FBF777FD607801287ED00228C3
:1045E000E8687CD05FF00A01EFF72DFD0146E06836
:1045F00000F5D470FBF73DFD0121E868EFF723FDDE
:104600000146E06800F5D470FBF7BDFCE0681921B5
:1046100000F5D470FBF7ABFCA088ADF80000E068B3
:10462000009900F5D470FBF797FCE068002100F5D5
:10463000D470FBF7A4FCE06800E005E200F5D87058
:1046400000F062FCE068002100F5D870FBF7F4FC94
:10465000E068002100F5D870FBF70BFD0121E86848
:10466000EFF7F1FC0146E06800F5D870FBF78BFC32
:10467000E068192100F5D870FBF779FCA088ADF847
:104680000000E068009900F5D870FBF765FCE06871
:10469000082100F5D870FBF772FC03E0D6E1D8E101
:1046A000D9E1DBE1E06800F5DC7000F02DFCE068AA
:1046B000002100F5DC70FBF7BFFCE068002100F58D
:1046C000DC70FBF7D6FCE06800F5E47000F01CFC41
:1046D000607801287ED00228E86805E0C0E1C2E1E8
:1046E00074E177E178E17BE175D00A21EFF7ABFC6B
:1046F0000146E06800F5E470FBF7C6FC607801282D
:104700006AD00228E86868D05FF00201EFF79BFCEE
:104710000146E06800F5E470FBF7D5FC60780128FD
:104720007AD00228E86878D00A2101E0EF808C0076
:10473000EFF789FC0146E06800F5E470FBF799FCAF
:10474000E06800F5E87000F0DFFB6078012865D0D4
:104750000228E8687DD00221EFF775FC0146E06889
:1047600000F5E870FBF790FC6078012872D0022811
:10477000E86870D05FF00201EFF765FC0146E06881
:1047800000F5E870FBF79FFCE068002100F5E87099
:10479000FBF723FDE068002100F5E870FBF7D8FB8C
:1047A000A088ADF80000E068009900F5E870FBF71C
:1047B00033FDE06800F5E07000F0A6FBE068002142
:1047C00000F5E070FBF760FC002107E00AE10DE175
:1047D0000EE111E149E14BE14CE14EE1E06800F509
:1047E000E070FBF746FCE06800F5F07000F08CFB31
:1047F000E068332100F5F070FBF7AAFB1220FAF70E
:1048000051F80146E06800F5F070FBF786FB08E020
:10481000F4E0F7E0F8E0FBE031E133E134E1F9E026
:10482000FCE0E06800F5F47000F06EFBE068002149
:1048300000F5F470FBF78CFB607801287ED002282D
:10484000E8687DD05FF00201EFF7FDFB0146E0680C
:1048500002E01CE11DE11FE100F5F470FBF733FC01
:10486000E06800F5B07000F04FFB0521E868EFF755
:10487000EAFB0146E06800F5B070FBF7B4FBA088E6
:10488000ADF80000E068009900F5B070FBF7A0FB00
:104890001421E868EFF7D7FB0146E06800F5B07037
:1048A000FBF7AAFC0F21E868EFF7CDFB0146E068B3
:1048B00000F5B070FBF7F3FBE06800F5B47000F0B2
:1048C00023FBE068394600F5B470FBF772FCA08862
:1048D000ADF80000E068009900F5B470FBF71DFB2F
:1048E000E068FF2100F5B470FBF732FB0F21E868A8
:1048F000EFF7A9FB014603E092E095E096E099E02E
:10490000E06800F5B470FBF777FCE06800F5AC7088
:1049100000F0FAFA0121E868EFF795FB0146E0683C
:1049200000F5AC70FBF72FFB2089ADF80000E068C4
:10493000009900F5AC70FBF70FFB03E0AEE07BE005
:10494000B0E07DE0E068032100F5AC70FBF717FBF9
:10495000E06800F5B87000F0D7FAA088ADF8000064
:10496000E068009900F5B870FBF7F6FA0221E868F4
:10497000EFF769FB0146E06800F5B870FBF703FB51
:104980000121E868EFF75FFB404201B2E06800F503
:10499000B870FBF784FBE068042100F5B870FBF702
:1049A000EEFAE0684FF4C87100F5B870FBF79DFAB5
:1049B000E06800F5BC7000F0A7FA95F82000C00789
:1049C00072D002211220F9F73BFF71E01821E8684C
:1049D000FFF71EBA1421FBE70E21E868FFF726BA9D
:1049E0000C21FBE71821E868FFF776BA1421FBE7F2
:1049F0001821E868FFF77EBA1421FBE71821E86860
:104A0000FFF78CBA1421FBE70E21E868FFF798BA8C
:104A10000C21FBE70E21E868FFF7A0BA0C21FBE7A9
:104A20000821E868FFF7F0BA0621FBE70821E868EB
:104A3000FFF7FEBA0621FBE70821E868FFF706BB8F
:104A40000621FBE70C2167E40C217BE50E21E868D9
:104A5000AAE50C21A8E50E21E868B5E50C21B3E52F
:104A60000E21E868C0E50C21BEE50E21E8683DE6B0
:104A70000C213BE60821E86848E6062146E60E21BF
:104A8000E86852E60C2150E60821E86864E6062151
:104A900062E60821E8686FE606216DE60821E8680D
:104AA000D2E601E00621CFE601211220F9F7E0FE6F
:104AB0000146E06800F5BC70FBF7AEFBE06800F56E
:104AC000C07000F021FA607801287DD00228E868E3
:104AD0007BD00A21EFF7B7FA0146E06800F5C07015
:104AE000FBF7AAFA6078012870D00228E8686ED037
:104AF0005FF00A01EFF7A7FA00EBD0704110E06811
:104B000000F5C070FBF7B5FAE06800F5C47000F07E
:104B1000FBF90121E868EFF796FA0146E06800F535
:104B2000C470FBF730FA2089ADF80000E068009906
:104B300000F5C470FBF710FAE088ADF80000E068FB
:104B4000009900F5C470FBF7E8F9E068332100F53F
:104B5000C470FBF7FDF9E06800F5C87000F0D4F907
:104B6000607801287DD00228E8687BD05FF00A01D8
:104B7000EFF769FA0146E06800F5C870FBF784FAC0
:104B8000607801286FD00228E8686DD05FF00A01D4
:104B9000EFF759FA0146E06800F5C870FBF78EFAA6
:104BA000607801287DD00228E8687BD05FF00201A0
:104BB000EFF749FA0146E06800F5C870FBF74FFAD5
:104BC000607801286FD003E05BE160E161E163E1BF
:104BD0000228E86868D00A21EFF735FA0146E06854
:104BE00000F5C870FBF745FAE06800F5CC7000F0FE
:104BF0008BF90A21E868EFF726FA0146E06800F52C
:104C0000CC70FBF785F9E06800F5FC7000F07CF9EA
:104C10000421E868EFF717FA0146E06800F5FC7038
:104C2000FBF70AFAE06800F5F87000F06DF9E0684B
:104C300042F2640100F5F870FBF7DFF9E06800F577
:104C4000007000F061F91220F9F72CFE0146E068CF
:104C500000F50070FBF761F9E0687F2100F5007056
:104C600003E01BE11EE11FE121E1FBF771F9E068C0
:104C700000F5027000F048F9E068002100F50270CC
:104C8000FBF7B5FA607803287ED00128E8687CD06D
:104C90005FF00801EFF7D7F90146E06800F5027010
:104CA00003E006E108E109E10DE1FBF782FAE068C3
:104CB00000F50E7000F028F9E068B16B00F50E7099
:104CC000FBF74AF90221E868EFF7BDF9400001B2AD
:104CD000E06800F50E70FBF756F9E068012100F579
:104CE0000E70FBF74CF9E06800F50C7000F00CF961
:104CF0000221E868EFF7A7F9404201B2E06800F549
:104D00000C70FBF78FF9E06800F5047000F0FCF818
:104D1000607801287ED00228E8687CD05FF010011E
:104D2000EFF791F90146E06800F50470FBF7ACF984
:104D3000E068002100F50470FBF7C5F9E068002188
:104D400000F50470FBF795F9E068012100F50470A7
:104D5000FBF71EF9E06800F5067000F0D5F80121B8
:104D6000E868EFF770F90146E06800F50670FBF7B8
:104D70000AF92089ADF80000E068009900F5067096
:104D8000FBF7EAF8012101E09FE0A6E0E06800F50A
:104D90000670FBF7F4F86078012875D00228E868FF
:104DA00073D00A21EFF74FF90146E06800F506706D
:104DB000FBF742F96078012868D00228E86870D0D3
:104DC0005FF00A01EFF73FF90146E06800F5067071
:104DD000FBF74AF9E06800F5087000F095F8607894
:104DE00001286ED00228E8686CD01021EFF72BF96B
:104DF0000146E06800F50870FBF729FAE06800F565
:104E0000107000F081F8E068FF2100F51070FBF7EA
:104E10009FF801E063E065E0EEF797FE0146E06889
:104E200000F51070FBF779F81220F9F73BFD014609
:104E3000E06800F51070FBF77BF8E068394600F594
:104E40001070FBF7B6F90F21E868EFF7FCF80146A0
:104E5000E06800F51070FBF7CAF9EEF776FE014640
:104E6000E06800F51070FBF7A8F90521E868EFF796
:104E7000EAF80146E068BDE8FC4700F51070FBF772
:104E8000B1B90E21E86825E62EE030E031E00C21D2
:104E900020E60E21E8682DE60C212BE60E21E868BD
:104EA00066E629E00C2163E60E21E86870E60C2135
:104EB0006EE60821E8687BE6062179E60E21E868BF
:104EC0008AE61BE01DE00C2186E60821E868EFF782
:104ED000BAF800EBD0704010DEE60C21DAE61821BB
:104EE000E8681DE714211BE70E21E8685AE70C214A
:104EF00058E70E21E86865E70C2163E71821E868A8
:104F000074E7142172E700000349097809B1FAF740
:104F1000DABFFAF7ECBE00000C01002000EB8102C2
:104F2000526AB2B9062914D2DFE801F01303030371
:104F3000070E406A68B100207047026B3AB9826A76
:104F4000002AF6D001207047026B002AF1D003201E
:104F500070470846704700002DE9F35F0198F6F7A7
:104F60008DFEFE4C00287DD0FD490198F6F79AF899
:104F700000284BD00198F6F781FE0546F949F6F76F
:104F800091F800286FD12846F6F778FEF549F6F734
:104F900089F830B1E168002280310198F5F7AAFD67
:104FA000F1E30198F6F72FFE88B90198F6F766FE4F
:104FB000ED49F6F777F850B1E168002248310198E1
:104FC000F5F798FDE1680022703101983DE2019803
:104FD000F6F719FE01280CD10198F6F74FFEE249C9
:104FE000F6F760F828B10022E1680198F5F782FD34
:104FF000D0E70198F6F742FEDC49F6F753F80028AF
:10500000C0D1E168002218310198C7E7D84901985A
:10501000F6F748F840B3E168002220310198F5F72F
:1050200069FDE168002228310198F5F763FDE16828
:105030000022D0310198F5F75DFDE168202258315A
:105040000198F5F757FDE1682022D8310198F5F76E
:1050500051FDE1680422A0310198F5F74BFD2022B3
:10506000E16802E0FEE39CE024E0C8310198F5F736
:1050700041FDE168012238310198F5F73BFDE16817
:10508000802260310198F5F735FD0198F6F7F6FDBD
:10509000B849F6F707F838B90198F6F7EFFDB649C1
:1050A000F6F700F800287CD0E168002201F5E871ED
:1050B0000198EFE3B1490198F5F7F4FF28B1E168F1
:1050C000002201F5A871019880E7AD490198F5F734
:1050D000E9FF4FF4A02808F1010908F1040A0028AB
:1050E00070D00198F6F7CAFDA649F5F7DBFF20B3AB
:1050F000E168002201F5FC710198F5F7FBFCE1681D
:10510000002288310198F5F7F5FCE168424620312C
:105110000198F5F7EFFCE1689B4A58310198F5F7E3
:10512000E9FC994AE168603260310198F5F7E2FCE8
:10513000E1684A4628310198FDE30198F6F79EFDA3
:105140008849F5F7AFFF68B3E16800225031019854
:10515000F5F7D0FCE1680422A0310198F5F7CAFC0C
:10516000E168042201F50C710198F5F7C3FCE168D0
:10517000854A58310198F5F7BDFCE1684D464A462D
:1051800030310198F5F7B6FCE1682A4601F50E7159
:105190000198F5F7AFFCE16855465246A0310198F9
:1051A00001E0FCE30FE0F5F7A5FC774AE168183A67
:1051B000A8310198F5F79EFCE1682A4601F50C71CB
:1051C000019803E762E00198F6F758FD6749F5F7A3
:1051D00069FF0028E16801984FF0000222D001F534
:1051E000C071F5F787FCE1680422A0310198F5F75A
:1051F00081FCE1680822A8310198F5F77BFCE168A1
:10520000424601F5C4710198F5F774FCE1685E4A05
:1052100058310198F5F76EFC5B4AE1686032603105
:10522000019825E01831F5F765FCE1680422A0310A
:105230000198F5F75FFCE1680822A8310198F5F7BD
:1052400059FCE168424620310198F5F753FC4E4A7B
:10525000E168603260310198F5F74CFCE1684A4A38
:1052600058310198F5F746FCE1684A462831019823
:10527000F5F740FCE1685246A0310198F5F73AFC99
:10528000414AE168183AA83101989FE63F490198E0
:10529000F5F708FF4FF4003510B3E1680022303114
:1052A0000198F5F727FCE1680022B0310198F5F785
:1052B00021FCE1680422A0310198F5F71BFCE168AC
:1052C0000822A8310198F5F715FCE1682A46283133
:1052D0000198F5F70FFCE1682A46B0310198B4E077
:1052E0002B490198F5F7DEFE4FF44036A0B3E16894
:1052F000002230310198F5F7FDFBE1680022B03162
:105300000198F5F7F7FBE1680422A0310198F5F761
:10531000F1FBE1680822A8310198F5F7EBFBE168A1
:105320002A4628310198F5F7E5FBE1682A46B031B5
:105330000198F5F7DFFBE1683246F0310198F5F7A7
:10534000D9FB144DE1682A46C8310198F5F7D2FB24
:10535000E1683246D0311FE020E000000C0100205F
:10536000804C0308C0D4020814D5020870CE02088D
:10537000F84A0308FCD30208E0D30208BC4B030838
:10538000144B030834D4020820000500DC4A03084B
:10539000104C0308200003000198F4E0FA4901983A
:1053A000F5F780FEE8B3E168002218310198F5F7BF
:1053B000A1FBE168002268310198F5F79BFBE168E9
:1053C0000022B8310198F5F795FBE1680422A0317D
:1053D0000198F5F78FFBE1680822A8310198F5F7ED
:1053E00089FBE1684FF4803208310198F5F782FBC0
:1053F000E168E64A10310198F5F77CFBE168454623
:10540000424650310198F5F775FBE1682A4601F5EF
:10541000AC710198F5F76EFBE1682A46803101987E
:1054200000E013E0F5F766FBE168D94A58310198CE
:10543000F5F760FBE168524628310198F5F75AFB11
:10544000D34AE168183A3831019821E2D1490198EC
:10545000F5F728FED04FDFF840B37F3FF0B3E168A7
:10546000002288310198F5F745FBE1680422A0315C
:105470000198F5F73FFBE1685A4660310198F5F76E
:1054800039FBE1682A4601F59C710198F5F732FB7A
:10549000E1683A4628310198F5F72CFBE1683A4675
:1054A00001F5A0710198F5F725FBBB4EE168603E60
:1054B000324658310198F5F71DFBE1683246C83194
:1054C0000198F5F717FBE1683246D8310198F5F7F6
:1054D00011FBE1682A46D0310198E8E3FFE7AF49C4
:1054E0000198F5F7DFFDE8B3E16800224831019843
:1054F000F5F700FBE1680022B0310198F5F7FAFA00
:10550000E1680022E8310198F5F7F4FAE1688022B9
:1055100060310198F5F7EEFAE1680422A0310198B4
:10552000F5F7E8FAE1683A4628310198F5F7E2FA2A
:10553000E1682A46B0310198F5F7DCFAE1685A468D
:1055400060310198F5F7D6FAE1683246F0310198FA
:10555000F5F7D0FAE168324650310198F5F7CAFA0A
:10556000324600E016E0E168019801F5A471F5F714
:10557000C1FAE1688A4A60310198F5F7BBFAE1683F
:105580003A46D8310198F5F7B5FAE1682A46D8319C
:1055900001988CE383490198F5F784FD4FF4E02BE3
:1055A000D8B3E168002218310198F5F7A3FAE16851
:1055B000002278310198F5F79DFAE168002201F5A3
:1055C00094710198F5F796FAE1684FF4803208314A
:1055D0000198F5F78FFAE1686C4A10310198F5F7F8
:1055E00089FAE168424601F588710198F5F782FA77
:1055F000E1682A4601F58C710198F5F77BFAE168BC
:105600004FF4C02201F590710198F5F773FAE16843
:105610005A4601F58871019849E3FFE7624901980C
:10562000F5F740FD4FF4802728B3E16800221831D8
:105630000198F5F75FFAE1680022E0310198F5F78B
:1056400059FAE168002290310198F5F753FAE168C0
:10565000002298310198F5F74DFAE1680422A03153
:105660000198F5F747FAE1680822A8310198F5F7A3
:1056700041FA3A4687E24D490198F5F713FD40B3E8
:10568000E168002218310198F5F734FAE168002248
:1056900078310198F5F72EFAE1680022D0310198AF
:1056A000F5F728FAE1682022D8310198F5F722FAB7
:1056B000E168202258310198F5F71CFAE1680422CC
:1056C000A0310198F5F716FAE1680822A83101988F
:1056D00059E737490198F5F7E5FCA0B3E1680022E6
:1056E00018310198F5F706FAE1680022C0310198F7
:1056F000F5F700FAE168002290310198F5F7FAF920
:10570000E168002201F598710198F5F7F3F9E16875
:105710004FF4803208310198F5F7ECF9E1681B4A43
:1057200010310198F5F7E6F9E1683A4650310198F1
:10573000F5F7E0F9E1681F4A28310198F5F7DAF941
:105740001C4A1F3264E1FFE71B490198F5F7AAFCE8
:10575000A0B3E168002201F580710198F5F7CAF95C
:10576000E1682A4601F580710198F5F7C3F9E1680F
:105770002A4601F584710198F5F7BCF9E1683246D3
:10578000F031019893E245E2484C030840000100E3
:1057900020000500304B0308800002002C4C030859
:1057A00080000300C4CE0208D84B03084C4B03080A
:1057B000684B030801000400C04A0308FFE7F849EA
:1057C0000198F5F76FFC98B1E168002201F580714E
:1057D0000198F5F78FF9E1682A4601F58071019883
:1057E000F5F788F9E1682A4601F5847101985EE2CF
:1057F000EC490198F5F756FC88B1E16800221831B0
:105800000198F5F777F9E1680022B0310198F5F7D2
:1058100071F9E1682A4601F5B471019847E2E2495D
:105820000198F5F73FFCA0B3E16800221831019818
:10583000F5F760F9E168002278310198F5F75AF937
:10584000E1680422A0310198F5F754F9E1680822D3
:10585000A8310198F5F74EF9E1684FF4803208312C
:10586000019800E098E1F5F745F9E168CF4A103179
:105870000198F5F73FF9E168CD4A01F5B871019853
:10588000F5F738F9E1684FF4002201F5BC71019891
:105890000DE200E014E1C7490198F5F703FC20B1DF
:1058A000E168002218310198C8E1C3490198F5F771
:1058B000F9FB28B1E168002201F5C8710198F6E111
:1058C000BE490198F5F7EEFB0028F3D1BC490198D9
:1058D000F5F7E8FB80B30022E1680198F5F70AF9D3
:1058E0006078E168012846D0703100220198F5F710
:1058F00001F9E1680422A0310198F5F7FBF8E168AD
:105900000822A8310198F5F7F5F8E16845464246C6
:1059100020310198F5F7EEF8E168AA4A6031019864
:10592000F5F7E8F8E1682A4650310198F5F7E2F812
:105930002A46E16801E010E01FE001F502710198DC
:10594000F5F7D8F89F4AE168603A58310198F5F7C1
:10595000D1F8E1684A4648310198F5F7CBF8E1689B
:10596000524630310198F5F7C5F8964AE168783A21
:10597000403101989BE17831B7E793490198F5F7F9
:1059800091FB68B1E168002218310198F5F7B2F88F
:10599000E168002201F504710198FFF7FFBA8BE17D
:1059A0008A490198F5F77EFB58B1E1680022483139
:1059B0000198F5F79FF8E168002201F50871019858
:1059C00075E183490198F5F76DFB28B3E168002282
:1059D00050310198F5F78EF8E168002201F5067163
:1059E0000198F5F787F8E168042228310198F5F766
:1059F00081F8E168042201F508710198F5F77AF859
:105A0000E168202201F508710198F5F773F820226A
:105A1000E168019858314AE16E490198F5F742FB77
:105A200058B1E168002218310198F5F763F8E16890
:105A3000002201F5D071019839E167490198F5F725
:105A400031FB28B1E168002201F5D8710198A4E783
:105A500062490198F5F726FB28B1E168002201F5BB
:105A6000DC71019899E75E490198F5F71BFBC0B11D
:105A7000E168002201F5D4710198F5F73BF8E1687F
:105A8000202201F5F0710198F5F734F8E168212240
:105A900030310198F5F72EF8E16801223031019894
:105AA00005E150490198F5F7FDFA20B94E490198F2
:105AB000F5F7F8FA60B1E168002201F5E4710198A8
:105AC000F5F718F8E168202201F5F0710198EEE091
:105AD00046490198F5F7E6FA28B1E168002201F598
:105AE000E071019859E742490198F5F7DBFA28B1CE
:105AF000E168002201F5EC710198D8E03D49019878
:105B0000F5F7D0FA28B1E168002201F5F4710198A7
:105B1000CDE039490198F5F7C5FA58B1E16800229E
:105B200018310198F4F7E6FFE168002201F5F871F9
:105B30000198BCE031490198F5F7B4FA28B1E16861
:105B4000002201F500710198B1E02D490198F5F7A7
:105B5000A9FAE0B1E168002218310198F4F7CAFF10
:105B6000E168002278310198F4F7C4FFE16804226B
:105B7000A0310198F4F7BEFFE1680822A83101982E
:105B8000F4F7B8FF5A46E168019828318FE01D49C3
:105B90000198F5F787FAB8B30022E1680198FCE6AE
:105BA000A4D4020818D40208644C03084000010081
:105BB0000200070070CE02088CCE0208A8CE0208B0
:105BC00018CF020880000500C8D2020800D30208DE
:105BD000E4D202081CD30208A8D30208C4D30208E6
:105BE00054D30208FCD30208E0D3020838D30208D9
:105BF00070D302088CD3020834D402086CD4020893
:105C000088D40208DCD40208FFE72C490198F5F794
:105C100049FA58B1E1684FF4803208310198F4F73D
:105C200069FFE168264A1031019840E02549019852
:105C3000F5F738FA48B10022E1680198F4F75AFF05
:105C4000E16800226831019831E01F490198F5F7B9
:105C500029FA20B1E1680022C031019827E01B49F0
:105C60000198F5F71FFAB8B1E168002201F5CC718F
:105C70000198F4F73FFFE168002280310198F4F7C2
:105C800039FFE168324650310198F4F733FFE1689B
:105C90003246803101980AE00D490198F5F702FA81
:105CA000002809D0E1680198002201F5107102B0C6
:105CB000BDE8F05FF4F71EBFBDE8FC9FF8D4020812
:105CC00040000100C0D4020814D50208E0CE02084A
:105CD000ACD202082DE9F84F0546F1F7CCF804469E
:105CE0002846F1F70DF905460A2C46D1F5F733FFA2
:105CF00006462846F5F715FF044669462846F6F796
:105D000023F8BDF9002006EBD67002EB600090FB93
:105D1000F6F07043BDF9021007B204EBD47001EB4A
:105D2000600090FBF4F060430F260FFA80F8002427
:105D30001AE021462846F5F790FE8146F7F757F816
:105D400082464846F7F76FF80146BA450BD1414500
:105D500009D1C5F8249099F8246000221C21284616
:105D6000F1F7D2F805E0641C2846F5F788FEA0425A
:105D7000DFD831462846F8F741FBBDE8F88FC1432C
:105D8000491C0840B0FA80F0C0F11F00704718B1FC
:105D9000B0FA80F0C0F12000401E704770B50B4C87
:105DA0000D46002061688847207F0106084806D517
:105DB000012122890280831C628A1A8000E000216E
:105DC000A973018829804088688070BD0C0000207C
:105DD000C8000020FEB5066804460025728C042029
:105DE000C2F3C5020CE000BFF36800EBC507DB5946
:105DF0009F0104D5A76823F07F43BB4203D06D1CED
:105E0000AA42F1D8FEBDA388472B60D00EDC342B0C
:105E100050D006DC202B5AD0302B58D0332B16D143
:105E200048E03B2B53D0442B11D150E0682B41D09C
:105E300004DC632B41D0672B09D13BE0A3F58060E4
:105E4000573844D000F6FE70B0F5005F32D069B329
:105E5000FF292DD0D4E90302121A4A4300EB222075
:105E60000090F068012701AA50F835001946F9F7AB
:105E70000DFF60B1DDE90010814208D1BDF80020BE
:105E8000BDF804309A4202D1814200D10027F06867
:105E9000A188009A50F83500FAF720F9002FB1D008
:105EA000A288A1682068F7F729FFFEBDE068D7E760
:105EB0002069D5E7FF29FBDAF8E7E0680028F7D08A
:105EC0002269002ACCD08029CADB0092C9E70029C8
:105ED00001DCA08920E0FF2901DB208A1CE0C8B298
:105EE000228AB4F80CC0001DC7080D491FFA8CF0B7
:105EF00092B240EA004042EA024208400A40121AC6
:105F00007A4300EB5210084040EA1040ADF8080018
:105F100080B20290BDF80800ADF80000A1E70000D3
:105F20001FF8E0072DE9F04104682648A688256897
:105F3000DDF7AFFF10E0A1420BD008682268904265
:105F400007D18868A268904203D18888A2889042CD
:105F500036D01C48DDF7AFFF0100ECD1698C00277B
:105F60000420C1F3C50129E0EA6800EBC703D25859
:105F7000930122D5A36822F07F429A421DD1214687
:105F80001048DDF7F0FF2046F4F7F8F8E8683146EE
:105F900000EBC7042068F9F733FFE86850F83700D2
:105FA000F9F7A8FE00280BD06068216820F07F4236
:105FB0002846BDE8F041F7F71FBF7F1CB942D3D890
:105FC000BDE8F0810039002070B50468A068A2889F
:105FD00000F47F0631462068F6F7B8FDE060A5883A
:105FE0000020A08023462A463146206800F00CF8A5
:105FF000A580A1682068E9F797FBA1880068E2689E
:10600000BDE87040FAF76AB82DE9FF4F064681B047
:106010009B46894600272648DDF754FF04464FF487
:10602000702A4FF004083DE05C453DD021462048F1
:10603000DDF745FF00902068B04232D1A1684945A4
:1060400001D0D1452DD1A1880398814203D0A0F57C
:106050007F41FF3925D100251EE000BFF06808EB25
:10606000C50141588A0116D5D14503D021F07F42A0
:106070004A4510D150F83500A188F9F7C1FE00213A
:106080002046EBF7B7F921460948DDF76CFF2046BB
:10609000F4F774F801276D1C708CC0F3C500A8429A
:1060A000DCD8009C002CBFD105B03846BDE8F08F8D
:1060B0000039002070B50546F0F7DDFE044628469D
:1060C000F0F71EFF07A0DCF72DFE072C06D00C2CE6
:1060D00006D108A0BDE87040DCF724BE07A0F9E7B0
:1060E00070BD000074765F686F6D655F6576656E84
:1060F000740A0000736C6964650A0000636C69636C
:106100006B65640A0000000038B5EEF791F80546AB
:106110000020F8F7C7FB04460520F8F7C3FB01464B
:1061200009480090012322462846FAF7E9FF014674
:106130002846EEF719F9E9F7C5FC04480068BDE800
:106140003840EEF7E9B80000580A0308B400002010
:1061500000880988401A7047F0B50020DFF848E051
:10616000124E024605270EF1200400210EEBC20557
:10617000431CB3FBF7FC07FB1C3CBCF1000F00D138
:10618000D8B235F8113013B156F8233000E008A327
:1061900044F82030401C491CC0B20429E8DB521CE2
:1061A000042AE2DBF0BD0000680400208400002027
:1061B000200000002DE9F04186B00446F2F732FBE2
:1061C000050072D02046F0F756FE06462046F0F74E
:1061D00097FE044690F85000800766D52846F2F7EF
:1061E00066FB022861D02846F2F761FB04285CD0E8
:1061F0006946606AF5F7C9FC03A92846F2F72CFB4B
:1062000004A92846F2F758FBBDF90C1000294CDB15
:10621000BDF90E00002848DBBDF80020891AADF852
:106220000810BDF80210401AADF80A00606AF6F7CF
:10623000D8FD0146606ABDF908200546002A01DA4A
:10624000002703E08A4203DB47F6FF77012009E0DD
:1062500002A9F2F7CDFE87B202A9606AF3F7E8F867
:1062600080F0010094F85C104FF6FF788A0723D580
:1062700050EAC1724FF4407001D1012E08D0C90715
:106280001ED0022E12D0032E12D0082E10D019E0EC
:10629000C4E9157894F85C1041F00102014684F8D5
:1062A0005C202046F4F7B0FF06E03FE0A76503E07E
:1062B00001462046F4F7E4FB94F85C00C00701D1E6
:1062C000012E33D139462046FAF7C8FD94F85C0018
:1062D000C0072BD0D4E91501884208D9EA6B8A425D
:1062E00002D12A6C824218D0E963606D11E008D2B5
:1062F000EA6B824202D12A6C8A420ED0E863A06D1A
:1063000007E0E96B4046814202D1296C814204D00A
:10631000E86328642046F7F77BF8032E01D0082EA7
:1063200004D114F85C0F20F00100207006B0BDE825
:10633000F0810000F0B591B00024204E21466D465A
:10634000002006EBC1028BB232F8107037B925F885
:10635000243005EB8407641C7880E4B2401C0428D8
:10636000F2DB491C0429EBDBE4B1D9F75BFF90FBBE
:10637000F4F104FB1100C0B215F8204005EB8000D9
:106380008578D9F74FFF00EBD07121F00101401A59
:1063900006EBC401401C21F81500FFF7DDFE08A044
:1063A000DCF7C0FC0B4C0CA12288E068F3F70FFC73
:1063B0006068F7F72DF811B0F0BD00006804002008
:1063C0007570646174652062746E6D20656E640A18
:1063D0000000000074000020736F6372653A25644A
:1063E0000000000070B5F0F78BFD0546F5F746FCA0
:1063F000ECF78CFC044601212846F5F72EFB0546F8
:1064000094F902000549228801EB800004A150F8AC
:10641000043C2846BDE87040F3F7D9BB4801002092
:10642000256420257300000070B5F0F769FD05466E
:10643000F5F724FCECF76AFC044600212846F5F742
:106440000CFB02462088A0F2E770404281B2104661
:10645000F0F7E8FC01212846F5F7FFFA024694F927
:106460000200BDE87040401E81B21046F0F7DABC71
:10647000F8B50446B0F92E0010F5004F59D0B4F924
:106480002C30678D99B2B94202D201F5B4710BB2CA
:1064900094F83410C1F34101D9B301290ED0022977
:1064A00047D10093B4F93220B4F930103B46F3F7EA
:1064B000C9FD05B22046A28DA9B237E0F91801EB5B
:1064C000D171B4F93050B4F9322041F34F06A91814
:1064D00001EBD17141F34F0188420CDA0A463B4689
:1064E00029460096F3F7AEFD05B2A9B22046EBF7B8
:1064F0004EFCB1B209E000933346F3F7A3FD05B2B9
:10650000B1B22046EBF743FCA9B22046EBF703FCFF
:106510000EE0FFE70093B4F93220B4F930103B46A7
:10652000F3F790FD05B2AAB22046618DEBF76FFB41
:10653000A587F8BD70B50546F0F7E2FC044628468D
:10654000F0F7E0FC05462046F0F76CFA04462846D2
:10655000ECF7DCFB0068A4F2E774614240F3074209
:106560002846BDE8704089B2ECF7D2BB001050005D
:106570003F00011BFFFFFFFFFFFFFFFFFFFFFFFFCC
:10658000FFFFFFFFFFFFFFFFFFFFFFFFFFFFFFFF1B
:10659000FFFFFFFFFFFFFFFFFFFFFFFFFFFFFFFF0B
:1065A000FFFFFFFFFFFFFFFFDFFFFFFFFFFFFFFF1B
:1065B000FFFFDFF71DCF9CB61C8E9B751A65F95C3B
:1065C000D85CB8549954D9541955395D9A751B8EB5
:1065D0009CAE3ECFBEFFFFFFFFFFDEFFFFFFFFFFD2
:1065E000FFFFDEFFFFFFFFF7FFF7FFFFFEFFFFFFED
:1065F000FFFFFFFFFFFFFFFFFFFFFFFFFFFFFFFFAB
:10660000FFFFFFFFFFFFFFFFFFFFFFFFFFFFFFFF9A
:10661000FFFFFFFFFFFFFFFFFFFFFFFFFFFFFFFF8A
:10662000FFFFFFFFFFFFFFFFFFFFFFFFFFFFFFFF7A
:10663000FFFFFFFFFFFFDFFFFFFFFFFFFFFFFFFF8A
:10664000FFFFFFFFFEF7FFFFFFFFFFFF7FE77CAECF
:106650005A75D854573C172C1724372C5734783C8C
:10666000993C9934993C983C773C77345634162CB5
:10667000372C572CD94C7B757DAE5ED7FFF7FFFFCB
:10668000FFFFFFFFDEFFFFFFFFFFFFFFFFFFFFFF3B
:10669000FFFFFFFFFFFFFFFFFFFFFFFFFFFFFFFF0A
:1066A000FFFFFFFFFFFFFFFFFFFFFFFFFFFFFFFFFA
:1066B000FFFFFFFFFFFFFFFFFFFFFFFFFFFFFFFFEA
:1066C000FFFFFFFFFFFFFFFFFFFFFFFFFFFFFFFFDA
:1066D000FFFFFFFFFEFFFFFFFFFFFFFFFFFFFFFFCB
:1066E000FFFFFEFFDFFFDFFFDDBE5A75573CF61BE5
:1066F000172437345834793C783C7844984C7844A3
:10670000783CB93C5744784498449844783C783C69
:10671000783C7744173C172CF71B993C5A6D9CB674
:10672000FFF7FEFFFEFFFEFFFFFFFFFFFFFFFFFF84
:10673000FFFFFFFFFFFFFFFFFFFFFFFFFFFFFFFF69
:10674000FFFFFFFFFFFFFFFFFFFFFFFFFFFFFFFF59
:10675000FFFFFFFFFFFFFFFFFFFFFFFFFFFFFFFF49
:10676000FFFFFFFFFFFFFFFFFFFFFFFFFFFFFFFF39
:10677000FFFFFFFFFFFFFFFFDFFFFFFFFFFFFFFF49
:10678000FFFFFFFF9EB6D864B423F61B782C783C3D
:10679000783C7844574478445744574477445844A5
:1067A000583C783C983C9844773C573C9844774414
:1067B000773C983C76449844993C573CF623F72B19
:1067C000F95C7CA6FFF7FFFFFFFFFFFFFFFFFFFF66
:1067D000FFFFFFFFFFFFFFFFFFFFFFFFFFFFFFFFC9
:1067E000FFFFFFFFFFFFFFFFFFFFFFFFFFFFFFFFB9
:1067F000FFFFFFFFFFFFFFFFFFFFFFFFFFFFFFFFA9
:10680000FFFFFFFFFFFFFFFFFFFFFFFFFFFFFFFF98
:10681000FFFFFFFFFFFFFFFFFFFFFFFFDEFFFFFFA9
:106820005ED7F864B613F623573C7744573C583C80
:1068300058445744783C573C773C773C573C773C2E
:10684000973C563C773C773C583C37341734F62B12
:10685000362C362C9744773C573C773C372CF81B2A
:106860009613340BD85C5FCFFFFFFFFFFFFFFFFFE6
:10687000FFFFFFFFFFFFFFFFFFFFFFFFFFFFFFFF28
:10688000FFFFFFFFFFFFFFFFFFFFFFFFFFFFFFFF18
:10689000FFFFFFFFFFFFFFFFFFFFFFFFFFFFFFFF08
:1068A000FFFFFFFFFFFFFFFFFFFFFFFFFFFFFFFFF8
:1068B000FFFFFFFFFFFFFFFFFFFFFEFFFFFF3BAEFE
:1068C000F53BB61B363C583C583C3734373C5744B4
:1068D000373C583C573C573C363C363C573C573C81
:1068E00037343734D623B623D72B383C994CD95C70
:1068F0005A6D196D5844372CF623F633B85C587D21
:10690000B98D1B9ED954B4333C96FFF7DEFFDEFFF2
:10691000FFFFFFFFFFFFFFFFFFFFFFFFFFFFFFFF87
:10692000FFFFFFFFFFFFFFFFFFFFFFFFFFFFFFFF77
:10693000FFFFFFFFFFFFFFFFFFFFFFFFFFFFFFFF67
:10694000FFFFFFFFFFFFFFFFFFFFFFFFFFFFFFFF57
:10695000FFFFFFFFFFFFDFF7FFFFFFFF998D7523AD
:10696000F8233734173C163C163C363C573C373C32
:10697000F73B3744173C3844373C383C593CF72BFD
:10698000B52B163C386D3B9EFDC65DDFFFF7FFEF74
:106990001EBF3875B61BB6337A85FCCEFEFFFFFFEF
:1069A000FFFFFFF7F95CD723B61B597DFFFFFFFF01
:1069B000DFFFFFFFFFFFFFFFFFFFFFFFFFFFFFFF07
:1069C000FFFFFFFFFFFFFFFFFFFFFFFFFFFFFFFFD7
:1069D000FFFFFFFFFFFFFFFFFFFFFFFFFFFFFFFFC7
:1069E000FFFFFFFFFFFFFFFFFFFFFFFFFFFFFFFFB7
:1069F000FFFFFFFFFFFFFFFFFFF7597D541BF72B42
:106A0000173C163C173CF63B1744F73BF63B163C4D
:106A1000363C3634363CF633373C37347423F53B5A
:106A2000DA8D7FD7FFFFFFFFFFFFFFFF9EE778852F
:106A3000B533160B98543ED7FFFFFFFFFFFFDEFF75
:106A4000FFFF1875951B573C173495233975FFF7D1
:106A5000FEFFFFFFFFFFFFFFFFFFFFFFFFFFFFFF47
:106A6000FFFFFFFFFFFFFFFFFFFFFFFFFFFFFFFF36
:106A7000FFFFFFFFFFFFFFFFFFFFFFFFFFFFFFFF26
:106A8000FFFFFFFFFFFFFFFFFFFFFFFFFFFFFFFF16
:106A9000FFFFFFFFFFFFFFFFBB8D550BF72B1544DB
:106AA000F63B1734163C163C173CF63BF633173CC6
:106AB000F63B163CD7333744162C541BB8647FE79B
:106AC000FFFFFEFFFFFFFFFFFFFF5C9EF733761B1C
:106AD000551BB764BEFFFFFFDFFFFFFFFFFFFFFF98
:106AE0003C96751B373C353C364437347513BB85B3
:106AF000FEFFFFFFFFFFFFFFFFFFFFFFFFFFFFFFA7
:106B0000FFFFFFFFFFFFFFFFFFFFFFFFFFFFFFFF95
:106B1000FFFFFFFFFFFFFFFFFFFFFFFFFFFFFFFF85
:106B2000FFFFFFFFFFFFFFFFFFFFFFFFFFFFFFFF75
:106B3000FFFFFFFFFFFFBDBE532BD62BF63BD53328
:106B4000F6331734F633F633F633173C173CD633A7
:106B5000173C173C384C962B35137A85FFF7FFF717
:106B6000FFFFDFFFFFFFFFFF9A855423952BB6231E
:106B70005744FFEFFFFFFFFFFFFFDFFFFFFF7EDF59
:106B8000D53BD62B173C373CF63BF63B1734742BE2
:106B90007CAEFFFFFFFFFFFFFFFFFFFFFFFFFFFFD9
:106BA000FFFFFFFFFFFFFFFFFFFFFFFFFFFFFFFFF5
:106BB000FFFFFFFFFFFFFFFFFFFFFFFFFFFFFFFFE5
:106BC000FFFFFFFFFFFFFFFFFFFFFFFFFFFFFFFFD5
:106BD000FFFFFFFFBFF7164C551BB53BF63BD63307
:106BE000D633F733D633D633F63BD633F63BD633EC
:106BF000D633D633B53B7523B98DFFFFFEFFFEFFBD
:106C0000FFF7FFFFFFFFFB9D1313B72BF633542352
:106C1000FDBEFFFFFFFFFFFFFFFFFFFFFFFF596DFF
:106C2000541B163CF733F73BF6331744163C951BC1
:106C30001644BFEFFFFFFFFFFFFFFFFFFFFFFFFF58
:106C4000FFFFFFFFFFFFFFFFFFFFFFFFFFFFFFFF54
:106C5000FFFFFFFFFFFFFFFFFFFFFFFFFFFFFFFF44
:106C6000FFFFFFFFFFFFFFFFFFFFFFFFFFFFFFFF34
:106C7000FFFFFFFFFC9DF31AF733D63B952BD63B66
:106C8000D53BB62BD633D633F63B952BD633D633FE
:106C9000B633D633942B16341FC73EE7FFF7FEFFFB
:106CA000FFFFFEFF5FDF5423961BF73B131319759D
:106CB000FEFFDFFFFFFFFFFFFFFFFFFFFCCE551BC7
:106CC000F72BD53BF733D63BF63BF733F633173488
:106CD0003423FB95FFFFFFFFFFFFFFFFFFFFFFFFD9
:106CE000FFFFFFFFFFFFFFFFFFFFFFFFFFFFFFFFB4
:106CF000FFFFFFFFFFFFFFFFFFFFFFFFFFFFFFFFA4
:106D0000FFFFFFFFFFFFFFFFFFFFFFFFFFFFFFFF93
:106D1000FFFFDFF738445423752BB633B633953372
:106D2000B53BB633D6339533B633B633B633B63315
:106D3000D633B633752B552B9623933B165C7B8548
:106D4000BFF7DFFFD86C141BF83B9523542B3ED7BD
:106D5000FFFFFFFFFFFFFFFFFFFFDFFFF874151BC3
:106D6000F733D633F633B633D533D62BF633D533A4
:106D700075235744DFF7FFFFFEFFFFFFFFFFFFFF15
:106D8000FFFFFFFFFFFFFFFFFFFFFFFFFFFFFFFF13
:106D9000FFFFFFFFFFFFFFFFFFFFFFFFFFFFFFFF03
:106DA000FFFFFFFFFFFFFFFFFFFFFFFFFFFFFFFFF3
:106DB000FFFF5EDF7623752B9533952BB633962B2D
:106DC000962B953B963395339533B633963396335E
:106DD000B633F31AFA7C3BAE531B360B5623B41A68
:106DE000F653FA95B533953396333413D964FFFFD0
:106DF000DFFFFFFFFFFFFFFFFFFF1DD73523962BB0
:106E0000B63BB633D53BB62BD633D633B533D63BAC
:106E1000952BB6231DD7FFFFFFFFFFFFFFFFFFFFEF
:106E2000FFFFFFFFFFFFFFFFFFFFFFFFFFFFFFFF72
:106E3000FFFFFFFFFFFFFFFFFFFFFFFFFFFFFFFF62
:106E4000FFFFFFFFFFFFFFFFFFFFFFFFFFFFFFFF52
:106E5000FFFF7BBEF41A552B95339533752B963374
:106E6000962B75339533B633953395339533B633C7
:106E7000542B34233CD7FFFFFECE752B1513B533AF
:106E8000341B3413752B9533B633131B5DAEFFFFE4
:106E9000FFFFFFFFFFFFDEFFFFFF587DD412D63B51
:106EA000953BB62BB533B633962B9533B633963325
:106EB000B53314135BB6FFF7FFFFFFFFFFFFFFFFC4
:106EC000FFFFFFFFFFFFFFFFFFFFFFFFFFFFFFFFD2
:106ED000FFFFFFFFFFFFFFFFFFFFFFFFFFFFFFFFC2
:106EE000FFFFFFFFFFFFFFFFFFFFFFFFFFFFFFFFB2
:106EF000FFF7F9ADF31A75339533752B953374336A
:106F00009533962B752B752B9533752B95339533C0
:106F1000F31A9954FFFFFFFFFFFFDDCE3423552303
:106F200075337533962B7533751B753B9FEFFFFFDC
:106F3000FFFFFFFFDFFFFFFFDEEFD5335423963364
:106F40009533B52BB62B95339533B633962BB73394
:106F50009533151BB9A5FFF7FFFFFFFFFFFFFFFFED
:106F6000FFFFFFFFFFFFFFFFFFFFFFFFFFFFFFFF31
:106F7000FFFFFFFFFFFFFFFFFFFFFFFFFFFFFFFF21
:106F8000FFFFFFFFFFFFFFFFFFFFFFFFFFFFFFFF11
:106F9000FFF7FAADD31A7533952B742B5533763B27
:106FA000752B742B74337633742B952B7433562BCB
:106FB000B2121CBEFFFFFEF7FFF7DFFFD995B32229
:106FC000932B57337433963B92127964FFF7FDFF8E
:106FD000FFFFFFFFFFFFFFFFFA9DF212962B7533B5
:106FE0007633943395339633953B9433B62BB52B48
:106FF0009533F322D9A5FFF7FFFFFFFFFFFFFFFF48
:10700000FFFFDFFFFFFFFFFFFFFFFFFFFFFFFFFFB0
:10701000FFFFFFFFFFFFFFFFFFFFFFFFFFFFFFFF80
:10702000FFFFFFFFFFFFFFFFFFFFFFFFFFFFFFFF70
:10703000FFFF9CBEB312542B542B542B7533352BAE
:10704000352B9433342B742B552B542B542B141B6E
:107050007433BFEFFFFFFEFFFFFFDFFFBFE77633B5
:107060005423562B95333423931A5CAEFFFFFFFF56
:10707000FFFFDFFFFFFFFFEF7443141BB6335633F0
:107080007533742B9533752B9533542BB62B742B8A
:107090009533D4125BBEFFF7FFFFFFFFFFFFFFFF3B
:1070A000FFFFFFFFFFFFFFFFFFFFFFFFFFFFFFFFF0
:1070B000FFFFFFFFFFFFFFFFFFFFFFFFFFFFFFFFE0
:1070C000FFFFFFFFFFFFFFFFFFFFFFFFFFFFFFFFD0
:1070D000FFFF5EE73523F322352B352B5423352B69
:1070E0003533542B352B532B552B542B752B910AA1
:1070F000D874FFFFFFFFFFFFBFFFFFFFFFF7763BE7
:10710000D31274335533F412D643FFF7DFFFDFFF9A
:10711000FFFFFFFFFFFF597D931275335533552B4A
:10712000752B952B752B74337533762B752B743328
:107130003423562B5DDFFFFFDFFFFFFFFFFFFFFF65
:10714000FFFFFFFFFFFFFFFFFFFFFFFFFFFFFFFF4F
:10715000FFFFFFFFFFFFFFFFFFFFFFFFFFFFFFFF3F
:10716000FFFFFFFFFFFFFFFFFFFFFFFFFFFFFFFF2F
:10717000FFFFFFF7165493121523342B3423542B9F
:107180003433142B552B132B342B352B35239212E0
:107190003BB6FFFFFFFFDFFFFFFFFFFF9FDF153362
:1071A000132333333523510A9BB6FFFFFFFFFFFF45
:1071B000FFFFFFFF1DC7D31A15235533342B742B44
:1071C000552B542B552B5433552B762B342B552BB9
:1071D000D31A1754FFF7FFFFFFFFFFFFFFFFFFFF6B
:1071E000FFFFFFFFFFFFFFFFFFFFFFFFFFFFFFFFAF
:1071F000FFFFFFFFFFFFFFFFFFFFFFFFFFFFFFFF9F
:10720000FFFFFFFFFFFFFFFFFFFFFFFFFFFFFFFF8E
:10721000FFFFFFFF3BAE110A1623332B332B132343
:10722000142B142B132B142B132B3533D41AF32AB2
:107230007EEFFFFFFFFFDFFFFEFFFFFF3CA6721A9E
:107240003323362B3202B774FEFFFFFFFFFFDFFF51
:10725000DFFFFFF7B4439312352B342B542B542B01
:107260003533552B342B342B552B142B3433762BB1
:107270007112FCA5FFFFFFFFFFFFFFFFFFFFFFFFF6
:10728000FFFFFFFFFFFFFFFFFFFFFFFFFFFFFFFF0E
:10729000FFFFFFFFFFFFFFFFFFFFFFFFFFFFFFFFFE
:1072A000FFFFFFFFFFFFFFFFFFFFFFFFFFFFFFFFEE
:1072B000FFFFFFFFFFFFD553310A132B132B132BB7
:1072C000F322F42AF322142BF42A342B120AB77473
:1072D000FFFFDFFFFFFFFFFFFEFFBFF7333B731230
:1072E000542374027443DFEFFFFFFFFFFFFFDFFF54
:1072F000FFFF75643102152B142B332B332B142B0A
:10730000142B152B342B342B342B142B352B7212BE
:10731000D453FFF7FFFFFFFFFFFFFFFFFFFFFFFF5C
:10732000FFFFFFFFFFFFFFFFFFFFFFFFFFFFFFFF6D
:10733000FFFFFFFFFFFFFFFFFFFFFFFFFFFFFFFF5D
:10734000FFFFFFFFFFFFFFFFFFFFFFFFFFFFFFFF4D
:10735000FFFFFFFFFFFFFECE7022B21AD3221433CD
:10736000D3221323142BF322F32AB212B2223FDFCB
:10737000FFFFFFFFFFFFFFFFFFF7776C110A162BE0
:10738000100A53335FE7FFFFDFFFFFFFFFFFDFF769
:10739000566430021523142BF42A1323132B1533B0
:1073A000342B142B342B142B132B342BD41A912263
:1073B000BDC6FFFFFFFFFFFFFFFFFFFFFFFFFFFF58
:1073C000FFFFFFFFFFFFFFFFFFFFFFFFFFFFFFFFCD
:1073D000FFFFFFFFFFFFFFFFFFFFFFFFFFFFFFFFBD
:1073E000FFFFFFFFFFFFFFFFFFFFFFFFFFFFFFFFAD
:1073F000FFFFFFFFFFFFFFFFFCA51102B31AD32A17
:10740000F42AF222D422F322F22A1102597DFFFF3C
:10741000FFFFFEFFDFFFFFFFD7841202B51A110244
:1074200075539FE7FEFFDFFFFEFFFFFFDCD69343B0
:1074300010021523142BD42A14231423F332D32A35
:10744000F422322BF42AF32A132BF41A3202DC9D95
:10745000FFFFFEFFFFFFFFFFFFFFFFFFFFFFFFFF3D
:10746000FFFFFFFFFFFFFFFFFFFFFFFFFFFFFFFF2C
:10747000FFFFFFFFFFFFFFFFFFFFFFFFFFFFFFFF1C
:10748000FFFFFFFFFFFFFFFFFFFFFFFFFFFFFFFF0C
:10749000FFFFFFFFFFFFFFFFFFFF3A95CF099312AA
:1074A000D322B32AB332D422120A744BFFF7FFFF60
:1074B000DFFFFDFFBFF7576CB001D101521AB7844F
:1074C000FFFFFFFFFFFFFFFF5FDFD97C511A320A8A
:1074D000F42AD32AD322F42AD322D32AF32AD2227B
:1074E000F32AF42AF32AF322B31A300A3A8DFFFF63
:1074F000FEFFFFF7FFFFFFFFFFFFFFFFFFFFFFFFA5
:10750000FFFFFFFFFFFFFFFFFFFFFFFFFFFFFFFF8B
:10751000FFFFFFFFFFFFFFFFFFFFFFFFFFFFFFFF7B
:10752000FFFFFFFFFFFFFFFFFFFFFFFFFFFFFFFF6B
:10753000FFFFFFFFFFFFFFFFDFFFFFFFBA9DF0111F
:10754000F209D422D31A721291227FDFFFFFFFFFCC
:10755000FFEFDA9DB4226F011333F8845FE7FFFF7A
:10756000FFFFBFE79DBE9774B222110A721AD32A99
:10757000F322F31AF32AD322D322D422D422D42200
:10758000F42AD3221323530A1112BB9DFFFFFEFFDF
:10759000FFFFFFFFFFFFFFFFFFFFFFFFFFFFFFFFFB
:1075A000FFFFFFFFFFFFFFFFFFFFFFFFFFFFFFFFEB
:1075B000FFFFFFFFFFFFFFFFFFFFFFFFFFFFFFFFDB
:1075C000FFFFFFFFFFFFFFFFFFFFFFFFFFFFFFFFCB
:1075D000FFFFFFFFFFFFFFFFFFFFFEFFFFFF9DC657
:1075E000B22AD10171125122BBA5DFFF9CCE1885B2
:1075F000B44BD22AD34BB9959CBE7FDFDCCE3895F5
:10760000376435331012F1097212D422D322D42AEE
:10761000B422B4229422B422D42AB322B222F32A6E
:10762000D422931AD101F232BDBEFFFFDEFFFFFF6D
:10763000FFFFDFFFFFFFFFFFFFFFFFFFFFFFFFFF7A
:10764000FFFFFFFFFFFFFFFFFFFFFFFFFFFFFFFF4A
:10765000FFFFFFFFFFFFFFFFFFFFFFFFFFFFFFFF3A
:10766000FFFFFFFFFFFFFFFFFFFFFFFFFFFFFFFF2A
:10767000FFFFFFFFDFFFFFFFFFFFFFFFFFFFFEFF3B
:10768000DFE79874F209D101B64312333212D20106
:10769000310A3433944B944BF43A53221212110AA8
:1076A000110A500AD312D222B222B222D31AD41A09
:1076B000B222B22AD22A92229322D422D322521266
:1076C000D009331AB87CBFEFFFFFDEFFFFFFFFFFDB
:1076D000FFFFFFFFFFFFFFFFFFFFFFFFFFFFFFFFBA
:1076E000FFFFFFFFFFFFFFFFFFFFFFFFFFFFFFFFAA
:1076F000FFFFFFFFFFFFFFFFFFFFFFFFFFFFFFFF9A
:10770000FFFFFFFFFFFFFFFFFFFFFFFFFFFFFFFF89
:10771000FFFFFFFFFFFFFFFFFFFFFFF7FFFFFFFF81
:10772000FFFFFFFFDDCE166C6F092F01D101731231
:107730009322321A3312110A72125212D31A721A87
:107740009422922A732273229322732293229322E9
:107750007322B3229222D322931A120A9101512248
:10776000566CDDCEFFFFDFFFDFFFFFFFDEF7FFFF21
:10777000FFFFFFFFFFFFFFFFFFFFFFFFFFFFFFFF19
:10778000FFFFFFFFFFFFFFFFFFFFFFFFFFFFFFFF09
:10779000FFFFFFFFFFFFFFFFFFFFFFFFFFFFFFFFF9
:1077A000FFFFFFFFFFFFFFFFFFFFFFFFFFFFFFFFE9
:1077B000FFFFFFFFFEFFFFFFFFFFFFFFFFFFDFFFFA
:1077C000FFFFFEFFFFFFFFF73ED7D77C333BD00123
:1077D0009101B1013212521A721A721A721AB3223C
:1077E00072229222932A7222932292227122722270
:1077F000521A120AF001B001D1111443D7841DD7D7
:10780000FFFFFFFFFFFFFFFFFFFFDEFFFFFFFFFFA9
:10781000FFFFFEFFFFFFFFFFFFFFFFFFFFFFFFFF79
:10782000FFFFFFFFFFFFFFFFFFFFFFFFFFFFFFFF68
:10783000FFFFFFFFFFFFFFFFFFFFFFFFFFFFFFFF58
:10784000FFFFFFFFFFFFFFFFFFFFFFFFFFFFFFFF48
:10785000FFFFFFFFFFFFFFFFFFFFDFFFFFFFFFFF58
:10786000FFFFFFFFDFFFFFFFFEF7FFFFFFFF7BC60E
:10787000F88C945B922A11128F0190019101910171
:1078800091019101B001D001B0019001B101B001AD
:107890001112D32AB653F97CBCBEFFF7FFFFFFFFDE
:1078A000FFFFFFFFFFFFFFFFFFFFFFFFDFFFFFFF08
:1078B000FFFFFFFFFFFFFFFFFFFFFFFFFFFFFFFFD8
:1078C000FFFFFFFFFFFFFFFFFFFFFFFFFFFFFFFFC8
:1078D000FFFFFFFFFFFFFFFFFFFFFFFFFFFFFFFFB8
:1078E000FFFFFFFFFFFFFFFFFFFFFFFFFFFFFFFFA8
:1078F000FFFFFFFFDFFFFFFFFFFFFFFFFFFFFFFFB8
:10790000FFFFFFFFFFFFFFFFFFFFDFFFDFFFFFFFC7
:10791000FFFFFFFF9EF77CC6DAAD388D987C576C71
:10792000F55BD64B9553D65B376C9774398DDAA5DA
:10793000BCCE9EE7FFFFFFFFDFFFFFFFFFFFFFFF64
:10794000FFFFFFFFFFFFFFFFFFFFFFFFFFFFFFFF47
:10795000FFFFFFFFFFFFFFFFFFFFFFFFFFFFFFFF37
:10796000FFFFFFFFFFFFFFFFFFFFFFFFFFFFFFFF27
:10797000FFFFFFFFFFFFFFFFFFFFFFFFFFFFFFFF17
:10798000FFFFFFFFFFFFFFFFFFFFFFFFFFFFFFFF07
:10799000FFFFFFFFFFFFFFFFFFFFFFFFFFFFFFFFF7
:1079A000FFFFFFFFFFFFFFFFFFFFFFFFFFFFFFFFE7
:1079B000FFFFFFFFFFFFFFFFFFFFFFFFFFFFFFFFD7
:1079C000FFFFFFFFFFFFFFFFFFFFFFFFFFFFFFFFC7
:1079D000FFFFFFFFFFFFFFFFFFFFFFFFFFFFFFFFB7
:1079E000FFFFFFFFFFFFFFFFFFFFFFFFFFFFFFFFA7
:1079F000FFFFFFFFFFFFFFFFFFFFFFFFFFFFFFFF97
:107A0000FFFFFFFFFFFFFFFFFFFFFFFFFFFFFFFF86
:107A1000FFFFFFFFFFFFFFFFFFFFFFFFFFFFFFFF76
:107A2000FFFFFFFFFFFFFFFFFFFFFFFFFFFFFFFF66
:107A3000FFFFFFFFFFFFFFFFFFFFFFFFFFFFFFFF56
:107A4000FFFFFFFFFFFFFFFFFFFFFFFFFFFFFFFF46
:107A5000FFFFFFFFFFFFFFFFFFFFFFFFFFFFFFFF36
:107A6000FFFFFFFFFFFFFFFFFFFFFFFFFFFFFFFF26
:107A7000FFFFFFFFFFFFFFFFFFFFFFFFFFFFFFFF16
:107A8000FFFFFFFFFFFFFFFFFFFFFFFFFFFFFFFF06
:107A9000FFFFFFFFFFFFFFFFFFFFFFFFFFFFFFFFF6
:107AA000FFFFFFFFFFFFFFFFFFFFFFFFFFFFFFFFE6
:107AB000FFFFFFFFFFFFFFFFFFFFFFFFFFFFFFFFD6
:107AC000FFFFFFFFFFFFFFFFFFFFFFFFFFFFFFFFC6
:107AD000FFFFFFFFFFFFFFFFFFFFFFFFFFFFFFFFB6
:107AE000FFFFFFFFFFFFFFFFFFFFFFFFFFFFFFFFA6
:107AF000FFFFFFFFFFFFFFFFFFFFFFFFFFFFFFFF96
:107B0000FFFFFFFFFFFFFFFFFFFFFFFFFFFFFFFF85
:107B1000FFFFFFFFFFFFFFFFFFFFFFFFFFFFFFFF75
:107B2000FFFFFFFFFFFFFFFFFFFFFFFFFFFFFFFF65
:107B3000FFFFFFFFFFFFFFFFFFFFFFFFFFFFFFFF55
:107B4000FFFFFFFFFFFFFFFFFFFFFFFFFFFFFFFF45
:107B5000FFFFFFFFFFFFFFFFFFFFFFFFFFFFFFFF35
:107B6000FFFFFFFFFFFFFFFFFFFFFFFFFFFFFFFF25
:107B7000FFFFFFFFFFFFFFFFFFFFFFFFFFFFFFFF15
:107B8000FFFFFFFFFFFFFFFFFFFFFFFFFFFFFFFF05
:107B9000FFFFFFFFFFFFFFFFFFFFFFFFFFFFFFFFF5
:107BA000FFFFFFFFFFFFFFFFFFFFFFFFFFFFFFFFE5
:107BB000FFFFFFFFFFFFFFFFFFFFFFFFFFFFFFFFD5
:107BC000FFFFFFFFFFFFFFFFFFFFFFFFFFFFFFFFC5
:107BD000FFFFFFFFFFFFFFFFFFFFFFFFFFFFFFFFB5
:107BE000FFFFFFFFFFFFFFFFFFFFFFFFFFFFFFFFA5
:107BF000FFFFFFFFFFFFFFFFFFFFFFFFFFFFFFFF95
:107C0000FFFFFFFFFFFFFFFFFFFFFFFFFFFFFFFF84
:107C1000FFFFFFFFFFFFFFFFFFFFFFFFFFFFFFFF74
:107C2000FFFFFFFFFFFFFFFFFFFFFFFFFFFFFFFF64
:107C3000FFFFFFFFFFFFFFFFFFFFFFFFFFFFFFFF54
:107C4000FFFFFFFFFFFFFFFFFFFFFFFFFFFFFFFF44
:107C5000FFFFFFFFFFFFFFFFFFFFFFFFFFFFFFFF34
:107C6000FFFFFFFFFFFFFFFFFFFFFFFFFFFFFFFF24
:107C7000FFFFFFFFFFFFFFFFFFFFFFFFFFFFFFFF14
:107C8000FFFFFFFFFFFFFFFFFFFFFFFFFFFFFFFF04
:107C9000FFFFFFFFFFFFFFFFFFFFFFFFFFFFFFFFF4
:107CA000FFFFFFFFFFFFFFFFFFFFFFFFFFFFFFFFE4
:107CB000FFFFFFFFFFFFFFFFFFFFFFFFFFFFFFFFD4
:107CC000FFFFFFFFFFFFFFFFFFFFFFFFFFFFFFFFC4
:107CD000FFFFFFFFFFFFFFFFFFFFFFFFFFFFFFFFB4
:107CE000FFFFFFFFFFFFFFFFFFFFFFFFFFFFFFFFA4
:107CF000FFFFFFFFFFFFFFFFFFFFFFFFFFFFFFFF94
:107D0000FFFFFFFFFFFFFFFFFFFFFFFFFFFFFFFF83
:107D1000FFFFFFFFFFFFFFFFFFFFFFFFFFFFFFFF73
:107D2000FFFFFFFFFFFFFFFFFFFFFFFFFFFFFFFF63
:107D3000FFFFFFFFFFFFFFFFFFFFFFFFFFFFFFFF53
:107D4000FFFFFFFFFFFFFFFFFFFFFFFFFFFFFFFF43
:107D5000FFFFFFFFFFFFFFFFFFFFFFFFFFFFFFFF33
:107D6000FFFFFFFFFFFFFFFFFFFFFFFFFFFFFFFF23
:107D7000FFFFFFFFFFFFFFFFFFFFFFFFFFFFFFFF13
:107D8000FFFFFFFFFFFFFFFFFFFFFFFFFFFFFFFF03
:107D9000FFFFFFFFFFFFFFFFFFFFFFFFFFFFFFFFF3
:107DA000FFFFFFFFFFFFFFFFFFFFFFFFFFFFFFFFE3
:107DB000FFFFFFFFFFFFFFFFFFFFFFFFFFFFFFFFD3
:107DC000FFFFFFFFFFFFFFFFFFFFFFFFFFFFFFFFC3
:107DD000FFFFFFFFFFFFFFFFFFFFFFFFFFFFFFFFB3
:107DE000FFFFFFFFFFFFFFFFFFFFFFFFFFFFFFFFA3
:107DF000FFFFFFFFFFFFFFFFFFFFFFFFFFFFFFFF93
:107E0000FFFFFFFFFFFFFFFFFFFFFFFFFFFFFFFF82
:107E1000FFFFFFFFFFFFFFFFFFFFFFFFFFFFFFFF72
:107E2000FFFFFFFFFFFFFFFFFFFFFFFFFFFFFFFF62
:107E3000FFFFFFFFFFFFFFFFFFFFFFFFFFFFFFFF52
:107E4000FFFFFFFFFFFFFFFFFFFFFFFFFFFFFFFF42
:107E5000FFFFFFFFFFFFFFFFFFFFFFFFFFFFFFFF32
:107E6000FFFFFFFFFFFFFFFFFFFFFFFFFFFFFFFF22
:107E7000FFFFFFFFFFFFFFFFDEFFFFFFFEFFFFFF34
:107E8000FFFFDFFFFEFFFFFFFFFFDFFFFFF7FFFF4B
:107E9000DFFFFEF7FEFFFEFFDEFFFFFFFFFFFEFF3F
:107EA000FEF7FFFFFFFFBEFFFFFFFFF7FEFFDFFF55
:107EB000FEFFFFFFFFFFFFFFFFFFFFFFFFFFFFFFD3
:107EC000DEFFFFF7FFFFDFFFFFFFFFFFFFFFFFFF0B
:107ED000DFFFFFFFFFFFFEFFFFFFFFF7FEFFFFFFDC
:107EE000FFFFFFFFDFFFFDFFFFF7FEFFDFFFFFFFED
:107EF000DEFFFFFFFFFFFEFFFEFFFFFFDFFFDFFFF5
:107F0000FFFFFEF7FFFFFFFFFEFFDFFFFFFFFEFFAC
:107F1000FFFFFFFF5EDF9864F7533854374CB843D8
:107F200098647BCE174CDC9DDFFFFFF7DFFFDDB6EB
:107F300098431AAEFFFFDFFFFFFF5A7D974B9EBEAF
:107F4000FFF7FFFFFFF7FFFFFFFFFFF7FFFFFFFF59
:107F50005DDFB96C975C1654385C1754F5537DA6F9
:107F6000FFFF9C9D585CBEF7FFF7F87CF84B184C60
:107F7000165CD75396439CC67FDF576CF853F84B7B
:107F8000F853385C7FD7BDBE1754FDD6FFFFFEFF08
:107F9000FFFFFFFFFFFFFFF71A6DD84BFEC6FFFF85
:107FA000FFFF7FE7175CFA74DFFFFFFFFFFF9FEF24
:107FB000D64B1985752BB31A7B8D3A95598D5B8DF0
:107FC000BB959FE7F64BB401FDCEFEFFDEF7B41A7A
:107FD000541A5FDFDFFFFFFFFDDE53029301185CE1
:107FE000FFFFFEFFDFFFDFFFDFFFFFFFFEFFFFFF03
:107FF000DDCED401973B7A8D7A859B8D1754130281
:10800000FDCED874F401DFEF7A851102FA749B8DEE
:10801000BA859A8D5B85BDC6773394227B8D9A8D08
:10802000998D161BB643FA7C12025CB6FFFFFFFF68
:10803000FFFFFFFFFEFFFDC6320A7101986CFFFFD4
:10804000FFFFFFFF1A855201DC95FFFFFFFF365C43
:1080500093019DB69502BA6CFFFFFFFFFFFFFFFF84
:10806000FFFFFFFFDFF7B522362BDEF7D964F20101
:108070003FDFFFF7FFFFFFFF1A7D16131744940A37
:108080001DD7DFFFFEFFFFFFFFFFDFFFFFFFFFFF4B
:108090001DD755027B85FFFFFFFFFFFF9DBED3016C
:1080A0001CB6797DD41A7DE71754F622FFF7FFFF3F
:1080B000FFFFFEFFFFFF5EE79402DA74FFFFFFFFA2
:1080C000DFFF1985D522DA74B50ABDBEDFFFFFFFD9
:1080D000FFFFFEFFFFFF9764F722D74BD6229FE7F3
:1080E000FFFFFFFFFFFFF8633402BFE75DBE9201B1
:1080F000FC9DFFFFF522D7533BBE5CBE5CAE1CAEC1
:10810000DDCEDEFFFFFFDDC67402F54B76027B9508
:10811000FEFFFFF7FFF7FFF7B52259649FD7530221
:108120003A7DFFFF7DE77A95DB95FB9DFA95BB9D38
:108130001CAEB50A397DFFFFFFFFFFFF5AB61402E0
:108140005DBE3A7D940ADFF73A8D1302397D9AA518
:108150005B959A8D1DE7BFEFB202D86CFEFFFFFF63
:10816000FFFFF9743623B86CD4129DC6DFFFFFFF02
:10817000FFFFFFFF7FE794121A851DCFF201DB9509
:10818000FFFFFFFFFEFF9FF7F412973BB522384435
:10819000FEFFFFFF5523562BD5439733B733D52A20
:1081A000D87CFFFFFFFFFFFF7A85D201395CFFFF1C
:1081B000FFFFFFFFFFFF1BB61202BDC6FFF7174C04
:1081C000F72AFFFF3ED7B64BB73BF84BD843D853FF
:1081D0005B8D161B5A7DDFFFFEFFFFFF3CA63502BD
:1081E0007CBE397DB4127EE7FFF73975F643F64B56
:1081F0003854762BF4323BA6762B9964FFF7DEEFEA
:10820000FFFF7864F41A1975B40ABCBEDFFFFFFFE4
:10821000FFFFFFFFBB9514021ED7FFFF762B96339F
:10822000FFFFFEFFFFFFFFFF9BBE3502161BDEEFC9
:10823000FFFFFFFFD50A7864FFF7FFF7DFEFDFFFEF
:10824000DFFFFFFFFEFFFFFFFECE120ABBA5FEFF12
:10825000DFFFFFFFDEFF5964740277649864B63B6A
:1082600015029BBEFFFFDFFFFFFFDEFFFFFFFFFFEB
:10827000FDD6530A3785FFFFFFFFFFFF9CAE1402B8
:108280007BBE398595121ED7FEFFFFFFFFFFFFFF64
:10829000FEFFFDD65602B96C174CD522D743B53B2D
:1082A000B943B51A7B8DFC95740ADDBEFFFFFFFF55
:1082B000FFFFFFFF164C940A7764B974962B950262
:1082C000DECEFFFFFFFFFFFFFFF7152B5854FEFF29
:1082D000BFFFFFFF55025864FFFFFFFFFFFFDFFFF7
:1082E000FFFFFEFFFFFFFEFF9DBE35027C95FEFFF8
:1082F000FFFFFFFF5DE7B612184C197D397D3A8507
:10830000B50A7964FFFFFFFFFEFFFFFFFFFFFFFFDE
:108310001DCF34025A85FFFFDFFFFFFF59AED401A6
:108320001CBE1A8595025EE7DEFFFFFFFFFFFFFF21
:10833000FFFFFFD6320AF964963318547CB67CBE30
:108340001CAEDDC6FFFF7995B401DDC6FEFFFFFF61
:10835000FFFFDDD6950A784C1A85FA8419855502F7
:10836000D884FFFFFFFFFEFF9FE714233854FFFF71
:10837000FEFFFFFF786C941AF83B1854D74BD64396
:10838000D54B5FDFFFFFFFFF3EB690013B7DFFFF58
:10839000DFFFFFFFF8649209BCCEFFFFDFFFFEFFA7
:1083A0007864B3011DD7FFFFFFFFFFFFFFFFFFFF53
:1083B000BEC6330A3623375416445854F7221533B1
:1083C0007FDFB86C12021EC7D87CB7435744574CA6
:1083D000185C753314231BA6951A385CFEFFFFFF4B
:1083E000FFFFFFFFFFFFBDC6B322562B5954553B7D
:1083F000DD9D9974D2011EDFFFFFFFFFFEF7F74BF3
:1084000013029FE7FFFFFFFF7DE77312983BFFF723
:10841000FFFFFFFFFFF73BA67A8D5B955B953B85E2
:108420009A9D9EEFFFFFFFFF7FE77A953ECFDFFF2C
:10843000DFFFFFFF5BAEBC9DFFF7FFFFFFFFFEFF0F
:108440003ED75A9D1DDFFFFFFFFFFFFFFEFFFEFF30
:10845000BFEFFCA5FB9D5A8D998D398D9B9D5DDFEE
:10846000FFFF7BC6FDA59EE7FAAD1A8D798D7A8D4B
:108470003B8D7C855ED7FFFFBAA59BBEFFFFFFFF4C
:10848000FEFFDFFFBEFFFFFF3FD779957A8D5B8D43
:108490005CB65CAE3CB6FFFFFFFFFFFFFFFFDFC631
:1084A0009C955CE7FFFFFFFFDEFFDB9D7EB6FFFFD5
:1084B000FFFFFFFFDFFFFFFFFFF7FFFFFFFFFFF7FC
:1084C000FFFFFFFFFFFFFFFFFFFFFFFFFFFFDEFFDD
:1084D000FFFFFFFFDFFFFFFFFFFFFEFFFFFFDEFFEE
:1084E000FFFFFFFFFFFFFFFFFFFFFFFFFFFFFFFF9C
:1084F000FFFFFFFFDFFFFFFFDEFFFFFFFFFFFFFFCD
:10850000FEFFFFFFFFFFFEFFFFFFFFFFFEFFFFFF7E
:10851000FFFFFFF7FEFFFFFFFFFFFFFFFFFFFFFF74
:10852000FFFFFFFFDFFFFFFFDFFFFFFFFFF7FFFFA3
:10853000FFFFFFFFDEFFFFFFFFFFFFFFFFFFFFFF6C
:10854000FFFFFFFFFEFFFFFFFFFFFFFFFFFFFEFF3D
:10855000FFFFFEFFDFFFFFFFFFFFFFFFFEFFFEFF4E
:10856000FFFFFEFFFFFFFFFFFFFFFFFFDFFFDFFF5C
:10857000FFFFFFFFDFFFFFFFDEFFFFFFFFFFFFFF4C
:10858000FFFFFFFFFFFFFFFFFFFFFFFFFFFFFFFFFB
:10859000DFFFDFFFFFFFFFFFFFFFFFFFFFFFFFFF2B
:1085A000FFFFFFFFFFFFFFFFFFFFFFFFFFFFDFFFFB
:1085B000DFFFFFFFFFFFFFFFDFFFDFFFFFFFFEFF2C
:1085C000FFFFFFFFFFFFFFFFFFFFFFFFFFFFFFFFBB
:1085D000FFFFDFFFFEFFFFFFFFFFFFFFFFFFFEF7D5
:1085E000FEFFFFFFFFFFFFFFFFFFFFFFFFFFFFFF9C
:1085F000FFFFFFFFFFFFDFFFFFFFFFFFFFFFFFFFAB
:10860000DEFFFFFFFFFFFFFFFFFFFFFFFFFFFFFF9B
:10861000FFFFFFFFFFFFFFFFFFFFFFFFDFFFFFFF8A
:10862000FFFFFFFFFFFFFFFFFFFFFFFFFFFFFFFF5A
:10863000FFFFFFFFFFFFFFFFFFFFFFFFFFFFFFFF4A
:10864000FFFFFFFFFFFFFEFFFEFFFFFFFFF7FFFF44
:10865000FFFFFFF7FFFFFFFFFFFFFFFFFFFFFFFF32
:10866000FFFFFFFFFFFFFFFFFFFFFFFFFFFFDFFF3A
:10867000FFFFFFFFFFF7FFFFFFFFFFFFFFFFFFFF12
:10868000FFFFDFFFFFFFFFFFFFFFFFFFFFFFFFFF1A
:10869000FFFFFFFFFFFFFFFFFFFFFFFFFEFFFFFFEB
:1086A000FFFFFFFFFFFFFFFFFFFFFFFFFFFFFFFFDA
:1086B000FFFFFFFFFFFFDFFFFFFFFFFFFFFFFEFFEB
:1086C000FEFFFEFFFFFFFFFFFFFFFFFFFFFFFFFFBC
:1086D000FFFFFFFFFEFFDFFFFFFFFEFFFFFFFFFFCC
:1086E000FEFFFFFFBFFFDFFFDFFFFFFFFFF7FFFF23
:1086F000FFFFFFFFFFFFFEFFFFFFFFFFFFFFFFFF8B
:10870000BFFFFFFFDFFFFFFFFFFFFFFFFFFFFFFFD9
:10871000FFFFFFFFFFF7FFFFFFFFFFFFFFFFFFFF71
:10872000FFFFFFFFFFFFFFFFFFFFFFFFFFFFFFFF59
:10873000FFFFFFFFFFFFFFFFFFFFFFFFFFFFFFFF49
:10874000FFFFFFFFFFFFFFFFFFFFFEFFFFFFFFFF3A
:10875000FFFFFFFFFFFFDFFFFFFFDFFFFFFFFFF771
:10876000FFFFFFFFFEFFFFF7BFEFFFFFDFFFDFFFB2
:10877000DFFFFFFFFFFFFFFFFFFF7ED7FCD65FEFAE
:10878000FFF71EDF5EE7DFEF7EEFDDD6BFF7FEFF10
:10879000DFFFFFFFFFFFFFEF9EEFFFFFDFF79FFF12
:1087A000FFFFDFFFDFF7FFFFFFFFFFFFFEFFFFFF22
:1087B000FFFFFFF7FEFFFFFFFFFFFFFFFFFFDFFFF2
:1087C000DFFFFFFFFFFFFFFFFFFFFFFFFFFFFFFFD9
:1087D000FFFFFFFFFEFFFFFFFFFFFFFFFFFFFFFFAA
:1087E000FFFFFFFFFFFFDFFFFFFFFFFFFFFFFFFFB9
:1087F000DEFFFFFFFFFFFFFFFFFFFFFFDFF7F9A532
:10880000FBADDB9D3CAE585CB63B1C9E1BA6FC9DA5
:108810001BA6BEDFFFFFDFFFDDFF5CAE3A855774AE
:10882000B7437A85FB7CB53BD96C1A85FDD6FFFF33
:10883000FFF7FEFF3FDF57543A8DFB9D785CFCA5A8
:108840007BA6174CB64BBDBE1ED7FFFFDEFFFFFF5A
:10885000FEFFFFFFFFFFFFFFFFFFFFFFFFF7FFFF31
:10886000FFFFFFFFFFFFDFFFFFFFFFFFFFFFFFFF38
:10887000FFFFFFFFFFFFFFFFFFFFFFFFFFFFFFFF08
:10888000FFFFFFFFFFFFFFFFFFFFFFFFFFFFFFFFF8
:10889000FFFFFFFFFFFFFFFFDFFFFEFFFFFF1BBE2E
:1088A0001B96986C740ADDB57CCE362B5833DA9D56
:1088B000DBA5BDEFFFFFFFF7FFF7DFFFFEFF7985C9
:1088C0009412FFFF7DE755029AAEFFFFFFFFDFFF27
:1088D000FFFFFFFFBCCEBB951CAE9733F643D86CB1
:1088E000F63B595C1CA6F4221A75FFFFFFFFDFFF61
:1088F000DFFFFFFFFFFFFFFFFFFFFFFFFFFFFFFFA8
:10890000FFFFFFFFFFFFFFFFFFFFFFFFFFFFFFFF77
:10891000FFFFFFFFFFFFFFFFFFFFFFFFFFFFFFFF67
:10892000FFFFFFFFFFFFFFFFFFFFFFFFFFFFFFFF57
:10893000FFFFFFFFFFFFFFFFFFFFFFFFFFFF1FCF57
:1089400038545A8D952BFEF7FFFF575CDA64986C0C
:108950009995FFFFFFFFBEFFFFFF597DBA8D1CAE4B
:10896000352BFEFF7EF7F62A9CC61A85BC95FFFFC5
:10897000FEFFFFFF9FE7F774FBB5BCA53A5C7A8565
:108980009BAD7A9D9DBEB63B7B8DFFFFFFF7FEFF43
:10899000FFFFFFFFFFFFFFFFFFFFFFFFFFFFFFFFE7
:1089A000FFFFFFFFFFFFFFFFFFFFFFFFFFFFFFFFD7
:1089B000FFFFFFFFFFFFFFFFFFFFFFFFFFFFFFFFC7
:1089C000FFFFFFFFFFFFFFFFFFFFFFFFFFFFFFFFB7
:1089D000FFFFFFFFFFFFFFFFFFFFFFFFDFFF1BAEFC
:1089E00035337B9576237EEFFDFF3854D95C364CCA
:1089F000595CDFFFFFFFFFFFFFFF7B8DB6221B7D72
:108A00009533FFFFBEDF583B3A8575123AA6DFFF6C
:108A1000DFFFFFFF9CC6F522BCB63A8D56547A8D17
:108A2000FFFF5CBE941A552B5DB6DFFFFFFFFFFF13
:108A3000DFFFFFFFFFFFFFFFFFFFFFFFFFFFFFFF66
:108A4000FFFFFFFFFFFFFFFFFFFFFFFFFFFFFFFF36
:108A5000FFFFFFFFFFFFFFFFFFFFFFFFFFFFFFFF26
:108A6000FFFFFFFFFFFFFFFFFFFFFFFFFFFFFFFF16
:108A7000FFFFFFFFFEFFFFFFFFFFFFFFFFFFBB95B5
:108A8000B7431CAE162B9FF7FFFFF953B96C986CD8
:108A90001854FFFFDFFFFFFFFFFFFFF73433B5126E
:108AA000D743FFFF9EE7973BD512B843DFF7FFFFA1
:108AB000FFFFFEFFDFFFF63BDA8DB843F64B7B8D01
:108AC000DB95FFF7384C762BFFFFFFFFFFFFFFFF23
:108AD000FFFFFFFFFFFFFFFFFFFFFFFFFFFFFFFFA6
:108AE000FFFFFFFFFFFFFFFFFFFFFFFFFFFFFFFF96
:108AF000FFFFFFFFFFFFFFFFFFFFFFFFFFFFFFFF86
:108B0000FFFFFFFFFFFFFFFFFFFFFFFFFFFFFFFF75
:108B1000FFFFFFFFFFFFFFFFFFFFFEFFFFFF976469
:108B2000953B7CBE161B7DE7FFFF375CFA7CF87433
:108B3000142BFFF7FFFFFEFFFFFFFFFF9A95530A7D
:108B4000D733FEFF9FF7772B9212FAA5FFFFFFF7AF
:108B5000FFFFFFF7BFFFD743BC9D7A85D8533B7D0E
:108B6000175CBFF7B964371BFFFFFFFFFFFFFFFF75
:108B7000FFF7DFFFFFFFFFFFFFFFFFFFFFFFFFFF2D
:108B8000FFFFFFFFFFFFFFFFFFFFFFFFFFFFFFFFF5
:108B9000FFFFFFFFFFFFFFFFFFFFFFFFFFFFFFFFE5
:108BA000FFFFFFFFFFFFFFFFFFFFFFFFFFFFFFFFD5
:108BB000FFFFFFFFFFFFDEFFFFFFFFFFFFFFFAA545
:108BC0007CA61A7D5533FFFFFFFF374C97641DBF0E
:108BD0005B8DFFFFDFFFFFFFFDFFFFFFFFEF9C95BA
:108BE000F51AFFFFFFF7941A7CBEFFF7FFFFBEFFE9
:108BF000BEFFFFFF9FFF3844B974DCA5DA74D6537B
:108C00009A9D5BAE983BB3123CB6FFFFDFFFDFFFE0
:108C1000DFFFFFFFFFFFFFFFFFFFFFFFFFFFFFFF84
:108C2000FFFFFFFFFFFFFFFFFFFFFFFFFFFFFFFF54
:108C3000FFFFFFFFFFFFFFFFFFFFFFFFFFFFFFFF44
:108C4000FFFFFFFFFFFFFFFFFFFFFFFFFFFFFFFF34
:108C5000FFFFFFFFFFFFFFFFDFF7FFF7FFFFFFFF54
:108C6000FFF7F422BB9DBFFF3995562B986CFFFF91
:108C7000FFFFDFFFFFF7FEF7FEF79B957B7D976C0D
:108C800036235A8D1A85381BD97C597DFCA5FFFFE8
:108C9000FFFFFFFFDFF7364CB9749A7DD864FA7492
:108CA000BA959633B67CBC8DB54BDFFFFEFFFFF760
:108CB000DFFFFFFFFFFFFFFFFFFFFFFFFFFFFFFFE4
:108CC000FFFFFFFFFFFFFFFFFFFFFFFFFFFFFFFFB4
:108CD000FFFFFFFF5081588160816881708100062D
:108CE000101600061016000000000000000001022F
:108CF0000304060708090000000001020304000045
:108D00000000000000000000000000000000000063
:108D10000000000000000000000000000000000053
:108D20000000000000000000000000000000000043
:108D30000000000000000000000000000000000033
:108D40000000000000000000000000000000000023
:108D50000000000000000000000000000000000013
:108D60000000000000000000000000000000000003
:108D700000000000000000000000000000000000F3
:108D800000000000000000000000000000000000E3
:108D9000000000000000E959E959E959E959E95989
:108DA0000000000000000000000000000000E95981
:108DB000E959E959E959EA590000000000000000AA
:108DC00000000000EA59E959E959E959E959000058
:108DD000000000000000000000000000E959E9590F
:108DE000E959E959CA5100000000000000000000E4
:108DF0000000000000000000000000000000000073
:108E00000000000000000000000000000000000062
:108E1000000000000000E951E959E959E959E95910
:108E20000000000000000000000000000000E95900
:108E3000E959E959E959C951000000000000000052
:108E400000000000C959E959E959E959E9590000F8
:108E5000000000000000000000000000E959E9598E
:108E6000E959E959E959000000000000000000003C
:108E700000000000000000000000000000000000F2
:108E800000000000000000000000000000000000E2
:108E9000000000000000E951E959E959E959E95990
:108EA0000000000000000000000000000000E95980
:108EB000E959E959E959C9510000000000000000D2
:108EC00000000000C959E959E959E959E959000078
:108ED000000000000000000000000000E959E9590E
:108EE000E959E959E95900000000000000000000BC
:108EF0000000000000000000000000000000000072
:108F00000000000000000000000000000000000061
:108F1000000000000000E951E959E959E959E9590F
:108F20000000000000000000000000000000E959FF
:108F3000E959E959E959C951000000000000000051
:108F400000000000C959E959E959E959E9590000F7
:108F5000000000000000000000000000E959E9598D
:108F6000E959E959E959000000000000000000003B
:108F700000000000000000000000000000000000F1
:108F800000000000000000000000000000000000E1
:108F9000000000000000E951E959E959E959E9598F
:108FA0000000000000000000000000000000E9597F
:108FB000E959E959E959C9510000000000000000D1
:108FC00000000000C959E959E959E959E959000077
:108FD000000000000000000000000000E959E9590D
:108FE000E959E959E95900000000000000000000BB
:108FF0000000000000000000000000000000000071
:109000000000000000000000000000000000000060
:10901000000000000000E951E959E959E959E9590E
:109020000000000000000000000000000000E959FE
:10903000E959E959E959C951000000000000000050
:1090400000000000C959E959E959E959E9590000F6
:10905000000000000000000000000000E959E9598C
:10906000E959E959E959000000000000000000003A
:1090700000000000000000000000000000000000F0
:1090800000000000000000000000000000000000E0
:10909000000000000000E951E959E959E959E9598E
:1090A0000000000000000000000000000000E9597E
:1090B000E959E959E959C9510000000000000000D0
:1090C00000000000C959E959E959E959E959000076
:1090D000000000000000000000000000E959E9590C
:1090E000E959E959E95900000000000000000000BA
:1090F0000000000000000000000000000000000070
:10910000000000000000000000000000000000005F
:10911000000000000000E951E959E959E959E9590D
:109120000000000000000000000000000000E959FD
:10913000E959E959E959C95100000000000000004F
:1091400000000000C959E959E959E959E9590000F5
:10915000000000000000000000000000E959E9598B
:10916000E959E959E9590000000000000000000039
:1091700000000000000000000000000000000000EF
:10918000E959E959E959E959E959E959E959E959CF
:10919000E959E959E959E959E959E959E959E959BF
:1091A000E959E959E959E959E959E959E959E959AF
:1091B000E959E959E959E959E959E959E959E9599F
:1091C000E959E959E959E959E959E959E959E9598F
:1091D000E959E959E959E959E959E959E959E9597F
:1091E000E959E959E959E959E959E959E959E9596F
:1091F000E959E959E959E959E959E95900000000E3
:10920000E959E959E959E959E959E959E959E9594E
:10921000E959E959E959E959E959E959E959E9593E
:10922000E959E959E959E959E959E959E959E9592E
:10923000E959E959E959E959E959E959E959E9591E
:10924000E959E959E959E959E959E959E959E9590E
:10925000E959E959E959E959E959E959E959E959FE
:10926000E959E959E959E959E959E959E959E959EE
:10927000E959E959E959E959E959E9590000000062
:10928000E959E959E959E959E959E959E959E959CE
:10929000E959E959E959E959E959E959E959E959BE
:1092A000E959E959E959E959E959E959E959E959AE
:1092B000E959E959E959E959E959E959E959E9599E
:1092C000E959E959E959E959E959E959E959E9598E
:1092D000E959E959E959E959E959E959E959E9597E
:1092E000E959E959E959E959E959E959E959E9596E
:1092F000E959E959E959E959E959E95900000000E2
:10930000E959E959E959E959AB8AAA8AAA8AAA8A84
:10931000AA8AAA8AAA8A8A8AE959E959E9598A82CB
:10932000AA8AAA8AAA8A8B8AAA8AAA8AAA8A8A82E4
:10933000E959E959E9598A8AAA8AAA8AAA8AAA8A83
:10934000AA8AAA8A8A8AE959E959E9598A82AA8A9B
:10935000AA8AAA8AAA8AAA8AAA8AAA8A8A82E95987
:10936000E959E9598A8AAA8AAA8AAA8A8B8AAA8A80
:10937000AA8AAA8AE959E959E959E959000000007D
:10938000E959E959E959E9596EFC6EFC6EFC6EFC2D
:109390006EFC6EFC6EFC2DF4E959E959E959AB926B
:1093A0006EFC6EFC6EFC6EFC6EFC6EFC6EFCAB8AA2
:1093B000E959E959E9592EF46EFC6EFC6EFC6EFC1D
:1093C0006EFC6EFC2EFCE959E959E959AB8A6EFC3A
:1093D0006EFC6EFC6EFC6EFC6EFC6EFCAB92E95992
:1093E000E959E9592DF46EFC6EFC6EFC6EFC6EFCC6
:1093F0006EFC6EFCE959E959E959E9590000000091
:10940000E959E959E959E9596EFC6EFC6EFC6EFCAC
:109410006EFC6EFC6EFC2DF4E959E959E959AB92EA
:109420006EFC6EFC6EFC6EFC6EFC6EFC6EFCAB8A21
:10943000E959E959E9592EF46EFC6EFC6EFC6EFC9C
:109440006EFC6EFC2EFCE959E959E959AB8A6EFCB9
:109450006EFC6EFC6EFC6EFC6EFC6EFCAB92E95911
:10946000E959E9592DF46EFC6EFC6EFC6EFC6EFC45
:109470006EFC6EFCE959E959E959E9590000000010
:10948000E959E959E959E9596EFC6EFC6EFC6EFC2C
:109490006EFC6EFC6EFC2DF4E959E959E959AB926A
:1094A0006EFC6EFC6EFC6EFC6EFC6EFC6EFCAB8AA1
:1094B000E959E959E9592EF46EFC6EFC6EFC6EFC1C
:1094C0006EFC6EFC2EFCE959E959E959AB8A6EFC39
:1094D0006EFC6EFC6EFC6EFC6EFC6EFCAB92E95991
:1094E000E959E9592DF46EFC6EFC6EFC6EFC6EFCC5
:1094F0006EFC6EFCE959E959E959E9590000000090
:10950000E959E959E959E959ACEB0CFC0CFC0CFCA4
:109510000CFC0CFC0CFCECFB498A498A498A0ABB0E
:109520000CFC0CFC0CFC0CFC0CFC0CFC0CFCEABA5F
:10953000498A498A498A0CFC0CFC0CFC0CFC0CFC8A
:109540000CFC0CFCECFB498A498A498AEABA0CFCFF
:109550000CFC0CFC0CFC0CFC0CFC0CFC0ABB498A43
:10956000498A498AECFB0CFC0CFC0CFC0CFC0CFC46
:109570000CFC0CFCE959E959E959E95900000000D3
:10958000E959E959E959E95949FB49FB49FB49FBC3
:1095900049FB49FB49FB49FB49FB49FB49FB49FBAB
:1095A00049FB49FB49FB49FB49FB49FB49FB49FB9B
:1095B00049FB49FB49FB49FB49FB49FB49FB49FB8B
:1095C00049FB49FB49FB49FB49FB49FB49FB49FB7B
:1095D00049FB49FB49FB49FB49FB49FB49FB49FB6B
:1095E00049FB49FB49FB49FB49FB49FB49FB49FB5B
:1095F00049FB49FBE959E959E959E95900000000DB
:10960000E959E959E959E95949FB49FB49FB49FB42
:1096100049FB49FB49FB49FB49FB49FB49FB49FB2A
:1096200049FB49FB49FB49FB49FB49FB49FB49FB1A
:1096300049FB49FB49FB49FB49FB49FB49FB49FB0A
:1096400049FB49FB49FB49FB49FB49FB49FB49FBFA
:1096500049FB49FB49FB49FB49FB49FB49FB49FBEA
:1096600049FB49FB49FB49FB49FB49FB49FB49FBDA
:1096700049FB49FBE959E959E959E959000000005A
:10968000E959E959E959E95949FB49FB49FB49FBC2
:1096900049FB49FB49FB49FB49FB49FB49FB49FBAA
:1096A00049FB49FB49FB49FB49FB49FB49FB49FB9A
:1096B00049FB49FB49FB49FB49FB49FB49FB49FB8A
:1096C00049FB49FB49FB49FB49FB49FB49FB49FB7A
:1096D00049FB49FB49FB49FB49FB49FB49FB49FB6A
:1096E00049FB49FB49FB49FB49FB49FB49FB49FB5A
:1096F00049FB49FBE959E959E959E95900000000DA
:10970000E959E959E959E95949FB49FB49FB49FB41
:1097100049FB49FB49FB49FB49FB49FB49FB49FB29
:1097200049FB49FB49FB49FB49FB49FB49FB49FB19
:1097300049FB49FB49FB49FB49FB49FB49FB49FB09
:1097400049FB49FB49FB49FB49FB49FB49FB49FBF9
:1097500049FB49FB49FB49FB49FB49FB49FB49FBE9
:1097600049FB49FB49FB49FB49FB49FB49FB49FBD9
:1097700049FB49FBE959E959E959E9590000000059
:10978000C959E959E959E95949FB49FB49FB49FBE1
:1097900049FB49FB49FB49FB49FB49FB49FB49FBA9
:1097A00049FB49FB49FB49FB49FB49FB49FB49FB99
:1097B00049FB49FB49FB49FB49FB49FB49FB49FB89
:1097C00049FB49FB49FB49FB49FB49FB49FB49FB79
:1097D00049FB49FB49FB49FB49FB49FB49FB49FB69
:1097E00049FB49FB49FB49FB49FB49FB49FB49FB59
:1097F00049FB49FBE959E959E959E95900000000D9
:10980000C959E959E959E95949FB49FB49FB49FB60
:1098100049FB49FB49FB49FB49FB49FB49FB49FB28
:1098200049FB49FB49FB49FB49FB49FB49FB49FB18
:1098300049FB49FB49FB49FB49FB49FB49FB49FB08
:1098400049FB49FB49FB49FB49FB49FB49FB49FBF8
:1098500049FB49FB49FB49FB49FB49FB49FB49FBE8
:1098600049FB49FB49FB49FB49FB49FB49FB49FBD8
:1098700049FB49FBE959E959E959E9590000000058
:10988000C959E959E959E95949FB49FB49FB49FBE0
:1098900049FB49FB49FB49FB49FB49FB49FB49FBA8
:1098A00049FB49FB49FB49FB49FB49FB49FB49FB98
:1098B00049FB49FB49FB49FB49FB49FB49FB49FB88
:1098C00049FB49FB49FB49FB49FB49FB49FB49FB78
:1098D00049FB49FB49FB49FB49FB49FB49FB49FB68
:1098E00049FB49FB49FB49FB49FB49FB49FB49FB58
:1098F00049FB49FBE959E959E959E95900000000D8
:10990000C959E959E959E959E961096209620962E4
:1099100009620962096209620962096209620962EF
:1099200009620962096209620962096209620962DF
:1099300009620962096209620962096209620962CF
:1099400009620962096209620962096209620962BF
:1099500009620962096209620962096209620962AF
:10996000096209620962096209620962096209629F
:109970000962E961E959E959E959E959000000002A
:10998000C959E959E959E959E959E959E959E959E7
:10999000E959E959E959E959E959E959E959E959B7
:1099A000E959E959E959E959E959E959E959E959A7
:1099B000E959E959E959E959E959E959E959E95997
:1099C000E959E959E959E959E959E959E959E95987
:1099D000E959E959E959E959E959E959E959E95977
:1099E000E959E959E959E959E959E959E959E95967
:1099F000E959E959E959E959E959E95900000000DB
:109A0000C959E959E959E959E959E959E959E95966
:109A1000E959E959E959E959E959E959E959E95936
:109A2000E959E959E959E959E959E959E959E95926
:109A3000E959E959E959E959E959E959E959E95916
:109A4000E959E959E959E959E959E959E959E95906
:109A5000E959E959E959E959E959E959E959E959F6
:109A6000E959E959E959E959E959E959E959E959E6
:109A7000E959E959E959E959E959E959000000005A
:109A8000C959E959E959E959E959E959E959E959E6
:109A9000E959E959E959E959E959E959E959E959B6
:109AA000E959E959E959E959E959E959E959E959A6
:109AB000E959E959E959E959E959E959E959E95996
:109AC000E959E959E959E959E959E959E959E95986
:109AD000E959E959E959E959E959E959E959E95976
:109AE000E959E959E959E959E959E959E959E95966
:109AF000E959E959E959E959E959E95900000000DA
:109B0000C959E959E959E9593DDF3DDF3DDF3DDFFD
:109B10003DDF3DDF3DDF3DDF3DDF3DDF3DDF3DDF65
:109B20003DDF3DDF3DDF3DDF3DDF3DDF3DDF3DDF55
:109B30003DDF3DDF3DDF3DDF3DDF3DDF3DDF3DDF45
:109B40003DDF3DDF3DDF3DDF3DDF3DDF3DDF3DDF35
:109B50003DDF3DDF3DDF3DDF3DDF3DDF3DDF3DDF25
:109B60003DDF3DDF3DDF3DDF3DDF3DDF3DDF3DDF15
:109B70003DDF1CDFE959E959E959E95900000000C6
:109B8000C959E959E959E9599EEF9EEF9EEF9EEFB9
:109B90009EEF9EEF9EEF9EEF9EEF9EEF9EEF9EEF5D
:109BA0009EEF9EEF9EEF9EEF9EEF9EEF9EEF9EEF4D
:109BB0009EEF9EEF9EEF9EEF9EEF9EEF9EEF9EEF3D
:109BC0009EEF9EEF9EEF9EEF9EEF9EEF9EEF9EEF2D
:109BD0009EEF9EEF9EEF9EEF9EEF9EEF9EEF9EEF1D
:109BE0009EEF9EEF9EEF9EEF9EEF9EEF9EEF9EEF0D
:109BF0009EEF9EEFE959E959E959E9590000000043
:109C0000C959E959E959E9599EEF9EEF9EEF9EEF38
:109C10009EEF9EEF9EEF9EEF9EEF9EEF9EEF9EEFDC
:109C20009EEF9EEF9EEF9EEF9EEF9EEF9EEF9EEFCC
:109C30009EEF9EEF9EEF9EEF9EEF9EEF9EEF9EEFBC
:109C40009EEF9EEF9EEF9EEF9EEF9EEF9EEF9EEFAC
:109C50009EEF9EEF9EEF9EEF9EEF9EEF9EEF9EEF9C
:109C60009EEF9EEF9EEF9EEF9EEF9EEF9EEF9EEF8C
:109C70009EEF9EEFE959E959E959E95900000000C2
:109C8000C959E959E959E9599EEF9EEF9EEF9EEFB8
:109C90009EEF9EEF9EEF9EEF9EEF9EEF9EEF9EEF5C
:109CA0009EEF9EEF9EEF9EEF9EEF9EEF9EEF9EEF4C
:109CB0009EEF9EEF9EEF9EEF9EEF9EEF9EEF9EEF3C
:109CC0009EEF9EEF9EEF9EEF9EEF9EEF9EEF9EEF2C
:109CD0009EEF9EEF9EEF9EEF9EEF9EEF9EEF9EEF1C
:109CE0009EEF9EEF9EEF9EEF9EEF9EEF9EEF9EEF0C
:109CF0009EEF9EEFE959E959E959E9590000000042
:109D0000C959E959E959E959FFFFFFFFFFFFFFFF73
:109D1000FFFFFFFFFFFFFFFFFFFFFFFFFFFFFFFF53
:109D2000FFFFFFFFFFFFFFFFFFFFFFFFFFFFD08BE6
:109D3000E959E959E959E959E959E959E959E95913
:109D4000E959E959E959E959E959E9594B62FFFFDC
:109D5000FFFFFFFFFFFFFFFFFFFFFFFFFFFFFFFF13
:109D6000FFFFFFFFFFFFFFFFFFFFFFFFFFFFFFFF03
:109D7000FFFFFFFFE959E959E959E95900000000DF
:109D8000C959E959E959E959FFFFFFFFFFFFFFFFF3
:109D9000FFFFFFFFFFFFFFFFFFFFFFFFFFFFFFFFD3
:109DA000FFFFFFFFFFFFFFFFFFFFFFFFFFFFD08B66
:109DB000E959E959E959E959E959E959E959E95993
:109DC000E959E959E959E959E959E9594B62FFFF5C
:109DD000FFFFFFFFFFFFFFFFFFFFFFFFFFFFFFFF93
:109DE000FFFFFFFFFFFFFFFFFFFFFFFFFFFFFFFF83
:109DF000FFFFFFFFE959E959E959E959000000005F
:109E0000C959E959E959E959FFFFFFFFFFFFFFFF72
:109E1000FFFFFFFFFFFFFFFFFFFFFFFFFFFFFFFF52
:109E2000FFFFFFFFFFFFFFFFFFFFFFFFFFFFD08BE5
:109E3000E959E959E959E959E959E959E959E95912
:109E4000E959E959E959E959E959E9594B62FFFFDB
:109E5000FFFFFFFFFFFFFFFFFFFFFFFFFFFFFFFF12
:109E6000FFFFFFFFFFFFFFFFFFFFFFFFFFFFFFFF02
:109E7000FFFFFFFFE959E959E959E95900000000DE
:109E8000C959E959E959E959FFFFFFFFFFFFFFFFF2
:109E9000FFFFFFFFFFFFFFFFFFFFFFFFFFFFFFFFD2
:109EA000FFFFFFFFFFFFFFFFFFFFFFFFFFFFB4AC60
:109EB000C959C959C9596F83D08BD08BD08BD08BDE
:109EC000D08BD08BD08BD08BD08BD08B1194FFFFCD
:109ED000FFFFFFFFFFFFFFFFFFFFFFFFFFFFFFFF92
:109EE000FFFFFFFFFFFFFFFFFFFFFFFFFFFFFFFF82
:109EF000FFFFFFFFE959E959E959E959000000005E
:109F0000C959E959E959E959FFFFFFFFFFFFFFFF71
:109F1000FFFFFFFFFFFFFFFFFFFFFFFFFFFFFFFF51
:109F2000FFFFFFFFFFFFFFFFFFFFFFFFFFFFF193BB
:109F3000E959E959E959DBE6FFFFFFFFFFFFFFFFA2
:109F4000FFFFFFFFFFFFFFFFFFFFFFFFFFFFFFFF21
:109F5000FFFFFFFFFFFFFFFFFFFFFFFFFFFFFFFF11
:109F6000FFFFFFFFFFFFFFFFFFFFFFFFFFFFFFFF01
:109F7000FFFFFFFFE959E959E959E95900000000DD
:109F8000C959E959E959E959FFFFFFFFFFFFFFFFF1
:109F9000FFFFFFFFFFFFFFFFFFFFFFFFFFFFFFFFD1
:109FA000FFFFFFFFFFFFFFFFFFFFFFFFFFFFF1933B
:109FB000E959E959E959DBE6FFFFFFFFFFFFFFFF22
:109FC000FFFFFFFFFFFFFFFFFFFFFFFFFFFFFFFFA1
:109FD000FFFFFFFFFFFFFFFFFFFFFFFFFFFFFFFF91
:109FE000FFFFFFFFFFFFFFFFFFFFFFFFFFFFFFFF81
:109FF000FFFFFFFFE959E959E959E959000000005D
:10A00000C959E959E959E959FFFFFFFFFFFFFFFF70
:10A01000FFFFFFFFFFFFFFFFFFFFFFFFFFFFFFFF50
:10A02000FFFFFFFFFFFFFFFFFFFFFFFFFFFFF193BA
:10A03000E959E959E959DBE6FFFFFFFFFFFFFFFFA1
:10A04000FFFFFFFFFFFFFFFFFFFFFFFFFFFFFFFF20
:10A05000FFFFFFFFFFFFFFFFFFFFFFFFFFFFFFFF10
:10A06000FFFFFFFFFFFFFFFFFFFFFFFFFFFFFFFF00
:10A07000FFFFFFFFE959E959E959E95900000000DC
:10A08000C959E959E959E959FFFFFFFFFFFFFFFFF0
:10A09000FFFFFFFFFFFFFFFFFFFFFFFFFFFFFFFFD0
:10A0A000FFFFFFFFFFFFFFFFFFFFFFFFFFFFB3A467
:10A0B000C959C959C95956B519CE19CE19CE19CE93
:10A0C00019CE19CE39D6FFFFFFFFFFFFFFFFFFFFBD
:10A0D000FFFFFFFFFFFFFFFFFFFFFFFFFFFFFFFF90
:10A0E000FFFFFFFFFFFFFFFFFFFFFFFFFFFFFFFF80
:10A0F000FFFFFFFFE959E959E959E959000000005C
:10A10000C959E959E959E959FFFFFFFFFFFFFFFF6F
:10A11000FFFFFFFFFFFFFFFFFFFFFFFFFFFFFFFF4F
:10A12000FFFFFFFFFFFFFFFFFFFFFFFFFFFFD08BE2
:10A13000E959E959E959E959E959E959E959E9590F
:10A14000E959E9594B62FFFFFFFFFFFFFFFFFFFFE8
:10A15000FFFFFFFFFFFFFFFFFFFFFFFFFFFFFFFF0F
:10A16000FFFFFFFFFFFFFFFFFFFFFFFFFFFFFFFFFF
:10A17000FFFFFFFFE959E959E959E95900000000DB
:10A18000C959E959E959E959FFFFFFFFFFFFFFFFEF
:10A19000FFFFFFFFFFFFFFFFFFFFFFFFFFFFFFFFCF
:10A1A000FFFFFFFFFFFFFFFFFFFFFFFFFFFFD08B62
:10A1B000E959E959E959E959E959E959E959E9598F
:10A1C000E959E9594B62FFFFFFFFFFFFFFFFFFFF68
:10A1D000FFFFFFFFFFFFFFFFFFFFFFFFFFFFFFFF8F
:10A1E000FFFFFFFFFFFFFFFFFFFFFFFFFFFFFFFF7F
:10A1F000FFFFFFFFE959E959E959E959000000005B
:10A20000C959E959E959E959FFFFFFFFFFFFFFFF6E
:10A21000FFFFFFFFFFFFFFFFFFFFFFFFFFFFFFFF4E
:10A22000FFFFFFFFFFFFFFFFFFFFFFFFFFFFD08BE1
:10A23000E959E959E959E959E959E959E959E9590E
:10A24000E959E9594B62FFFFFFFFFFFFFFFFFFFFE7
:10A25000FFFFFFFFFFFFFFFFFFFFFFFFFFFFFFFF0E
:10A26000FFFFFFFFFFFFFFFFFFFFFFFFFFFFFFFFFE
:10A27000FFFFFFFFE959E959E959E95900000000DA
:10A28000C959E959E959E959FFFFFFFFFFFFFFFFEE
:10A29000FFFFFFFFFFFFFFFFFFFFFFFFFFFFFFFFCE
:10A2A000FFFFFFFFFFFFFFFFFFFFFFFFFFFFBBDE23
:10A2B000F8CDF8CDF8CDF8CD18CEF8CD18CEF8CD34
:10A2C00018CE18CEF8CD119411941194529CFFFF22
:10A2D000FFFFFFFFFFFFFFFFFFFFFFFFFFFFFFFF8E
:10A2E000FFFFFFFFFFFFFFFFFFFFFFFFFFFFFFFF7E
:10A2F000FFFFDFFFE959E959E959E959000000007A
:10A30000C959E959E959E959FFFFFFFFFFFFFFFF6D
:10A31000FFFFFFFFFFFFFFFFFFFFFFFFFFFFFFFF4D
:10A32000FFFFFFFFFFFFFFFFFFFFFFFFFFFFFFFF3D
:10A33000FFFFFFFFFFFFFFFFFFFFFFFFFFFFFFFF2D
:10A34000FFFFFFFFBFFFE959E959E9598C6AFFFF99
:10A35000FFFFFFFFFFFFFFFFFFFFFFFFFFFFFFFF0D
:10A36000FFFFFFFFFFFFFFFFFFFFFFFFFFFFFFFFFD
:10A37000FFFFFFFFE959E959E959E95900000000D9
:10A38000C959E959E959E959FFFFFFFFFFFFFFFFED
:10A39000FFFFFFFFFFFFFFFFFFFFFFFFFFFFFFFFCD
:10A3A000FFFFFFFFFFFFFFFFFFFFFFFFFFFFFFFFBD
:10A3B000FFFFFFFFFFFFFFFFFFFFFFFFFFFFFFFFAD
:10A3C000FFFFFFFFBFFFE959E959E9598C6AFFFF19
:10A3D000FFFFFFFFFFFFFFFFFFFFFFFFFFFFFFFF8D
:10A3E000FFFFFFFFFFFFFFFFFFFFFFFFFFFFFFFF7D
:10A3F000FFFFFFFFE959E959E959E9590000000059
:10A40000C959E959E959E959FFFFFFFFFFFFFFFF6C
:10A41000FFFFFFFFFFFFFFFFFFFFFFFFFFFFFFFF4C
:10A42000FFFFFFFFFFFFFFFFFFFFFFFFFFFFFFFF3C
:10A43000FFFFFFFFFFFFFFFFFFFFFFFFFFFFFFFF2C
:10A44000FFFFFFFFBFFFE959E959E9598C6AFFFF98
:10A45000FFFFFFFFFFFFFFFFFFFFFFFFFFFFFFFF0C
:10A46000FFFFFFFFFFFFFFFFFFFFFFFFFFFFFFFFFC
:10A47000FFFFFFFFE959E959E959E95900000000D8
:10A48000C959E959E959E959FFFFFFFFFFFFFFFFEC
:10A49000FFFFFFFFFFFFFFFFFFFFFFFFFFFFFFFFCC
:10A4A000FFFFFFFFFFFFFFFFFFFFFFFFFFFFFFFFBC
:10A4B000FFFFFFFFFFFFFFFFFFFFFFFFFFFFFFFFAC
:10A4C000FFFFFFFF9EF7E959E959E959CD72FFFFF8
:10A4D000FFFFFFFFFFFFFFFFFFFFFFFFFFFFFFFF8C
:10A4E000FFFFFFFFFFFFFFFFFFFFFFFFFFFFFFFF7C
:10A4F000FFFFDFFFE959E959E959E9590000000078
:10A50000C959E959E959E959FFFFFFFFFFFFFFFF6B
:10A51000FFFFFFFFFFFFFFFFFFFFFFFFFFFFFFFF4B
:10A52000FFFFFFFFFFFFFFFFFFFFFFFFFFFFFFFF3B
:10A53000FFFFFFFFFFFFFFFFFFFFFFFFFFFFFFFF2B
:10A54000FFFFFFFFBFFFE959E959E9598C6AFFFF97
:10A55000FFFFFFFFFFFFFFFFFFFFFFFFFFFFFFFF0B
:10A56000FFFFFFFFFFFFFFFFFFFFFFFFFFFFFFFFFB
:10A57000FFFFFFFFE959E959E959E95900000000D7
:10A58000C959E959E959E959FFFFFFFFFFFFFFFFEB
:10A59000FFFFFFFFFFFFFFFFFFFFFFFFFFFFFFFFCB
:10A5A000FFFFFFFFFFFFFFFFFFFFFFFFFFFFFFFFBB
:10A5B000FFFFFFFFFFFFFFFFFFFFFFFFFFFFFFFFAB
:10A5C000FFFFFFFFBFFFE959E959E9598C6AFFFF17
:10A5D000FFFFFFFFFFFFFFFFFFFFFFFFFFFFFFFF8B
:10A5E000FFFFFFFFFFFFFFFFFFFFFFFFFFFFFFFF7B
:10A5F000FFFFFFFFE959E959E959E9590000000057
:10A60000C959E959E959E959FFFFFFFFFFFFFFFF6A
:10A61000FFFFFFFFFFFFFFFFFFFFFFFFFFFFFFFF4A
:10A62000FFFFFFFFFFFFFFFFFFFFFFFFFFFFFFFF3A
:10A63000FFFFFFFFFFFFFFFFFFFFFFFFFFFFFFFF2A
:10A64000FFFFFFFFBFFFE959E959E9598C6AFFFF96
:10A65000FFFFFFFFFFFFFFFFFFFFFFFFFFFFFFFF0A
:10A66000FFFFFFFFFFFFFFFFFFFFFFFFFFFFFFFFFA
:10A67000FFFFFFFFE959E959E959E95900000000D6
:10A68000C959E959E959E959FFFFFFFFFFFFFFFFEA
:10A69000FFFFFFFFFFFFFFFFFFFFFFFFFFFFFFFFCA
:10A6A000FFFFFFFFFFFFFFFFFFFFFFFFFFFF908B9D
:10A6B000E959E959E9594B624B624B624B624B6273
:10A6C0004B624B624B62BFFFBFFFBFFFBFFFFFFF8D
:10A6D000FFFFFFFFFFFFFFFFFFFFFFFFFFFFFFFF8A
:10A6E000FFFFFFFFFFFFFFFFFFFFFFFFFFFFFFFF7A
:10A6F000FFFFDFFFE959E959E959E9590000000076
:10A70000C959E959E959E959FFFFFFFFFFFFFFFF69
:10A71000FFFFFFFFFFFFFFFFFFFFFFFFFFFFFFFF49
:10A72000FFFFFFFFFFFFFFFFFFFFFFFFFFFF8F8325
:10A73000E959E959E959E959E959E959E959E95909
:10A74000E959E9594B62FFFFFFFFFFFFFFFFFFFFE2
:10A75000FFFFFFFFFFFFFFFFFFFFFFFFFFFFFFFF09
:10A76000FFFFFFFFFFFFFFFFFFFFFFFFFFFFFFFFF9
:10A77000FFFFFFFFE959E959E959E95900000000D5
:10A78000C959E959E959E959FFFFFFFFFFFFFFFFE9
:10A79000FFFFFFFFFFFFFFFFFFFFFFFFFFFFFFFFC9
:10A7A000FFFFFFFFFFFFFFFFFFFFFFFFFFFF8F83A5
:10A7B000E959E959E959E959E959E959E959E95989
:10A7C000E959E9594B62FFFFFFFFFFFFFFFFFFFF62
:10A7D000FFFFFFFFFFFFFFFFFFFFFFFFFFFFFFFF89
:10A7E000FFFFFFFFFFFFFFFFFFFFFFFFFFFFFFFF79
:10A7F000FFFFFFFFE959E959E959E9590000000055
:10A80000C959E959E959E959FFFFFFFFFFFFFFFF68
:10A81000FFFFFFFFFFFFFFFFFFFFFFFFFFFFFFFF48
:10A82000FFFFFFFFFFFFFFFFFFFFFFFFFFFF8F8324
:10A83000E959E959E959E959E959E959E959E95908
:10A84000E959E9594B62FFFFFFFFFFFFFFFFFFFFE1
:10A85000FFFFFFFFFFFFFFFFFFFFFFFFFFFFFFFF08
:10A86000FFFFFFFFFFFFFFFFFFFFFFFFFFFFFFFFF8
:10A87000FFFFFFFFE959E959E959E95900000000D4
:10A88000C959E959E959E959FFFFFFFFFFFFFFFFE8
:10A89000FFFFFFFFFFFFFFFFFFFFFFFFFFFFFFFFC8
:10A8A000FFFFFFFFFFFFFFFFFFFFFFFFFFFFFFFFB8
:10A8B000FFFFFFFFFFFFFFFFFFFFFFFFFFFFFFFFA8
:10A8C000FFFFFFFFFFFFFFFFFFFFFFFFFFFFFFFF98
:10A8D000FFFFFFFFFFFFFFFFFFFFFFFFFFFFFFFF88
:10A8E000FFFFFFFFFFFFFFFFFFFFFFFFFFFFFFFF78
:10A8F000FFFFFFFFE959E959E959E9590000000054
:10A90000C959E959E959E959FFFFFFFFFFFFFFFF67
:10A91000FFFFFFFFFFFFFFFFFFFFFFFFFFFFFFFF47
:10A92000FFFFFFFFFFFFFFFFFFFFFFFFFFFFFFFF37
:10A93000FFFFFFFFFFFFFFFFFFFFFFFFFFFFFFFF27
:10A94000FFFFFFFFFFFFFFFFFFFFFFFFFFFFFFFF17
:10A95000FFFFFFFFFFFFFFFFFFFFFFFFFFFFFFFF07
:10A96000FFFFFFFFFFFFFFFFFFFFFFFFFFFFFFFFF7
:10A97000FFFFFFFFE959E959E959E95900000000D3
:10A98000C959E959E959E959FFFFFFFFFFFFFFFFE7
:10A99000FFFFFFFFFFFFFFFFFFFFFFFFFFFFFFFFC7
:10A9A000FFFFFFFFFFFFFFFFFFFFFFFFFFFFFFFFB7
:10A9B000FFFFFFFFFFFFFFFFFFFFFFFFFFFFFFFFA7
:10A9C000FFFFFFFFFFFFFFFFFFFFFFFFFFFFFFFF97
:10A9D000FFFFFFFFFFFFFFFFFFFFFFFFFFFFFFFF87
:10A9E000FFFFFFFFFFFFFFFFFFFFFFFFFFFFFFFF77
:10A9F000FFFFFFFFE959E959E959E9590000000053
:10AA0000C959E959E959E959FFFFFFFFFFFFFFFF66
:10AA1000FFFFFFFFFFFFFFFFFFFFFFFFFFFFFFFF46
:10AA2000FFFFFFFFFFFFFFFFFFFFFFFFFFFFFFFF36
:10AA3000FFFFFFFFFFFFFFFFFFFFFFFFFFFFFFFF26
:10AA4000FFFFFFFFFFFFFFFFFFFFFFFFFFFFFFFF16
:10AA5000FFFFFFFFFFFFFFFFFFFFFFFFFFFFFFFF06
:10AA6000FFFFFFFFFFFFFFFFFFFFFFFFFFFFFFFFF6
:10AA7000FFFFFFFFE959E959E959E95900000000D2
:10AA8000E959E959E959E959E959E959E959E959B6
:10AA9000E959E959E959E959E959E959E959E959A6
:10AAA000E959E959E959E959E959E959E959E95996
:10AAB000E959E959E959E959E959E959E959E95986
:10AAC000E959E959E959E959E959E959E959E95976
:10AAD000E959E959E959E959E959E959E959E95966
:10AAE000E959E959E959E959E959E959E959E95956
:10AAF000E959E959E959E959E959E95900000000CA
:10AB0000E959E959E959E959E959E959E959E95935
:10AB1000E959E959E959E959E959E959E959E95925
:10AB2000E959E959E959E959E959E959E959E95915
:10AB3000E959E959E959E959E959E959E959E95905
:10AB4000E959E959E959E959E959E959E959E959F5
:10AB5000E959E959E959E959E959E959E959E959E5
:10AB6000E959E959E959E959E959E959E959E959D5
:10AB7000E959E959E959E959E959E9590000000049
:10AB8000E959E959E959E959E959E959E959E959B5
:10AB9000E959E959E959E959E959E959E959E959A5
:10ABA000E959E959E959E959E959E959E959E95995
:10ABB000E959E959E959E959E959E959E959E95985
:10ABC000E959E959E959E959E959E959E959E95975
:10ABD000E959E959E959E959E959E959E959E95965
:10ABE000E959E959E959E959E959E959E959E95955
:10ABF000E959E959E959E959E959E95900000000C9
:10AC0000C959E959E959E959C959E959E959E95974
:10AC1000E959E959E959E959E959E959E959E95924
:10AC2000E959E959E959C959E959E959E959E95934
:10AC3000E959E959E959E959E959E959E959E95904
:10AC4000E959E959E959E959E959E959C959E95914
:10AC5000E959E959E959E959E959E959E959E959E4
:10AC6000E959E959E959E959E959E959E959E959D4
:10AC7000E959E959E959E959E959C9590000000068
:10AC800000000000000000000000000000000000C4
:10AC900000000000000000000000000000000000B4
:10ACA00000000000000000000000000000000000A4
:10ACB0000000000000000000000000000000000094
:10ACC0000000000000000000000000000000000084
:10ACD0000000000000000000000000000000000074
:10ACE0000000000000000000000000000000000064
:10ACF0000000000000000000000000000000000054
:10AD00000400010800200000FE8C020865FF65FFBA
:10AD100065FF65FF65FF65FF65FF65FF65FF65FF13
:10AD200065FF65FF65FF65FF65FF65FF65FF65FF03
:10AD300065FF65FF65FF65FF65FF65FF65FF65FFF3
:10AD400065FF65FF65FF65FF65FF65FF65FF65FFE3
:10AD500065FF65FF65FF65FF65FF65FF65FF65FFD3
:10AD600065FF65FF65FF65FF65FF65FF65FF65FFC3
:10AD700065FF65FF65FF65FF65FF65FF65FF65FFB3
:10AD800065FF65FF65FF65FF65FF65FF65FF65FFA3
:10AD900065FF65FF65FF65FF65FF65FF65FF65FF93
:10ADA00065FF65FF65FF65FF65FF65FF65FF65FF83
:10ADB00065FF65FF65FF65FF65FF65FF65FF65FF73
:10ADC00065FF65FF65FF65FF65FF65FF65FF65FF63
:10ADD00065FF65FF65FF65FF65FF65FF65FF65FF53
:10ADE00065FF65FF65FF65FF65FF65FF65FF65FF43
:10ADF00065FF65FF65FF65FF65FF65FF65FF65FF33
:10AE000065FF65FF65FF65FF65FF65FF65FF65FF22
:10AE100065FF65FF65FF65FF65FF65FF65FF65FF12
:10AE200065FF65FF65FF65FF65FF65FF65FF65FF02
:10AE300065FF65FF65FF65FF65FF65FF65FF65FFF2
:10AE400065FF65FF65FF65FF65FF65FF65FF65FFE2
:10AE500065FF65FF65FF65FF65FF65FF65FF65FFD2
:10AE600065FF65FF65FF65FF65FF65FF65FF65FFC2
:10AE700065FF65FF65FF65FF65FF65FF65FF65FFB2
:10AE800065FF65FF65FF65FF65FF65FF65FF65FFA2
:10AE900065FF65FF65FF65FF65FF65FF65FF65FF92
:10AEA00065FF65FF65FF65FF65FF65FF65FF65FF82
:10AEB00065FF65FF65FF65FF65FF65FF65FF65FF72
:10AEC00065FF65FF65FF65FF65FF65FF65FF65FF62
:10AED00065FF65FF65FF65FF65FF65FF65FF65FF52
:10AEE00065FF65FF65FF65FF65FF65FF65FF65FF42
:10AEF00065FF65FF65FF65FF65FF65FF65FF65FF32
:10AF000065FF65FF65FF65FF65FF65FF65FF65FF21
:10AF100065FF65FF65FF65FF65FF65FF65FF65FF11
:10AF200065FF65FF65FF65FF65FF65FF65FF65FF01
:10AF300065FF65FF65FF65FF65FF65FF65FF65FFF1
:10AF400065FF65FF65FF65FF65FF65FF65FF65FFE1
:10AF500065FF65FF65FF65FF65FF65FF65FF65FFD1
:10AF600065FF65FF65FF65FF65FF65FF65FF65FFC1
:10AF700065FF65FF65FF65FF65FF65FF65FF65FFB1
:10AF800065FF65FF65FF65FF65FF65FF65FF65FFA1
:10AF900065FF65FF65FF65FF65FF65FF65FF65FF91
:10AFA00065FF65FF65FF65FF65FF65FF65FF65FF81
:10AFB00065FF65FF65FF65FF65FF65FF65FF65FF71
:10AFC00065FF65FF65FF65FF65FF65FF65FF65FF61
:10AFD00065FF65FF65FF65FF65FF65FF65FF65FF51
:10AFE00065FF65FF65FF65FF65FF65FF65FF65FF41
:10AFF00065FF65FF65FF65FF65FF65FF65FF65FF31
:10B0000065FF65FF65FF65FF65FF65FF65FF65FF20
:10B0100065FF65FF65FF65FF65FF65FF65FF65FF10
:10B0200065FF65FF65FF65FF65FF65FF65FF65FF00
:10B0300065FF65FF65FF65FF65FF65FF65FF65FFF0
:10B0400065FF65FF65FF65FF65FF65FF65FF65FFE0
:10B0500065FF65FF65FF65FF65FF65FF65FF65FFD0
:10B0600065FF65FF65FF65FF65FF65FF65FF65FFC0
:10B0700065FF65FF65FF65FF65FF65FF65FF65FFB0
:10B0800065FF65FF65FF65FF65FF65FF65FF65FFA0
:10B0900065FF65FF65FF65FF65FF65FF65FF65FF90
:10B0A00065FF65FF65FF65FF65FF65FF65FF65FF80
:10B0B00065FF65FF65FF65FF65FF65FF65FF65FF70
:10B0C00065FF65FF65FF65FF65FF65FF65FF65FF60
:10B0D00065FF65FF65FF65FF65FF65FF65FF65FF50
:10B0E00065FF65FF65FF65FF65FF65FF65FF65FF40
:10B0F00065FF65FF65FF65FF65FF65FF65FF65FF30
:10B1000065FF65FF65FF65FF65FF65FF65FF65FF1F
:10B1100065FF65FF65FF65FF65FF65FF65FF65FF0F
:10B1200065FF65FF65FF65FF65FF65FF65FF65FFFF
:10B1300065FF65FF65FF65FF65FF65FF65FF65FFEF
:10B1400065FF65FF65FF65FF65FF65FF65FF65FFDF
:10B1500065FF65FF65FF65FF65FF65FF65FF65FFCF
:10B1600065FF65FF65FF65FF65FF65FF65FF65FFBF
:10B1700065FF65FF65FF65FF65FF65FF65FF65FFAF
:10B1800065FF65FF65FF65FF65FF65FF65FF65FF9F
:10B1900065FF65FF65FF65FF65FF65FF65FF65FF8F
:10B1A00065FF65FF65FF65FF65FF65FF65FF65FF7F
:10B1B00065FF65FF65FF65FF65FF65FF65FF65FF6F
:10B1C00065FF65FF65FF65FF65FF65FF65FF65FF5F
:10B1D00065FF65FF65FF65FF65FF65FF65FF65FF4F
:10B1E00065FF65FF65FF65FF65FF65FF65FF65FF3F
:10B1F00065FF65FF65FF65FF65FF65FF65FF65FF2F
:10B2000065FF65FF65FF65FF65FF65FF65FF65FF1E
:10B2100065FF65FF65FF65FF65FF65FF65FF65FF0E
:10B2200065FF65FF65FF65FF65FF65FF65FF65FFFE
:10B2300065FF65FF65FF65FF65FF65FF65FF65FFEE
:10B2400065FF65FF65FF65FF65FF65FF65FF65FFDE
:10B2500065FF65FF65FF65FF65FF65FF65FF65FFCE
:10B2600065FF65FF65FF65FF65FF65FF65FF65FFBE
:10B2700065FF65FF65FF65FF65FF65FF65FF65FFAE
:10B2800065FF65FF65FF65FF65FF65FF65FF65FF9E
:10B2900065FF65FF65FF65FF65FF65FF65FF65FF8E
:10B2A00065FF65FF65FF65FF65FF65FF65FF65FF7E
:10B2B00065FF65FF65FF65FF65FF65FF65FF65FF6E
:10B2C00065FF65FF65FF65FF65FF65FF65FF65FF5E
:10B2D00065FF65FF65FF65FF65FF65FF65FF65FF4E
:10B2E00065FF65FF65FF65FF65FF65FF65FF65FF3E
:10B2F00065FF65FF65FF65FF65FF65FF65FF65FF2E
:10B3000065FF65FF65FF65FF65FF65FF65FF65FF1D
:10B3100065FF65FF65FF65FF65FF65FF65FF65FF0D
:10B3200065FF65FF65FF65FF65FF65FF65FF65FFFD
:10B3300065FF65FF65FF65FF65FF65FF65FF65FFED
:10B3400065FF65FF65FF65FF65FF65FF65FF65FFDD
:10B3500065FF65FF65FF65FF65FF65FF65FF65FFCD
:10B3600065FF65FF65FF65FF65FF65FF65FF65FFBD
:10B3700065FF65FF65FF65FF65FF65FF65FF65FFAD
:10B3800065FF65FF65FF65FF65FF65FF65FF65FF9D
:10B3900065FF65FF65FF65FF65FF65FF65FF65FF8D
:10B3A00065FF65FF65FF65FF65FF65FF65FF65FF7D
:10B3B00065FF65FF65FF65FF65FF65FF65FF65FF6D
:10B3C00065FF65FF65FF65FF65FF65FF65FF65FF5D
:10B3D00065FF65FF65FF65FF65FF65FF65FF65FF4D
:10B3E00065FF65FF65FF65FF65FF65FF65FF65FF3D
:10B3F00065FF65FF65FF65FF65FF65FF65FF65FF2D
:10B4000065FF65FF65FF65FF65FF65FF65FF65FF1C
:10B4100065FF65FF65FF65FF65FF65FF65FF65FF0C
:10B4200065FF65FF65FF65FF65FF65FF65FF65FFFC
:10B4300065FF65FF65FF65FF65FF65FF65FF65FFEC
:10B4400065FF65FF65FF65FF65FF65FF65FF65FFDC
:10B4500065FF65FF65FF65FF65FF65FF65FF65FFCC
:10B4600065FF65FF65FF65FF65FF65FF65FF65FFBC
:10B4700065FF65FF65FF65FF65FF65FF65FF65FFAC
:10B4800065FF65FF65FF65FF65FF65FF65FF65FF9C
:10B4900065FF65FF65FF65FF65FF65FF65FF65FF8C
:10B4A00065FF65FF65FF65FF65FF65FF65FF65FF7C
:10B4B00065FF65FF65FF65FF65FF65FF65FF65FF6C
:10B4C00065FF65FF65FF65FF65FF65FF65FF65FF5C
:10B4D00065FF65FF65FF65FF65FF65FF65FF65FF4C
:10B4E00065FF65FF65FF65FF65FF65FF65FF65FF3C
:10B4F00065FF65FF65FF65FF65FF65FF65FF65FF2C
:10B5000065FF65FF65FF65FF65FF65FF65FF65FF1B
:10B5100065FF65FF65FF65FF65FF65FF65FF65FF0B
:10B5200065FF65FF65FF65FF65FF65FF65FF65FFFB
:10B5300065FF65FF65FF65FF65FF65FF65FF65FFEB
:10B5400065FF65FF65FF65FF65FF65FF65FF65FFDB
:10B5500065FF65FF65FF65FF65FF65FF65FF65FFCB
:10B5600065FF65FF65FF65FF65FF65FF65FF65FFBB
:10B5700065FF65FF65FF65FF65FF65FF65FF65FFAB
:10B5800065FF65FF65FF65FF65FF65FF65FF65FF9B
:10B5900065FF65FF65FF65FF65FF65FF65FF65FF8B
:10B5A00065FF65FF65FF65FF65FF65FF65FF65FF7B
:10B5B00065FF65FF65FF65FF65FF65FF65FF65FF6B
:10B5C00065FF65FF65FF65FF65FF65FF65FF65FF5B
:10B5D00065FF65FF65FF65FF65FF65FF65FF65FF4B
:10B5E00065FF65FF65FF65FF65FF65FF65FF65FF3B
:10B5F00065FF65FF65FF65FF65FF65FF65FF65FF2B
:10B6000065FF65FF65FF65FF65FF65FF65FF65FF1A
:10B6100065FF65FF65FF65FF65FF65FF65FF65FF0A
:10B6200065FF65FF65FF65FF65FF65FF65FF65FFFA
:10B6300065FF65FF65FF65FF65FF65FF65FF65FFEA
:10B6400065FF65FF65FF65FF65FF65FF65FF65FFDA
:10B6500065FF65FF65FF65FF65FF65FF65FF65FFCA
:10B6600065FF65FF65FF65FF65FF65FF65FF65FFBA
:10B6700065FF65FF65FF65FF65FF65FF65FF65FFAA
:10B6800065FF65FF65FF65FF65FF65FF65FF65FF9A
:10B6900065FF65FF65FF65FF65FF65FF65FF65FF8A
:10B6A00065FF65FF65FF65FF65FF65FF65FF65FF7A
:10B6B00065FF65FF65FF65FF65FF65FF65FF65FF6A
:10B6C00065FF65FF65FF65FF65FF65FF65FF65FF5A
:10B6D00065FF65FF65FF65FF65FF65FF65FF65FF4A
:10B6E00065FF65FF65FF65FF65FF65FF65FF65FF3A
:10B6F00065FF65FF65FF65FF65FF65FF65FF65FF2A
:10B7000065FF65FF65FF65FF65FF65FF65FF65FF19
:10B7100065FF65FF65FF65FF65FF65FF65FF65FF09
:10B7200065FF65FF65FF65FF65FF65FF65FF65FFF9
:10B7300065FF65FF65FF65FF65FF65FF65FF65FFE9
:10B7400065FF65FF65FF65FF65FF65FF65FF65FFD9
:10B7500065FF65FF65FF65FF65FF65FF65FF65FFC9
:10B7600065FF65FF65FF65FF65FF65FF65FF65FFB9
:10B7700065FF65FF65FF65FF65FF65FF65FF65FFA9
:10B7800065FF65FF65FF65FF65FF65FF65FF65FF99
:10B7900065FF65FF65FF65FF65FF65FF65FF65FF89
:10B7A00065FF65FF65FF65FF65FF65FF65FF65FF79
:10B7B00065FF65FF65FF65FF65FF65FF65FF65FF69
:10B7C00065FF65FF65FF65FF65FF65FF65FF65FF59
:10B7D00065FF65FF65FF65FF65FF65FF65FF65FF49
:10B7E00065FF65FF65FF65FF65FF65FF65FF65FF39
:10B7F00065FF65FF65FF65FF65FF65FF65FF65FF29
:10B8000065FF65FF65FF65FF65FF65FF65FF65FF18
:10B8100065FF65FF65FF65FF65FF65FF65FF65FF08
:10B8200065FF65FF65FF65FF65FF65FF65FF65FFF8
:10B8300065FF65FF65FF65FF65FF65FF65FF65FFE8
:10B8400065FF65FF65FF65FF65FF65FF65FF65FFD8
:10B8500065FF65FF65FF65FF65FF65FF65FF65FFC8
:10B8600065FF65FF65FF65FF65FF65FF65FF65FFB8
:10B8700065FF65FF65FF65FF65FF65FF65FF65FFA8
:10B8800065FF65FF65FF65FF65FF65FF65FF65FF98
:10B8900065FF65FF65FF65FF65FF65FF65FF08DF05
:10B8A000ABC627EF65FF65FF65FF65FF65FF65FFB9
:10B8B00065FF65FF65FF65FF65FF27EFABBE27E707
:10B8C00065FF65FF65FF65FF65FF65FF65FF65FF58
:10B8D00065FF65FF65FF65FF46F7ABBEABBEABBE60
:10B8E000ABBE65FF65FF65FF65FF65FF65FF65FF33
:10B8F00027E7F17DB365309627EF65FF65FF65FFAC
:10B9000065FF65FF65FF65FF65FF65FF65FF65FF17
:10B9100065FF65FF65FF65FF65FFFA2CDB14DB142F
:10B92000DB14DB14DB14FA2465FF65FF65FF65FF9C
:10B9300065FF65FF65FF3835DB14DB14DB14DB14B2
:10B94000DB14192D65FF65FF65FF65FF65FF65FF6A
:10B9500065FF65FF65FF65FFDB14DB14DB14DB149B
:10B96000DB1465FF65FF65FF65FF65FF65FFDB14A1
:10B97000DB14DB14DB14DB14DB14DB1427EF65FFB3
:10B9800065FF65FF65FF65FF65FF65FF65FF65FF97
:10B9900065FF65FF65FF65FFDB14DB14DB14DB145B
:10B9A000DB14DB14DB14DB14DB1465FF65FF65FFC0
:10B9B00065FF65FFDB1CDB14DB14DB14DB14DB141D
:10B9C000DB14DB14DB1C65FF65FF65FF65FF65FFAE
:10B9D00065FF65FF65FFABBEDB14DB14DB14DB1416
:10B9E000DB1465FF65FF65FF65FF65FFDB14DB1496
:10B9F000DB14DB14DB14DB14DB14DB14DB1427EFA8
:10BA000065FF65FF65FF65FF65FF65FF65FF65FF16
:10BA100065FF65FF65FF9555DB14DB14DB14DB1C4C
:10BA2000FA24DB1CDB14DB14DB14DB1465FF65FF7D
:10BA300065FFEACEDB14DB14DB146DA665FF383D31
:10BA4000DB14DB14DB14B36D65FF65FF65FF65FF79
:10BA500065FF65FF65FFDB14DB14DB14DB14DB140F
:10BA6000DB1465FF65FF65FF65FF574DDB14DB14D5
:10BA7000DB144EA665FFABC6DB14DB14DB14DB1452
:10BA800065FF65FF65FF65FF65FF65FF65FF65FF96
:10BA900065FF65FF65FFDB14DB14DB14FA2465FF2B
:10BAA00065FF65FF5745DB14DB14DB1427EF65FFEB
:10BAB00065FFDB1CDB14DB14B36D65FF65FF65FF01
:10BAC000DB14DB14DB14DB1465FF65FF65FF65FF2A
:10BAD00065FF65FF383DDB14DB14DB14DB14DB147E
:10BAE000DB1465FF65FF65FF65FFDB14DB14DB140A
:10BAF000574565FF65FF65FFB465DB14DB14DB1498
:10BB000065FF65FF65FF65FF65FF65FF65FF65FF15
:10BB100065FF65FF65FFDB14DB14DB1465F765FF6C
:10BB200065FF65FF65FFDB14DB14DB14118665FF21
:10BB300065FFDB14DB14DB1465FF65FF65FF65FF44
:10BB4000CAC6DB14DB14DB1427EF65FF65FF65FF56
:10BB500065FF46EFDB14DB14DB14B465DB14DB1488
:10BB6000DB1465FF65FF65FF65FFDB14DB14DB1489
:10BB7000108E65FF65FF65FF08DFDB14DB14DB1447
:10BB800065FF65FF65FF65FF65FF65FF65FF65FF95
:10BB900065FF65FF65FFDB14DB14DB1465FF65FFE4
:10BBA00065FF65FF65FFDB14DB14DB14D27565FFF1
:10BBB00008DFDB14DB14DB1465FF65FF65FF65FF41
:10BBC00046F7DB14DB14DB14ABBE65FF65FF65FFD6
:10BBD00065FFDB1CDB14DB14945DB465DB14DB1444
:10BBE000DB1465FF65FF65FF65FF945DDB14DB1407
:10BBF000DB1C65FF65FF65FF1935DB14DB14DB1407
:10BC000065FF65FF65FF65FF65FF65FF65FF65FF14
:10BC100065FF65FF65FF65FF65FF65FF65FF65FF04
:10BC200065FF65FF4F9EDB14DB14DB14E9D665FF6F
:10BC30001186DB14DB14DB1465FF65FF65FF65FF10
:10BC400046F7DB14DB14DB14B46565FF65FF65FFA5
:10BC50008CB6DB14DB14DB1465FFB465DB14DB147A
:10BC6000DB1465FF65FF65FF65FF65FFDB14DB1413
:10BC7000DB14DB1C764D192DDB14DB14DB1427EFF2
:10BC800065FF65FF65FF65FF65FF65FF65FF65FF94
:10BC900065FF65FF65FF65FF65FF65FF65FF65FF84
:10BCA00065FF65FFDB14DB14DB14DB1465FF65FF48
:10BCB000D36DDB14DB14DB1465FF65FF65FF65FFE7
:10BCC00045F7DB14DB14DB14383D65FF65FF65FFCA
:10BCD000DB14DB14DB14CACE65FFB465DB14DB14A4
:10BCE000DB1465FF65FF65FF65FF65FF65FFDB141E
:10BCF000DB14DB14DB14DB14DB14DB1446F765FF09
:10BD000065FF65FF65FF65FF65FF65FF65FF65FF13
:10BD100065FF65FF65FF65FF65FF65FF65FF65FF03
:10BD200046F7DB14DB14DB14DB1427E765FF65FF44
:10BD3000B465DB14DB14DB1465FF65FF65FF65FF8D
:10BD400065FFDB14DB14DB14DB1C65FF65FF564D60
:10BD5000DB14DB14DB1465FF65FFB465DB14DB1457
:10BD6000DB1465FF65FF65FF65FF6EA6DB14DB1462
:10BD7000DB14DB14DB14DB14DB14DB14DB14755570
:10BD800065FF65FF65FF65FF65FF65FF65FF65FF93
:10BD900065FF65FF65FF65FF65FF65FF65FF4F9602
:10BDA000DB14DB14DB14DB1408DF65FF65FF65FFC4
:10BDB000D275DB14DB14DB1465FF65FF65FF65FFDF
:10BDC00046F7DB14DB14DB14574565FF46F7DB143D
:10BDD000DB14DB1427E765FF65FFB465DB14DB14B8
:10BDE000DB1465FF65FF65FF65FFDB14DB14DB1407
:10BDF000DB1C65FF65FF46EFDB1CDB14DB14DB148B
:10BE000065F765FF65FF65FF65FF65FF65FF65FF1A
:10BE100065FF65FF65FF65FF65FF65FFFA2CDB14B5
:10BE2000DB14DB14DB1446F765FF65FF65FF65FF78
:10BE3000308EDB14DB14DB1465FF65FF65FF65FFE7
:10BE400046F7DB14DB14DB14D27565FF564DDB14AB
:10BE5000DB14DB14DB14DB14DB14DB14DB14DB146A
:10BE6000DB14DB14192D65FF27E7DB14DB14DB146F
:10BE700065FF65FF65FF65FF65FFDB14DB14DB1401
:10BE8000F27565FF65FF65FF65FF65FF65FF65FF8F
:10BE900065FF65FF65FF65FF65FFDB14DB14DB14E1
:10BEA000DB14383D65FF65FF65FF65FF65FF65FFD6
:10BEB00046F7DB14DB14DB1465FF65FF65FF65FFE8
:10BEC00046F7DB14DB14DB14CACE65FF564DDB14DA
:10BED000DB14DB14DB14DB14DB14DB14DB14DB14EA
:10BEE000DB14DB14192D65FF8DAEDB14DB14DB14C2
:10BEF00065FF65FF65FF65FF65FFDB14DB14DB1481
:10BF0000383D65FF65FF65FF65FF65FF65FF65FF00
:10BF100065FF65FF65FF65FFDB14DB14DB14DB14D5
:10BF2000ACBE65FF65FF65FF65FF65FF65FF65FFEB
:10BF300065FFDB14DB14DB1446F765FF65FF65FF67
:10BF4000F17DDB14DB14DB1446F765FF564DDB1483
:10BF5000DB14DB14DB14DB14DB14DB14DB14DB1469
:10BF6000DB14DB14192D65FFE9D6DB14DB14DB14BD
:10BF700065FF65FF65FF65FF65FFDB14DB14DB1400
:10BF8000955D65FF65FF65FF65FF65FF65FF65FF03
:10BF900065FF65FF65FFDB1CDB14DB14DB14ABC640
:10BFA00065FF65FF65FF65FF65FF65FF65FF65FF71
:10BFB00065FFFA24DB14DB14383D65FF65FF65FF80
:10BFC000DB14DB14DB14DB1465FF65FF564DDB145B
:10BFD000DB14DB14DB14DB14DB14DB14DB14DB14E9
:10BFE000DB14DB14192D65FF65FFDB14DB14DB1498
:10BFF000CACE65FF65FF65FF308EDB14DB14DB14F2
:10C00000EACE65FF65FF65FF65FF65FF65FF65FFBC
:10C0100065FF65FF46EFDB14DB14DB14DB14DB1478
:10C02000DB14DB14DB14DB14DB14DB14FA2C65FFEC
:10C0300065FF65FFDB14DB14DB14DB14B465DB1474
:10C04000DB14DB14DB14ABBE65FF65FF65FF65FF2A
:10C0500065FF65FF65FF65FF65FFB465DB14DB14F5
:10C06000DB1465FF65FF65FF65FFB36DDB14DB1453
:10C07000DB14FA24D36DDB14DB14DB14DB14DB1CC0
:10C0800065FF65FF65FF65FF65FF65FF65FF65FF90
:10C0900065FF65FFCAC6DB14DB14DB14DB14DB149D
:10C0A000DB14DB14DB14DB14DB14DB14FA2C65FF6C
:10C0B00065FF65FF945DDB14DB14DB14DB14DB141C
:10C0C000DB14DB14765565FF65FF65FF65FF65FFD3
:10C0D00065FF65FF65FF65FF65FFB465DB14DB1475
:10C0E000DB1465FF65FF65FF65FF65FF764DDB14BB
:10C0F000DB14DB14DB14DB14DB14DB14DB1C65FF4B
:10C1000065FF65FF65FF65FF65FF65FF65FF65FF0F
:10C1100065FF65FF8CB6DB14DB14DB14DB14DB146A
:10C12000DB14DB14DB14DB14DB14DB14FA2C65FFEB
:10C1300065FF65FF65FFCBC6DB14DB14DB14DB1486
:10C14000DB14ABBE65FF65FF65FF65FF65FF65FF3F
:10C1500065FF65FF65FF65FF65FFB465DB14DB14F4
:10C16000DB1465FF65FF65FF65FF65FF65FF47EF52
:10C170005745DB14DB14DB14FA244E9E65FF65FF84
:10C1800065FF65FF65FF65FF65FF65FF65FF65FF8F
:10C1900065FF65FF65FF65FF65FF65FF65FF65FF7F
:10C1A00065FF65FF65FF65FF65FF65FF65FF65FF6F
:10C1B00065FF65FF65FF65FF65FF65FF65FF65FF5F
:10C1C00065FF65FF65FF65FF65FF65FF65FF65FF4F
:10C1D00065FF65FF65FF65FF65FF65FF65FF65FF3F
:10C1E00065FF65FF65FF65FF65FF65FF65FF65FF2F
:10C1F00065FF65FF65FF65FF65FF65FF65FF65FF1F
:10C2000065FF65FF65FF65FF65FF65FF65FF65FF0E
:10C2100065FF65FF65FF65FF65FF65FF65FF65FFFE
:10C2200065FF65FF65FF65FF65FF65FF65FF65FFEE
:10C2300065FF65FF65FF65FF65FF65FF65FF65FFDE
:10C2400065FF65FF65FF65FF65FF65FF65FF65FFCE
:10C2500065FF65FF65FF65FF65FF65FF65FF65FFBE
:10C2600065FF65FF65FF65FF65FF65FF65FF65FFAE
:10C2700065FF65FF65FF65FF65FF65FF65FF65FF9E
:10C2800065FF65FF65FF65FF65FF65FF65FF65FF8E
:10C2900065FF65FF65FF65FF65FF65FF65FF65FF7E
:10C2A00065FF65FF65FF65FF65FF65FF65FF65FF6E
:10C2B00065FF65FF65FF65FF65FF65FF65FF65FF5E
:10C2C00065FF65FF65FF65FF65FF65FF65FF65FF4E
:10C2D00065FF65FF65FF65FF65FF65FF65FF65FF3E
:10C2E00065FF65FF65FF65FF65FF65FF65FF65FF2E
:10C2F00065FF65FF65FF65FF65FF65FF65FF65FF1E
:10C3000065FF65FF65FF65FF65FF65FF65FF65FF0D
:10C3100065FF65FF65FF65FF65FF65FF65FF65FFFD
:10C3200065FF65FF65FF65FF65FF65FF65FF65FFED
:10C3300065FF65FF65FF65FF65FF65FF65FF65FFDD
:10C3400065FF65FF65FF65FF65FF65FF65FF65FFCD
:10C3500065FF65FF65FF65FF65FF65FF65FF65FFBD
:10C3600065FF65FF65FF65FF65FF65FF65FF65FFAD
:10C3700065FF65FF65FF65FF65FF65FF65FF65FF9D
:10C3800065FF65FF65FF65FF65FF65FF65FF65FF8D
:10C3900065FF65FF65FF65FF65FF65FF65FF65FF7D
:10C3A00065FF65FF65FF65FF65FF65FF65FF65FF6D
:10C3B00065FF65FF65FF65FF65FF65FF65FF65FF5D
:10C3C00065FF65FF65FF65FF65FF65FF65FF65FF4D
:10C3D00065FF65FF65FF65FF65FF65FF65FF65FF3D
:10C3E00065FF65FF65FF65FF65FF65FF65FF65FF2D
:10C3F00065FF65FF65FF65FF65FF65FF65FF65FF1D
:10C4000065FF65FF65FF65FF65FF65FF65FF65FF0C
:10C4100065FF65FF65FF65FF65FF65FF65FF65FFFC
:10C4200065FF65FF65FF65FF65FF65FF65FF65FFEC
:10C4300065FF65FF65FF65FF65FF65FF65FF65FFDC
:10C4400065FF65FF65FF65FF65FF65FF65FF65FFCC
:10C4500065FF65FF65FF65FF65FF65FF65FF65FFBC
:10C4600065FF65FF65FF65FF65FF65FF65FF65FFAC
:10C4700065FF65FF65FF65FF65FF65FF65FF65FF9C
:10C4800065FF65FF65FF65FF65FF65FF65FF65FF8C
:10C4900065FF65FF65FF65FF65FF65FF65FF65FF7C
:10C4A00065FF65FF65FF65FF65FF65FF65FF65FF6C
:10C4B00065FF65FF65FF65FF65FF65FF65FF65FF5C
:10C4C00065FF65FF65FF65FF65FF65FF65FF65FF4C
:10C4D00065FF65FF65FF65FF65FF65FF65FF65FF3C
:10C4E00065FF65FF65FF65FF65FF65FF65FF65FF2C
:10C4F00065FF65FF65FF65FF65FF65FF65FF65FF1C
:10C5000065FF65FF65FF65FF65FF65FF65FF65FF0B
:10C5100065FF65FF65FF65FF65FF65FF65FF65FFFB
:10C5200065FF65FF65FF65FF65FF65FF65FF65FFEB
:10C5300065FF65FF65FF65FF65FF65FF65FF65FFDB
:10C5400065FF65FF65FF65FF65FF65FF65FF65FFCB
:10C5500065FF65FF65FF65FF65FF65FF65FF65FFBB
:10C5600065FF65FF65FF65FF65FF65FF65FF65FFAB
:10C5700065FF65FF65FF65FF65FF65FF65FF65FF9B
:10C5800065FF65FF65FF65FF65FF65FF65FF65FF8B
:10C5900065FF65FF65FF65FF65FF65FF65FF65FF7B
:10C5A00065FF65FF65FF65FF65FF65FF65FF65FF6B
:10C5B00065FF65FF65FF65FF65FF65FF65FF65FF5B
:10C5C00065FF65FF65FF65FF65FF65FF65FF65FF4B
:10C5D00065FF65FF65FF65FF65FF65FF65FF65FF3B
:10C5E00065FF65FF65FF65FF65FF65FF65FF65FF2B
:10C5F00065FF65FF65FF65FF65FF65FF65FF65FF1B
:10C6000065FF65FF65FF65FF65FF65FF65FF65FF0A
:10C6100065FF65FF65FF65FF65FF65FF65FF65FFFA
:10C6200065FF65FF65FF65FF65FF65FF65FF65FFEA
:10C6300065FF65FF65FF65FF65FF65FF65FF65FFDA
:10C6400065FF65FF65FF65FF65FF65FF65FF65FFCA
:10C6500065FF65FF65FF65FF65FF65FF65FF65FFBA
:10C6600065FF65FF65FF65FF65FF65FF65FF65FFAA
:10C6700065FF65FF65FF65FF65FF65FF65FF65FF9A
:10C6800065FF65FF65FF65FF65FF65FF65FF65FF8A
:10C6900065FF65FF65FF65FF65FF65FF65FF65FF7A
:10C6A00065FF65FF65FF65FF65FF65FF65FF65FF6A
:10C6B00065FF65FF65FF65FF65FF65FF65FF65FF5A
:10C6C00065FF65FF65FF65FF65FF65FF65FF65FF4A
:10C6D00065FF65FF65FF65FF65FF65FF65FF65FF3A
:10C6E00065FF65FF65FF65FF65FF65FF65FF65FF2A
:10C6F00065FF65FF65FF65FF65FF65FF65FF65FF1A
:10C7000065FF65FF65FF65FF65FF65FF65FF65FF09
:10C7100065FF65FF65FF65FF65FF65FF65FF65FFF9
:10C7200065FF65FF65FF65FF65FF65FF65FF65FFE9
:10C7300065FF65FF65FF65FF65FF65FF65FF65FFD9
:10C7400065FF65FF65FF65FF65FF65FF65FF65FFC9
:10C7500065FF65FF65FF65FF65FF65FF65FF65FFB9
:10C7600065FF65FF65FF65FF65FF65FF65FF65FFA9
:10C7700065FF65FF65FF65FF65FF65FF65FF65FF99
:10C7800065FF65FF65FF65FF65FF65FF65FF65FF89
:10C7900065FF65FF65FF65FF65FF65FF65FF65FF79
:10C7A00065FF65FF65FF65FF65FF65FF65FF65FF69
:10C7B00065FF65FF65FF65FF65FF65FF65FF65FF59
:10C7C00065FF65FF65FF65FF65FF65FF65FF65FF49
:10C7D00065FF65FF65FF65FF65FF65FF65FF65FF39
:10C7E00065FF65FF65FF65FF65FF65FF65FF65FF29
:10C7F00065FF65FF65FF65FF65FF65FF65FF65FF19
:10C8000065FF65FF65FF65FF65FF65FF65FF65FF08
:10C8100065FF65FF65FF65FF65FF65FF65FF65FFF8
:10C8200065FF65FF65FF65FF65FF65FF65FF65FFE8
:10C8300065FF65FF65FF65FF65FF65FF65FF65FFD8
:10C8400065FF65FF65FF65FF65FF65FF65FF65FFC8
:10C8500065FF65FF65FF65FF65FF65FF65FF65FFB8
:10C8600065FF65FF65FF65FF65FF65FF65FF65FFA8
:10C8700065FF65FF65FF65FF65FF65FF65FF65FF98
:10C8800065FF65FF65FF65FF65FF65FF65FF65FF88
:10C8900065FF65FF65FF65FF65FF65FF65FF65FF78
:10C8A00065FF65FF65FF65FF65FF65FF65FF65FF68
:10C8B00065FF65FF65FF65FF65FF65FF65FF65FF58
:10C8C00065FF65FF65FF65FF65FF65FF65FF65FF48
:10C8D00065FF65FF65FF65FF65FF65FF65FF65FF38
:10C8E00065FF65FF65FF65FF65FF65FF65FF65FF28
:10C8F00065FF65FF65FF65FF65FF65FF65FF65FF18
:10C9000065FF65FF65FF65FF65FF65FF65FF65FF07
:10C9100065FF65FF65FF65FF65FF65FF65FF65FFF7
:10C9200065FF65FF65FF65FF65FF65FF65FF65FFE7
:10C9300065FF65FF65FF65FF65FF65FF65FF65FFD7
:10C9400065FF65FF65FF65FF65FF65FF65FF65FFC7
:10C9500065FF65FF65FF65FF65FF65FF65FF65FFB7
:10C9600065FF65FF65FF65FF65FF65FF65FF65FFA7
:10C9700065FF65FF65FF65FF65FF65FF65FF65FF97
:10C9800065FF65FF65FF65FF65FF65FF65FF65FF87
:10C9900065FF65FF65FF65FF65FF65FF65FF65FF77
:10C9A00065FF65FF65FF65FF65FF65FF65FF65FF67
:10C9B00065FF65FF65FF65FF65FF65FF65FF65FF57
:10C9C00065FF65FF65FF65FF65FF65FF65FF65FF47
:10C9D00065FF65FF65FF65FF65FF65FF65FF65FF37
:10C9E00065FF65FF65FF65FF65FF65FF65FF65FF27
:10C9F00065FF65FF65FF65FF65FF65FF65FF65FF17
:10CA000065FF65FF65FF65FF65FF65FF65FF65FF06
:10CA100065FF65FF65FF65FF65FF65FF65FF65FFF6
:10CA200065FF65FF65FF65FF65FF65FF65FF65FFE6
:10CA300065FF65FF65FF65FF65FF65FF65FF65FFD6
:10CA400065FF65FF65FF65FF65FF65FF65FF65FFC6
:10CA500065FF65FF65FF65FF65FF65FF65FF65FFB6
:10CA600065FF65FF65FF65FF65FF65FF65FF65FFA6
:10CA700065FF65FF65FF65FF65FF65FF65FF65FF96
:10CA800065FF65FF65FF65FF65FF65FF65FF65FF86
:10CA900065FF65FF65FF65FF65FF65FF65FF65FF76
:10CAA00065FF65FF65FF65FF65FF65FF65FF65FF66
:10CAB00065FF65FF65FF65FF65FF65FF65FF65FF56
:10CAC00065FF65FF65FF65FF65FF65FF65FF65FF46
:10CAD00065FF65FF65FF65FF65FF65FF65FF65FF36
:10CAE00065FF65FF65FF65FF65FF65FF65FF65FF26
:10CAF00065FF65FF65FF65FF65FF65FF65FF65FF16
:10CB000065FF65FF65FF65FF65FF65FF65FF65FF05
:10CB100065FF65FF65FF65FF65FF65FF65FF65FFF5
:10CB200065FF65FF65FF65FF65FF65FF65FF65FFE5
:10CB300065FF65FF65FF65FF65FF65FF65FF65FFD5
:10CB400065FF65FF65FF65FF65FF65FF65FF65FFC5
:10CB500065FF65FF65FF65FF65FF65FF65FF65FFB5
:10CB600065FF65FF65FF65FF65FF65FF65FF65FFA5
:10CB700065FF65FF65FF65FF65FF65FF65FF65FF95
:10CB800065FF65FF65FF65FF65FF65FF65FF65FF85
:10CB900065FF65FF65FF65FF65FF65FF65FF65FF75
:10CBA00065FF65FF65FF65FF65FF65FF65FF65FF65
:10CBB00065FF65FF65FF65FF65FF65FF65FF65FF55
:10CBC00065FF65FF65FF65FF65FF65FF65FF65FF45
:10CBD00065FF65FF65FF65FF65FF65FF65FF65FF35
:10CBE00065FF65FF65FF65FF65FF65FF65FF65FF25
:10CBF00065FF65FF65FF65FF65FF65FF65FF65FF15
:10CC000065FF65FF65FF65FF65FF65FF65FF65FF04
:10CC100065FF65FF65FF65FF65FF65FF65FF65FFF4
:10CC200065FF65FF65FF65FF65FF65FF65FF65FFE4
:10CC300065FF65FF65FF65FF65FF65FF65FF65FFD4
:10CC400065FF65FF65FF65FF65FF65FF65FF65FFC4
:10CC500065FF65FF65FF65FF65FF65FF65FF65FFB4
:10CC600065FF65FF65FF65FF65FF65FF65FF65FFA4
:10CC700065FF65FF65FF65FF65FF65FF65FF65FF94
:10CC800065FF65FF65FF65FF65FF65FF65FF65FF84
:10CC900065FF65FF65FF65FF65FF65FF65FF65FF74
:10CCA00065FF65FF65FF65FF65FF65FF65FF65FF64
:10CCB00065FF65FF65FF65FF65FF65FF65FF65FF54
:10CCC00065FF65FF65FF65FF65FF65FF65FF65FF44
:10CCD00065FF65FF65FF65FF65FF65FF65FF65FF34
:10CCE00065FF65FF65FF65FF65FF65FF65FF65FF24
:10CCF00065FF65FF65FF65FF65FF65FF65FF65FF14
:10CD000065FF65FF65FF65FF65FF65FF04000108BE
:10CD1000002000000CAD020800FF0055AAFF001122
:10CD20002233445566778899AABBCCDDEEFF00011B
:10CD300002030405060708090A0B0C0D0E0F10115B
:10CD400012131415161718191A1B1C1D1E1F20214B
:10CD500022232425262728292A2B2C2D2E2F30313B
:10CD600032333435363738393A3B3C3D3E3F40412B
:10CD700042434445464748494A4B4C4D4E4F50511B
:10CD800052535455565758595A5B5C5D5E5F60610B
:10CD900062636465666768696A6B6C6D6E6F7071FB
:10CDA00072737475767778797A7B7C7D7E7F8081EB
:10CDB00082838485868788898A8B8C8D8E8F9091DB
:10CDC00092939495969798999A9B9C9D9E9FA0A1CB
:10CDD000A2A3A4A5A6A7A8A9AAABACADAEAFB0B1BB
:10CDE000B2B3B4B5B6B7B8B9BABBBCBDBEBFC0C1AB
:10CDF000C2C3C4C5C6C7C8C9CACBCCCDCECFD0D19B
:10CE0000D2D3D4D5D6D7D8D9DADBDCDDDEDFE0E18A
:10CE1000E2E3E4E5E6E7E8E9EAEBECEDEEEFF0F17A
:10CE2000F2F3F4F5F6F7F8F9FAFBFCFDFEFF80806B
:10CE300080818182828384858687898A8C8D8F9187
:10CE4000939597999B9EA0A2A5A7AAADAFB2B50056
:10CE5000FF1FFF1F01E001E0210020000A080B086E
:10CE60000D300C300E380F386400630000000000F5
:10CE7000804C0308F92B01080000000000000000AE
:10CE800000000000C300C300041C0000804C030825
:10CE9000F92202080000000000000000000000006D
:10CEA00064202B0000000000804C0308D5230208FA
:10CEB0000000000000000000000000006420D127F6
:10CEC00000000000804C03085B2E0108B52E01080D
:10CED00000000000192F010864200401C0080000B0
:10CEE000804C0308753B01080000000000000000B2
:10CEF000C13B01080401040101040000804C030847
:10CF0000B58601080000000000000000F986010855
:10CF10000000000000070000144B0308318B0108DB
:10CF2000000000000000000000000000642032202B
:10CF300001040000F84F03084C5003086450030834
:10CF40002450030850500308585003086C5003083D
:10CF50005C5003083050030844500308485003084D
:10CF600080500308F04F03080C50030814500308C6
:10CF70005450030820500308285003082C5003087D
:10CF8000044D030834500308385003080C4D0308BF
:10CF900088500308F04F030810500308005003089E
:10CFA00070500308685003081C50030860500308C1
:10CFB00018500308405003083C500308045003086D
:10CFC000FC4F030808500308F04F0308845003087F
:10CFD00078500308F44F03087C500308745003088A
:10CFE0008C500308950104020402040204020402A6
:10CFF00004020402040204020402870096010302F0
:10D0000003020302030203020302030203020302F8
:10D010008700810281020102010201020102010274
:10D020000102010281028102810292018200060056
:10D0300082009201F84F0308D0500308E85003081B
:10D04000A0500308D4500308DC500308F050030834
:10D05000E0500308B0500308C8500308CC50030840
:10D0600080500308F04F0308F8500308905003085D
:10D07000D85003089C500308A4500308A850030884
:10D08000AC500308B4500308B8500308BC50030860
:10D0900088500308F04F030810500308005003089D
:10D0A000F4500308EC50030898500308E4500308B8
:10D0B00094500308C4500308C050030804500308E8
:10D0C000FC4F030808500308F04F0308845003087E
:10D0D00078500308F44F03087C5003087450030889
:10D0E0008C500308950104020402040204020402A5
:10D0F00004020402040204020402870096010302EF
:10D1000003020302030203020302030203020302F7
:10D110008700810281020102010201020102010273
:10D120000102010281028102810292018200060055
:10D130008200920128510308B04C03082C510308C7
:10D14000C04C030830510308345103083851030818
:10D15000D84C03083C510308A44C03088050030832
:10D16000F04F0308F850030820510308005003084B
:10D17000245103081C510308485103080C510308AB
:10D18000FC5003085051030804510308445103089C
:10D190004C510308F04F03085C5103085451030835
:10D1A0000851030814510308185103086451030877
:10D1B000685103085851030860510308405103089F
:10D1C0000051030810510308F04F0308845003086E
:10D1D00078500308F44F03087C5003087450030888
:10D1E0008C50030801020102010201020102010246
:10D1F0000102010201020102820092010102010208
:10D200000102010201020102010201020102010206
:10D2100001020102010201020102010201020102F6
:10D2200001020102010201020102920182000600D4
:10D230008200920128510308B04C03082C510308C6
:10D2400084500308F04F0308C04C03083051030812
:10D250003451030874500308F04F03083851030891
:10D26000D84C03083C51030880500308F04F0308D2
:10D270006C510308A44C03080450030878500308B9
:10D280007C5003088C50030801000100010092014A
:10D2900001000100010092010100010001000200F3
:10D2A000010001000100010001000000804C0308A2
:10D2B000999C01080000000000000000B59C0108D6
:10D2C0001A001A0080020000804C030800000000D1
:10D2D000000000000000000000000000C300040186
:10D2E00000000000F84A03080000000000000000F1
:10D2F000000000000000000000000000000000002E
:10D30000A04B030800000000000000000000000027
:10D31000000000000000000000000000804C030836
:10D320008DA50108F1A60108000000000000000022
:10D33000C300040140060000804C0308F9A6010860
:10D340002DA7010800000000000000006420D12784
:10D3500080020000804C0308CDA6010800000000F8
:10D3600000000000000000006420D1270000000041
:10D37000804C0308B5A70108000000000000000071
:10D38000000000006420D12700000000804C03084A
:10D39000000000000000000000000000000000008D
:10D3A000D127D12700000000804C030800000000B6
:10D3B000000000000000000000000000000000006D
:10D3C00000000000804C0308000000000000000086
:10D3D000000000000000000000000000000000004D
:10D3E000804C030800000000000000000000000066
:10D3F000000000000000000000000000804C030856
:10D40000000000000000000000000000000000001C
:10D410000000000000000000804C0308F9A801088B
:10D4200015A90108000000002DA901080000000056
:10D43000C0030000804C0308000000000000000052
:10D4400000000000000000000401D127800300005C
:10D45000804C0308000000000000000000000000F5
:10D46000000000006420D12740020000804C030827
:10D4700000000000000000000000000000000000AC
:10D480006420642040020000644C030885F8010811
:10D49000000000000000000011F901080000000079
:10D4A00041070000C04A030811FC01080000000009
:10D4B000000000000000000000000000000000006C
:10D4C000804C03087D060208A10702080000000046
:10D4D000FD0702086420642000030000804C03085C
:10D4E00041120208000000000000000000000000DF
:10D4F0000000000080020000804C03089512020822
:10D50000000000000000000000000000000000001B
:10D5100080020000804C0308F91B02080000000094
:10D5200000000000000000006420642040020000B1
:10D530000EA0D90D90C80C80B70A60110B80D91FBE
:10D540000991F0881F0880F088000000000D203C41
:10D5500000000F0069002FFFFFFFF7015C11A6100C
:10D56000006900C300008800D2009FFFFFFFF01297
:10D57000C523E22000D203C00000F004B000000088
:10D58000700000000E00000000E0000019EFEA301B
:10D590000CD6E6A702F40E00001F80E000006FEF3B
:10D5A00050000016FFE500000E0AF00100E05F13D6
:10D5B000F85E6EB005CFFE9100000E000000007016
:10D5C000000008DD3000A7004B02D004C000770047
:10D5D000D01D20004B03D0A7000007DC34C4CC30A2
:10D5E00000001D2D22D00000A63B00B30005C03A6C
:10D5F00000A3001D200D00D000A60004CC40004D6B
:10D60000FC300000F718C00001F205D00000BB6E2E
:10D610004000005FF3000007E6DB03802F301DBAF7
:10D62000A05F0001DF401FB448FEC003BFFC40B252
:10D6300000000000001F01F01F00F0000003F10BCC
:10D64000900F404F007D009B00AA00AA009B007D28
:10D65000004F000F400B9003F15E000E6008C00405
:10D66000F001F300F500E600E600F501F304F00830
:10D67000C00E605E0000930088A6C209FE404DDD2A
:10D68000B1429350005200000450000008A0000076
:10D6900008A0001FFFFFF30339B3300008A000000B
:10D6A00008A0000103F61E60E12C00000003FFF952
:10D6B0000333100003F52E4000000E400004E0008C
:10D6C000009A00000E400004F000009A00000E4096
:10D6D0000003F000009A00000E500003F000009AD2
:10D6E00000000E500003F00000004CFE70004FB62A
:10D6F0008F900DB0005F32F40000E74F20000CA4C3
:10D70000F20000CA2F40000E70DB0005F204FB6837
:10D71000F90004CFE700EFFB44CB00AB00AB00AB5C
:10D7200000AB00AB00AB00AB00AB07DFEA108E85AF
:10D730007EC0010006F1000006F000000D90000020
:10D74000CC00001CC00001DB00001DE544427FFF4F
:10D75000FFF97FFFFFF024445F900000BC00000948
:10D76000E100003FD81000046DD0000002F410006A
:10D7700002F4BD757DD019DFEA1000000DA0000095
:10D7800000AC00000007E10000004F40100002F66E
:10D7900000F5001DA000F5007FFFFFFFF3133333FA
:10D7A000F730000000F500000000F50009FFFFF071
:10D7B0000AB444400C8000000E7000000FFFFC40D3
:10D7C00003345CF2000000F7100000F78E856CF166
:10D7D00008DFFB30002AEFD5003FD657400CC000D1
:10D7E0000002F40000004F5BFFA104FE845DD03F07
:10D7F00080003F30E80003F206F845DC0005DFE971
:10D80000109FFFFFFD9D4444E99C0004F200000BC3
:10D81000B000002F400000AD000001F6000008E05D
:10D8200000000E8000006F1000019EFE9100BE639C
:10D830006EC00F60006F00CC202BC002EFFFE20033
:10D84000DC424CD05F20001F55F20002F50ED535AA
:10D85000DE001AEFEA1003BFEA202FA44BE18E008E
:10D8600000E99D0000DD4F7129FF07FFFC9E0002CB
:10D8700010AC000002F607658FB00AEFD7002E53F8
:10D88000F50000000000003F52E42E53F5000000B8
:10D890000000002E52F60D21D001000000003100E2
:10D8A000006CF2018ED6000FC300000AFB4000009E
:10D8B00017EE70000005C3000000001FFFFFF30318
:10D8C00033333000000000000000001FFFFFF303AF
:10D8D000333330040000000ED71000005CF9200044
:10D8E000002AF20003AFB106DE82001C60000000D7
:10D8F00000000007DFEA109E746EC0010006F00011
:10D900000009C000008E200006F200000870000030
:10D91000000000000B8000000C900000006CEFDAAB
:10D920004000003DA41016D90001E509EE98CA9008
:10D930000A80BD43AFC0D30F13F2000CC0693C0690
:10D94000D00007C03B4B06D00007C02C3C03F200C0
:10D950000CC04A0F10BD439EE3C50A8009EE91CF6B
:10D960009001E50000000000003DA4102800000028
:10D97000007CEFD9100000000CF1000000003FD740
:10D9800000000000B96E00000002F20E5000000915
:10D99000A007D000001F3000F400007FFFFFFB0055
:10D9A00000E733334F2005F000000C900C9000008E
:10D9B00006F18FFFFEC408E3334BF28E00001F58C0
:10D9C000E00018F18FFFFFF808E33337F68E000010
:10D9D00009C8E000009D8E33347F78FFFFFD7000A2
:10D9E00007CFFB4000CF966AF50AE20000301F60C7
:10D9F0000000004F200000004F200000001F6000CA
:10DA000000000AE200003001CF966AF50007DFFB54
:10DA1000408FFFFEA4008E4446CF708E000007F3B7
:10DA20008E000000DA8E0000009D8E0000009D8EAA
:10DA3000000000DA8E000007F38E4446BF708FFFAF
:10DA4000FEA4008FFFFFF68E4444418E0000008E3E
:10DA50000000008FFFFFC08E3333208E0000008E49
:10DA60000000008E4444428FFFFFF98FFFFFF68EC7
:10DA70004444418E0000008E0000008E0000008FA4
:10DA8000FFFFC08E3333208E0000008E0000008E1A
:10DA90000000000007CFFC5000CF966AF60AE200B3
:10DAA00000201F600000004F200000004F200000F9
:10DAB000B91F600000B90AE30000B900CF966AF808
:10DAC0000007DFFC608E000008E8E000008E8E009A
:10DAD0000008E8E000008E8FFFFFFFE8E333339E8D
:10DAE0008E000008E8E000008E8E000008E8E000EC
:10DAF000008E8E8E8E8E8E8E8E8E8E8E02FFFFC04C
:10DB00000444BC000009C000009C000009C00000E3
:10DB10009C000009C02000BA0EB58F603CFE808ECC
:10DB200000004F508E0004F6008E003F70008E0300
:10DB3000F800008E2EC000008EECF600008FB07F43
:10DB400030008E000AE1008E0000CC008E00001E26
:10DB5000A08E0000008E0000008E0000008E0000ED
:10DB6000008E0000008E0000008E0000008E00007D
:10DB7000008E4444408FFFFFF28E00000008E8F75B
:10DB8000000002FE8FF10000BFE8DCA0004F9E8D78
:10DB90002F300D87E8D09C06E07E8D01E7E507E891
:10DBA000D006FC007E8D000A2007E8D00000007E31
:10DBB0008E100008E8FC00008E8FF90008E8E6F6F9
:10DBC000008E8E09F308E8E00CE18E8E001EB8E8A6
:10DBD000E0003FEE8E00006FE8E00000AE0007CFEF
:10DBE000EB500000CF966BF9000AE200005F601F67
:10DBF0006000000AD04F20000006F04F2000000611
:10DC0000F01F6000000AD00AE200005F6000CF96BB
:10DC10006BFA000007DFEB50008FFFFD7008E44552
:10DC20008FB08E00005F38E00001F58E00003F48A5
:10DC3000E0014DD08FFFFFB208E33310008E0000EB
:10DC40000008E00000000007CFEB500000CF966B0B
:10DC5000F9000AE200005F601F6000000AD04F2058
:10DC6000000006F04F20000005F01F6000000AD001
:10DC70000AE200005F6001DF855AFA000008DFFC5D
:10DC80005000000001EC21940000001BFFC10000C7
:10DC9000000012008FFFFD7008E4458FB08E000079
:10DCA0005F38E00001F58E00003F38E0014DD08F75
:10DCB000FFFFC208E333DA008E0002F608E0000539
:10DCC000F3019EFDA200CE646B702F40000001F8AE
:10DCD00000000006FD950000016AEE500000009F64
:10DCE00000200005F13FA547EB004BEFE910FFFFD7
:10DCF000FFFF2444BD44400009C00000009C000018
:10DD00000009C00000009C00000009C00000009C49
:10DD100000000009C00000009C00009C00000BA94E
:10DD2000C00000BA9C00000BA9C00000BA9C000013
:10DD30000BA9C00000BA8E00000D94F40003F50C8E
:10DD4000F868FD0009EFE9100CB000000AC05F2080
:10DD50000001F500E900008E0008F0000E70001FC1
:10DD60006005F10000AD00C9000003F43F30000081
:10DD70000CBAC00000005FF500000000EE00006F6C
:10DD800010000DB00002F21F60003FF10008D00B40
:10DD9000B0008BE6000D7006F000E69B002F20011E
:10DDA000F503F14F108D0000CA09B00E60D80000D5
:10DDB0006F0E6009B2F300001F9F1004F9D000003D
:10DDC0000CFB0000EF80000007F600009F30003FD2
:10DDD00050000DA008F2009D0000CC04F300002FBD
:10DDE0009E70000006FC00000009FE1000004F4D70
:10DDF000B00001E802F7000BD0007F207F20000B6D
:10DE0000D00CB000009C002F50002F30009E000C62
:10DE1000900000E805F1000005F3E60000000CFDAD
:10DE2000000000003F4000000002F3000000002F4F
:10DE30003000000002F300004FFFFFFF9144444A0E
:10DE4000F3000003F6000001EA000000CC0000002F
:10DE50009E1000006F4000003F7000001ED444443C
:10DE600036FFFFFFFC8FF68D318D008D008D008D0C
:10DE7000008D008D008D008D008D008D008D318F07
:10DE8000F65D000000F200000B8000006D00000154
:10DE9000F200000B8000006D000001F200000B702A
:10DEA00000006D000001F200000B7000006D00002A
:10DEB00001F2BFF325F302F302F302F302F302F3DC
:10DEC00002F302F302F302F302F325F3BFF300AD12
:10DED00000001EC4000885A000E20E105B00970B36
:10DEE0005002E0EEEEEEE00BC00009B004CFEA1005
:10DEF0000B745DB0000004F004CEEEF21F8214F249
:10DF00004F1004F21F703DF204DFD7F2BA00000098
:10DF1000BA000000BA000000BA8EFC30BFD54BF347
:10DF2000BE1000CABA00007EBA00007EBE1000CA51
:10DF3000BFD55BF3B98EFC30007DFD6009F748F476
:10DF40002F5000205F0000005F0000002F500020D5
:10DF500009F748F4007DFD600000001F400000014B
:10DF6000F40000001F4008EFC4F40AF748FF42F530
:10DF70000007F45F00002F45F00001F42F50006F00
:10DF800040AE637EF4008EFC4F40008EFC400AD50C
:10DF900038F42F20008C5FEEEEFF5F2111112F70FF
:10DFA000001009F846E4007DFE80009EE305F44180
:10DFB00008C000CFFFF029D32008D00008D0000807
:10DFC000D00008D00008D00008D000007EFC4E60D1
:10DFD000AF747FF62F50005F65F00000F65F000021
:10DFE0000F62F60006F609F747FF5007EFC4F50089
:10DFF00000003F20CB646EB003AEFD8000BA00008D
:10E0000000BA000000BA000000BA8EFB20BFC56D48
:10E01000D0BE0003F2BA0000F4BA0000F5BA000066
:10E02000F5BA0000F5BA0000F5BAA800BABABABA53
:10E03000BABABABA000AB0009900000000AB000AF0
:10E04000B000AB000AB000AB000AB000AB000AB0F1
:10E0500000AA064E71DFA0BA000000BA000000BAA4
:10E06000000000BA001CC0BA01CC00BA1CD100BB31
:10E07000CF6000BFDBE100BD11DC00BA003F70BA29
:10E080000007F3BABABABABABABABABABABAB99E41
:10E09000FA15DFD40BFB45EDE64AF2BE0006F600AA
:10E0A0000E7BA0004F2000C9BA0003F1000C9BA01A
:10E0B000003F1000C9BA0003F1000C9BA0003F1004
:10E0C00000C9B99EFB20BFB45DD0BE0003F2BA0008
:10E0D00000F4BA0000F5BA0000F5BA0000F5BA0085
:10E0E00000F5007DFD60009F748F702F50007F054C
:10E0F000F00001F35F00002F32F50007F009F74848
:10E10000F70007DFD600B98EFC30BFC43AF3BE106B
:10E1100000CABA00007EBA00007EBE1000CABFD599
:10E120005BF3BA7EFC30BA000000BA000000BA000F
:10E130000000008EFC3F40AF748EF42F50007F45EE
:10E14000F00001F45F00002F42F50007F40AF748E1
:10E15000FF4008EFC4F40000001F40000001F4007D
:10E1600000001F40B98E4BFD71BE100BB000BA000D
:10E170000BA000BA000BA00005DFEA13F735A06F73
:10E18000000001EE9610016AEF300000D96C646F58
:10E1900062AEFD7008D00008D000CFFFF029D32078
:10E1A00008D00008D00008D00008D00005F55100C4
:10E1B0009FE3C80002F3C80002F3C80002F3C800DE
:10E1C00002F3C90003F3AB0007F35F837EF306DFBE
:10E1D000C5F30D90000AA06E0001F300F5007D006C
:10E1E00009C00E60003F24F00000C8B9000006FF1F
:10E1F0003000000FC000C80006F1000D56D000CF5F
:10E200006003F01F302F9C009A00B807B2F10E4057
:10E2100005E0D60C74E0000F6F007C990000AFA001
:10E2200001FF400005F4000BE0004F3007E109D08A
:10E230002F4000D9D900003FD000004FE10001E796
:10E24000BB000BB01E707E1005F30D90000AA06F8E
:10E250000001F300F6007D0009C00D60002F34F0CE
:10E260000000C9A9000005FF2000000EC00000004A
:10E27000E5000094AD00001BFC2000005FFFFFA143
:10E280003337F40001E70000CB00008E10004F4050
:10E29000001EA33326FFFFFC006EA00F9201F400C6
:10E2A0001F4001F4003F303FC0006F3001F4001FF9
:10E2B0004001F4001F4000FA2005EA8B8B8B8B8B0A
:10E2C0008B8B8B8B8B8B8B8B8BBE5002AE0005F0B8
:10E2D000005F0005F0004F1000DF104F5005F00008
:10E2E0005F0005F0005F002AE00BE40007EC40B49B
:10E2F0001E25DFC00100000004CC302B01C05700F8
:10E30000932B01C005CC3006A10FF60BE2000000F4
:10E31000000000000000000000027BFB0000000481
:10E320009DFFFFD00003AFFFFFFFFD0000AFFFFF29
:10E33000FFDFD0000AFFFFB610ED0000AF94000031
:10E340000ED0000AF1000000ED0000AF1000000E3A
:10E35000D0000AF1000045FD0000AF1001EFFFD032
:10E36000179DF1005FFFFC0EFFFF1000AFFD31FFB6
:10E37000FFE00000010003BDA300000000005018F2
:10E380008888888405FABFDDDDDDFDAFE47F1000FD
:10E3900000CA4EE04F100000C80EFEEF100000CF84
:10E3A000EFE03FEEEEEEF80EF68F766666EB6FF876
:10E3B000AF100000CC8FE03F100000C80EFCDF65FE
:10E3C0005555EECFC25FFFFFFFF92C5775057777E4
:10E3D0007775FFFF1FFFFFFFFFFFFF2FFFFFFFFF0F
:10E3E000EFFF0EFFFFFFFE01100011111110EFFEF5
:10E3F0000EFFFFFFFEFFFF2FFFFFFFFFFFFF1FFFCF
:10E40000FFFFFF688707888888866887078888886D
:10E4100086FFFF1FFFFFFFFFFFFF2FFFFFFFFFDF55
:10E42000FD0DFFFFFFFD0000000000015000000097
:10E4300000001DF80000000001DFFD000000001DCD
:10E44000FFE22D600001DFFE20DFF7001DFFE2008C
:10E450008FFF71DFFE200008FFFEFFE20000008F4B
:10E46000FFFE2000000008FFE200000000007D2009
:10E4700000000000000000007F60000BE2EFF600EB
:10E48000BFF84FFF6BFFD104FFFFFD10005FFFE1FE
:10E490000000BFFFF6000BFFDFFF60BFFD14FFF5BC
:10E4A000CFD1004FF61710000360000000110000EC
:10E4B00000000000FF000000006F21FF12F70006BF
:10E4C000FF61FF16FF601FF901FF109FF16FE00170
:10E4D000FF100EF6AF8001FF1008FACF6001FF10A9
:10E4E00006FCAF8000AA0008FB7FD00000000DF7FB
:10E4F0001FF80000008FF107FF91002AFF70009FB6
:10E50000FFEEFFF9000005CFFFFD500000000244C0
:10E510002000000000000000000000000AFFA00032
:10E520000000000CFFC0000003D6DFFFFD6D300EC1
:10E53000FFFFFFFFFFE05FFFFFAAFFFFF51AFFF4F9
:10E54000004FFFA103FFD0000DFF3004FFF0000FCC
:10E55000FF404FFFFB22BFFFF42FFFFFFFFFFFF243
:10E5600009FEFFFFFFEF9000505EFFE50500000091
:10E570000CFFC00000000004774000000000000312
:10E58000100341000000009FF50DF50000001BFD89
:10E59000FF8DF5000002DFB12DFFF500004FF83EC2
:10E5A000C2BFF50007FF55FFFE39FE409FE38FFF16
:10E5B000FFF56FF6AC2AFFFFFFFF73E6005FFFFF7A
:10E5C000FFFFF100006FFFD77FFFF200006FFF90A9
:10E5D0000DFFF200006FFF900DFFF200004FFF7083
:10E5E0000BFFE1000000003300000000000BFFB053
:10E5F000000000000CFFC0000000000CFFC0000085
:10E6000000000CFFC0000000000CFFC00000008FE5
:10E61000FFFFFFF800002EFFFFFFE2000002EFFF08
:10E62000FE200000002DFFE20000799982DE28998B
:10E6300097FFFFFB22BFFFFFFFFFFFFFFFFFFFFF73
:10E64000FFFFFFFAB3CFACCCCCCCCCCCCA0006BB1E
:10E65000BBBBBA3000004FFFFFFFFFE10000EF300F
:10E66000000006FB0009F800000000CF504FD0006A
:10E670000000002FE1DF84420000344BF9FFFFFD72
:10E680000001FFFFFBFFFFFF988BFFFFFCFFFFFF79
:10E69000FFFFFFFFFCFFFFFFFFFFFFFFFB9FFFFFF1
:10E6A000FFFFFFFFF60000000000003300018DFFB8
:10E6B000C600EF004EFFFFFFE4DF04FFB3004CFF96
:10E6C000FF0EF90000008FFF6FC00001FFFFFF8EFB
:10E6D000500001DEEEED00000000000000222222CA
:10E6E00000000021FFFFFF100008F8FFFBBC100036
:10E6F0001EF4FFFC100001DFC0FEEFE8448EFE10A8
:10E70000FE1AFFFFFFC100FD0028BB9400000000BF
:10E7100002700002EF0002EFFDFFFFFFFFFFFFFFAF
:10E72000FFFFFFFFFFFFFFFFFFFF3447FFF0000584
:10E73000FF000005C00000000000027000000002A1
:10E74000EF00000002EFF0000DFFFFFF0220FFFFCF
:10E75000FFF08E1FFFFFFF00E7FFFFFFF03F5FFFAF
:10E76000FFFF08903447FFF000000005FF000000A5
:10E770000005C000000000000000000000000007CD
:10E780007000000002700005FA0000002EF0008109
:10E790004F600002EFF001DD07F0DFFFFFF0321EF7
:10E7A00080F6FFFFFFF08E27E0B9FFFFFFF00E734A
:10E7B000F19BFFFFFFF03F54F09AFFFFFFF0890A43
:10E7C000C0D83447FFF0007F43F300005FF002F64B
:10E7D0000CB0000005C00000BF10000000000009E0
:10E7E000E300000000000002100037888888888855
:10E7F00073EFFFFFFFFFFFFEFE32DFFFFFFFFFF9BA
:10E80000007FFFFDFFFFFD10CFFFA07FFFFFFFFF99
:10E81000FA0007FFFFF35FA00000CFFF3003000006
:10E8200000CFFC0000000000CFFFCCCCCCCCCCFF54
:10E83000AFFFFFFFFFFFF900002000000001FA001A
:10E84000000006FF1000000DFF7000006FFFF100D8
:10E8500001EFFFFA000BFFFFFF605FFFFFFFE0CF5C
:10E86000FFFFFFF6FEBFFFFFF9FD4FFFFFF9BF49B6
:10E87000FFFFF53FE52EFFD006FFFFFD200028BA81
:10E88000600004300000311FE00006F91FE0007F47
:10E89000FA1FE009FFFA1FE0AFFFFA1FEBFFFFFAD4
:10E8A0001FFFFFFFFA1FFFFFFFFA1FE6FFFFFA1F20
:10E8B000E05FFFFA1FE004FFFA1FE0003EFA0FD00E
:10E8C0000002D700000000000200000000000CFB66
:10E8D0002000000000FFFF900000000FFFFFE60097
:10E8E0000000FFFFFFFC30000FFFFFFFFF9100FF64
:10E8F000FFFFFFFFE60FFFFFFFFFFFF2FFFFFFFF3E
:10E90000FFFD0FFFFFFFFFF800FFFFFFFFB2000F4B
:10E91000FFFFFD400000FFFFF70000000FFFA10018
:10E920000000006A4000000000001444200144423E
:10E930000DFFFF10DFFFF1FFFFF30FFFFF3FFFFFB2
:10E9400040FFFFF4FFFFF40FFFFF4FFFFF40FFFF0B
:10E95000F4FFFFF40FFFFF4FFFFF40FFFFF4FFFF47
:10E96000F40FFFFF4FFFFF40FFFFF4FFFFF40FFF27
:10E97000FF4FFFFF30FFFFF39FFFC009FFFC0014B4
:10E9800044444444420DFFFFFFFFFFF1FFFFFFFF40
:10E99000FFFF3FFFFFFFFFFFF4FFFFFFFFFFFF4F02
:10E9A000FFFFFFFFFFF4FFFFFFFFFFFF4FFFFFFF32
:10E9B000FFFFF4FFFFFFFFFFFF4FFFFFFFFFFFF42D
:10E9C000FFFFFFFFFFFF4FFFFFFFFFFFF39FFFFF73
:10E9D000FFFFFC0002100000420FE20003FB0FFEED
:10E9E0003004FB0FFFF404FB0FFFFF54FB0FFFFF8E
:10E9F000FAFB0FFFFFFFFB0FFFFFFFFB0FFFFFD631
:10EA0000FB0FFFFD14FB0FFFC104FB0FFB0004FB1A
:10EA10000CA00003FA00000000000000001200003B
:10EA200000000003FF60000000002EFFF500000062
:10EA300001EFFFFF4000001DFFFFFFF30000CFFFCD
:10EA4000FFFFFE200AFFFFFFFFFFE00EFFFFFFFFBB
:10EA5000FFF2039999999999500588888888887058
:10EA60000FFFFFFFFFFFF30FFFFFFFFFFFF40BFFA1
:10EA7000FFFFFFFFD1000000000000003F900000FA
:10EA80003FFC00003FFD10003FFD10003FFD100067
:10EA90001FFD100000CFF4000000CFF4000000CFF5
:10EAA000F4000000CFF4000000CFE0000000A4005C
:10EAB0000000000000CD1000001FFD1000003FFD11
:10EAC0001000003FFD1000003FFD1000003FFD0062
:10EAD0000008FF900008FF900008FF900008FF90DA
:10EAE0000002FF90000007800000000000045000BA
:10EAF00000000002FF60000000003FF7000000007F
:10EB000003FF70000000003FF7000006999AFFC95C
:10EB10009980FFFFFFFFFFFF3DFFFFFFFFFFF201B7
:10EB2000113FF71110000003FF70000000003FF7D5
:10EB30000000000003FF70000000000CD300000084
:10EB40006999999999980FFFFFFFFFFFF3DFFFFF86
:10EB5000FFFFFF20000000000000000001566400DD
:10EB600000000003BFFEEFF91000007FFA1003DF82
:10EB7000E40008FFA009B41EFF504FFF200BFF2642
:10EB8000FFE1EFFF09CFFF63FFFABFFF09FFFF546B
:10EB9000FFF61EFF51DFFB09FFB003EFE204305F19
:10EBA000FC10002CFF956AFF9000000049DFFD92E9
:10EBB0000000000000000000000000CD2000000068
:10EBC000000000008FF50014664000000004EFAC68
:10EBD000FFEFFF910000001CFFA1004DFE30000080
:10EBE000009FF5AB31EFF40007B105FFFFE17FFEB9
:10EBF000100FFE302DFFF54FFF900CFFE000AFF639
:10EC00005FFF6002FFF40006FFEFFB00004FFD1006
:10EC1000003EFFC0000002DFE85401BFE300000037
:10EC200005AEFF6007FF60000000000000004EF628
:10EC30000000000000000001A10000000000000032
:10EC400000000000003ED00000000000000CFF802B
:10EC5000000000000006FFFF200000000000EFFFA2
:10EC6000FB00000000008FFCCFF4000000002FFB31
:10EC700000FFD00000000BFFC00FFF70000004FF7A
:10EC8000FD01FFFF100000DFFFE02FFFFA00007F13
:10EC9000FFFF9BFFFFF3001FFFFFB00EFFFFC00A47
:10ECA000FFFFFE24FFFFFF60FFFFFFFFFFFFFFFAF4
:10ECB00006CCCCCCCCCCCCCB300000000000360055
:10ECC00000000000007F80DDDB00008DEFF8FFFF1B
:10ECD000B007FFFFFD556FF46FF8AFE2000574FF5A
:10ECE000907E2000003FFA0000000002EFB2504A80
:10ECF00000012EFD1DF48FB0FFFFD10BFFFFFBFFC6
:10ED0000FE2000CFFFFB12210000029FC000000088
:10ED100000005B00000007A00000000008FFB0003A
:10ED2000000008FFFFB0000008FF95FFB00008FFDB
:10ED30009005FFB007FF900005FFB09F9000000511
:10ED4000FD004000000003104C20000000B60BFE48
:10ED5000200000CFF02EFE2000CFF4002EFE20CFAA
:10ED6000F400002EFECFF40000002EFFF40000009F
:10ED7000002EF40000000000130000000008300026
:10ED8000000000000000BFF308BBBBBB90000BFFFE
:10ED9000FF39FFFFFFF1008FCFCFF000000AF10035
:10EDA000382F948000000AF100002F900000000A24
:10EDB000F100002F900000030AF130002F900000B6
:10EDC0001FCBF8F8002FEBBBBB39FFFFE2001FFFA2
:10EDD000FFFFB09FFD2000000000000008D10037B9
:10EDE000888700000000EFFFFFA0000000FFFFFF8A
:10EDF000FDCCCCB6FFFFFFFFFFFFFFFFFFFFFFFFD4
:10EE0000FFFFFFFFFFFFFFFFFFFFFFFFFFFFFFFF12
:10EE1000FFFFFFFFFFFFFFFFFFFFFFFFFFFFFFFF02
:10EE2000FFFFFFFFFFAFFFFFFFFFFFF90000000044
:10EE3000000000000001DD10000000001DFFD100F7
:10EE4000000001DFFFFD1000001DFFFFFFD10000EB
:10EE50009FFFFFFFF90000011CFFC1100000000C24
:10EE6000FFC0000000000CFFC0000000000CFFC04D
:10EE7000000079993BFFB39997FFFFB2442BFFFF46
:10EE8000FFFFFEDDEFFFFFFFFFFFFFFAB3CFACCCCC
:10EE9000CCCCCCCCCA000000000002000000000076
:10EEA0000004FFC70000000000AFFFF000000000FA
:10EEB0001FFFFD0000000006FFFFC000000000086B
:10EEC000FFF700000000000CFF300000000004FF0E
:10EED000C00000000001EFF300004A3002DFF8003C
:10EEE00005DFFE15EFFB0000EFFFFFFFFA00000B50
:10EEF000FFFFFFF70000007FFFFFA200000002BA43
:10EF000085000000000004860000001006FFFA00E3
:10EF100002DFD1EF3CF101DFFA0EE0AF21DFFA00B2
:10EF20009FEFF6DFFA00008DFFFFFB00000006FFF9
:10EF3000FD00000048EFFFF600006FFFFBFFF6004A
:10EF40000EF3CF23FFF600EE0AF204FFF609FEFCF3
:10EF50000004FFF108DA1000026200000000000067
:10EF60000000006FFFF987000008FFFF98F708A670
:10EF70008FFFF95990FFA8FFFFFCCC0FFA8FFFFF1E
:10EF8000FFF1FFA8FFFFFFFF1FFA8FFFFFFFF1FF59
:10EF9000A8FFFFFFFF1FFA8FFFFFFFF1FFA8FFFF92
:10EFA000FFFF1FFA7FFFFFFFF0FFE3122222210F76
:10EFB000FFFFFFF90000ACCCCCCB50000049999981
:10EFC0009995000EFFFFFFFFF600FD2222224FF66B
:10EFD0000FC0000001FFF3FC0000001FFF6FC00026
:10EFE0000002FFF6FFFFFFFFFFFF6FFFFFDCFFFFE9
:10EFF000F6FFFFB005FFFF6FFFF6000FFFF6FFFF04
:10F00000C006FFFF6FFFFFEDFFFFF69FFFFFFFFF53
:10F01000FD10CDDDDDDDDDDD2FFFFFFFFFFFF31296
:10F020002222222222000000000000000000000036
:10F0300000000FFFFFFFFFFFF3DEEEEEEEEEEE202F
:10F040000000000000000000000000000DEEEEEEE9
:10F05000EEEEE2FFFFFFFFFFFF30000000000000C8
:10F0600037888888888873EFFFFFFFFFFFFEEFFF78
:10F07000FFFFFFFFFE1CFFFFFFFFFFC1D28FFFFF5F
:10F08000FFF82DFF64EFFFFE45FFFFFA2BFFB2AF45
:10F09000FFFFFFD3553DFFFFFFFFFFBBFFFFFFFF5C
:10F0A000FFFFFFFFFFFFAFFFFFFFFFFFF9000000C3
:10F0B000000001FFFFF00004FFFFD00006FFFF800B
:10F0C0000008FFFF30000AFFFFAAA60CFFFFFFF8B1
:10F0D0000EFFFFFFE10BDDDFFF6000004FFD0000D2
:10F0E000007FF3000000BFA0000000FF100000033D
:10F0F000F800000003C000000000200000000455DC
:10F10000EFB5520000FFFD1FFFB0000FFFFFFFFC37
:10F110000000FFFF533320000FFF97FFFB5700FF56
:10F12000F8AFFFC6F80FFF8AFFFC4AA1FFF8AFFF58
:10F13000E3220FFF8AFFFFFFF4FFF8AFFFFFFF4F4F
:10F14000FF8AFFFFFFF43552AFFFFFFF40000AFFC9
:10F15000FFFFF400007FFFFFFE2000000110000011
:10F16000000000AF00000000018FFA30000002EF45
:10F17000FFFF500000BFFFFFFF10001FFFFFFFF564
:10F180000003FFFFFFFF70005FFFFFFFF90008FFB4
:10F19000FFFFFFC000DFFFFFFFFF209FFFFFFFFF1C
:10F1A000FD0EFFFFFFFFFFF20222222222210000BC
:10F1B00008FFC00000000009A20000005BBBBBBB51
:10F1C000BBBBBBA3FFFFFFFFFFFFFFFBFC0C30E15E
:10F1D0001D0D11FCFC0B30E01D0D10FCFFFEFFEFC0
:10F1E000FEFEEFFCFFF15A0870A05FFCFFF37B29E5
:10F1F00092C27FFCFFBFCBBBBBBFCBFCFC0B200094
:10F20000000D00FCFFCFCCCCCCCFCCFB9FFFFFFF91
:10F21000FFFFFFF6000000000000020000000000F9
:10F220000005DFB00000000007EFFFD0000000186D
:10F23000FFFFFF70000029FFFFFFFF00003BFFFF03
:10F24000FFFFF8000AFFFFFFFFFFF1000FFFFFFFC6
:10F25000FFFFA000049AAAAFFFFF20000000000EED
:10F26000FFFB00000000000EFFF400000000000E95
:10F27000FFC000000000000EFF5000000000000D65
:10F28000FD00000000000004B300000035555502E9
:10F29000000FFFFFF2F400FFFFFF2FF40FFFFFF25C
:10F2A000FFF3FFFFFF32221FFFFFFFFFF7FFFFFF0C
:10F2B000FFFF8FFFFFFFFFF8FFFFFFFFFF8FFFFF45
:10F2C000FFFFF8FFFFFFFFFF8FFFFFFFFFF8FFFFCC
:10F2D000FFFFFF8FFFFFFFFFF88AAAAAAAAA30004C
:10F2E00000002455310000000003AFFFFFFFC700FE
:10F2F0000002BFFFFEDEFFFFF6005FFFB510000358
:10F300008EFFB0DFD300000000008FF5180005AEBF
:10F31000FEC81004600002DFFFFFFFF80000000CD1
:10F32000FF95347DFF40000002A20000007700003E
:10F330000000000296000000000000000DFF5000D9
:10F3400000000000000EFF6000000000000005DA71
:10F35000000000005BBBBBBBBBBBBBBA20FFFFFF19
:10F36000FFFFFFFFFF90FC1222222222220FF7FC58
:10F370005FFFFFFFFFFF2CFAFC5FFFFFFFFFFF2196
:10F38000FAFC5FFFFFFFFFFF27FAFC266666666652
:10F39000661FFAFEBBBBBBBBBBBBBFB1AFFFFFFF72
:10F3A000FFFFFFFF500000000000000000005BBBFB
:10F3B000BBBBBBBBBBBA20FFFFFFFFFFFFFFFF9044
:10F3C000FC1222222221000FF7FC5FFFFFFFF80052
:10F3D0000CFAFC5FFFFFFFF80001FAFC5FFFFFFF84
:10F3E000F80007FAFC2666666663000FFAFEBBBBF0
:10F3F000BBBBBBBBBFB1AFFFFFFFFFFFFFFF5000B9
:10F4000000000000000000005BBBBBBBBBBBBBBA85
:10F4100020FFFFFFFFFFFFFFFF90FC1222221000E2
:10F42000000FF7FC5FFFFFD000000CFAFC5FFFFF4E
:10F43000D0000001FAFC5FFFFFD0000007FAFC26B5
:10F4400066665000000FFAFEBBBBBBBBBBBBBFB1C7
:10F45000AFFFFFFFFFFFFFFF5000000000000000B4
:10F4600000005BBBBBBBBBBBBBBA20FFFFFFFFFF0A
:10F47000FFFFFF90FC1222000000000FF7FC5FFF6F
:10F48000300000000CFAFC5FFF3000000001FAFCC5
:10F490005FFF3000000007FAFC2666100000000F36
:10F4A000FAFEBBBBBBBBBBBBBFB1AFFFFFFFFFFFE8
:10F4B000FFFF500000000000000000005BBBBBBB72
:10F4C000BBBBBBBA20FFFFFFFFFFFFFFFF90FC00AD
:10F4D00000000000000FF7FC0000000000000CFA24
:10F4E000FC00000000000001FAFC00000000000029
:10F4F00007FAFC0000000000000FFAFEBBBBBBBB1C
:10F50000BBBBBFB1AFFFFFFFFFFFFFFF500000001D
:10F510000000000000000000000007B20000000032
:10F5200000000ADFFA000000000000A93DF500001D
:10F5300000044002E00010000000AFF80B60000083
:10F54000006C30FFFFFFFFFFFFFFFFF4AFF9000C7F
:10F550005000006D4005500004C000001000000085
:10F560000000C43EE80000000000002EEFFA00009A
:10F5700000000000004FFA00000000000000000042
:10F5800000000000011000000007EFFFB30000AF13
:10F59000FD8FFF2004FFFD09FFB00AFEFD12AFF052
:10F5A0000EF55D2C0EF30FFF33129FF50FFFF307DF
:10F5B000FFF60FFFE206FFF60FFE24137FF50DF5B1
:10F5C0007D2C0DF30AFFFD11BFF003FFFE0BFFA022
:10F5D000007FFEBFFE100003ACDC8100000034435E
:10F5E000000005667FFFF96650FFFFFFFFFFFF3554
:10F5F0006666666666501CCCCCCCCCC402FFFFFFAE
:10F60000FFFF602FF3FB7F6DF602FF2FB7F5DF6082
:10F610002FF2FB7F5DF602FF2FB7F5DF602FF2FBC5
:10F620007F5DF602FF2FB7F5DF602FF3FB7F6DF6EE
:10F6300001FFFFFFFFFF5007BCCCCCCC90000000C7
:10F640000000000120000000000004FF5000000046
:10F650000002FFFF500000000439FFFE000000041C
:10F66000FF39FFA0000004FFFF39B0000004FFFFD6
:10F67000FF20000004FFFFFFB0000004FFFFFFB009
:10F68000000004FFFFFFB0000004FFFFFFB0000018
:10F6900000BFFFFFB00000000DFFFFB00000000042
:10F6A000FFFFB00000000009A8600000000000009B
:10F6B00000178888888887400002EFFFFFFFFFFF60
:10F6C000F4003EFFFFCFFFCFFFF703EFFFF908F88D
:10F6D00009FFF83EFFFFFE20402EFFF8DFFFFFFF8F
:10F6E000E101EFFFF89FFFFFFF80008FFFF809FFA8
:10F6F000FFF902C209FFF8009FFFFE4EFE4EFFF821
:10F700000009FFFFFFFFFFFFF700008FFFFFFFFF74
:10F71000FFC100000000000003EFFFFFE203FBFB5E
:10F72000CEBFA4FF1D03A1FAFFF1D03A1FAFFFFF28
:10F73000FFFFFAFFFFFFFFFFAFFFFFFFFFFAFFFF33
:10F74000FFFFFFAFFFFFFFFFFAFFFFFFFFFFAFFF6E
:10F75000FFFFFFFAFFFFFFFFFFADFFFFFFFFF829ED
:10F76000AAAAAAA8000000000000000300000000F0
:10F77000000004F1000820000001FF100BF700005A
:10F78000002FF10CFF94444445FF1BFFFFFFFFFFD8
:10F79000FFF18FFFFFFFFFFFFD007FF7000000007C
:10F7A00000006F600000000000003000000000005A
:10F7B00000000000000000000000C0030000000086
:10F7C0000000C003030A00000F00800505050005C6
:10F7D0001C00D0090A0A00004E00B008090F00FE04
:10F7E0009200D00B0C0A0000CE00A0090A0B00FF0B
:10F7F0000501F002030500050D01B004040E01FD32
:10F800002901C004040E00FD4501A00506060005FF
:10F81000570120080807000273013003030500FEAA
:10F820007B0160050503000383013003030300002F
:10F830008801F004070EFFFFB9015009090A000012
:10F84000E6013005040A0000FA011008080A000069
:10F8500022020008080A00004A0260090A0A0000A1
:10F860007C021008080A0000A402A008090A00008F
:10F87000D1026008080A0000F9020009090A000024
:10F880002603A008080A00004E0330030308000006
:10F890005A033003030B00FD6B0320080808000126
:10F8A0008B03200808060002A303200808080001B3
:10F8B000C3030008080A0000EB03800E0E0D00FDD4
:10F8C0004604400A0C0AFF008204A00A090A01004B
:10F8D000AF04200A0A0A0000E104900B0A0A0100A2
:10F8E00013056009080A01003B05E008080A010049
:10F8F0006305D00A0A0A00009505600B090A010099
:10F90000C2055004020A0100CC053007070AFF00B7
:10F91000EF05100A0A0A010021065008080A010032
:10F920004906600D0B0A01008006600B090A010000
:10F93000AD06C00B0C0A0000E906200A090A010006
:10F940001607C00B0C0D00FD6407300A090A010000
:10F950009107B008090A0000BE073008090A000034
:10F96000EB07100B090A01001808F0090B0AFF0049
:10F970004F08C00F100A00009F0870090A0A000013
:10F98000D10810090B0AFF0008093009090A000014
:10F990003509B004040E01FD5109F004070EFFFF04
:10F9A0008209B004040E00FD9E093008070601021A
:10F9B000B3090007070100FFB70960080502010944
:10F9C000BC09600808080000DC099009080B010068
:10F9D000080A000808080000280A9009090B00001E
:10F9E0005A0A9008080800007A0AF004060B000082
:10F9F0009B0AB009090B00FDCD0A9009080B010014
:10FA0000F90AE003020B0100040B0004050EFEFDE1
:10FA1000270BA008080B0100530BE003020B0100A9
:10FA20005E0BD00E0D080100920B90090808010032
:10FA3000B20BE00809080000D60B9009080B01FD85
:10FA4000020C9009090B00FD340CC00505080100EB
:10FA5000480C000707080000640CD005060A0000E7
:10FA6000820C800908080100A20CD0070908FF00D9
:10FA7000C60C900C0D080000FA0CC0070808000026
:10FA80001A0DD007090BFFFD4C0D500707080000A9
:10FA9000680DF004050E00FD8B0D3004020E01FD13
:10FAA000990DF004050E00FDBC0D200808030003AD
:10FAB000C80DE00506050006D70D60040403000329
:10FAC000DD0D000E0F0FFFFE4E0E000E0E0B0000A0
:10FAD0009B0E000E0E0D00FFF60E000E0E0B00002A
:10FAE000430FA0090A0B00007A0F000E0E0F00FE54
:10FAF000E30F000E0E0F00FE4C10C00F100D00FFA4
:10FB0000B410000E0E0F00FE1D11C00F100B0000F0
:10FB10007511000E0E0F00FEDE110007070C00FF2E
:10FB20000812800A0B0C00FF4A12C00F100E00FED4
:10FB3000BA12000E0E0B00000713A0090A0F00FEF8
:10FB40005213400C0A0E01FE9813400C0D0F00FEDC
:10FB5000FA13400C0D0D00FF4F14400C0D0D00FF6B
:10FB6000A414400C0A0E01FEEA14400C0E0DFFFF17
:10FB70004515C008090D00FF8015C008090D00FFDC
:10FB8000BB15400C0D0D00FF1016400C0D040003BA
:10FB90002A16C00F100B000082168011120F00FEF3
:10FBA0000917C00F110FFFFE8917000E0E0D00FF81
:10FBB000E417400C0D0800011818400C0D08000156
:10FBC0004C188011120B0000AF18000E0E0B000035
:10FBD000FC18000E0E0F00FE6519000E0F0FFFFE41
:10FBE000D619400C0D0D00FF2B1A400C0D0F00FE16
:10FBF0008D1A400C0D0D00FFE21A400C0D0C00FF99
:10FC0000301B000E0E0B00007D1BC0080A0FFFFE0C
:10FC1000C81B400C0D0F00FE2A1C400C0D0F00FEEF
:10FC20008C1CC00F100B0000E41C000E100FFFFE18
:10FC30005C1D800A0B0F00FEAF1D8011120D00FF2E
:10FC4000241E8011120A00007E1E8011120A00007C
:10FC5000D81E8011120A0000321F8011120A000003
:10FC60008C1F8011120A0000E61F8011120C00FF89
:10FC70005220400C0C0F00FEAC20400C0D0F00FE7B
:10FC80000E21000E0F0FFFFE7F218011120B0000CE
:10FC9000E221800A0B0F00FE3522100E0F0A000031
:10FCA0000000721F51EF58EF5BEF5CEF5DEF61EF0B
:10FCB00063EF65EF69EF6CEF71EF76EF77EF78EF59
:10FCC0008EEF93EF98EF9BEF9CEF9DEFA1EFA2EFEC
:10FCD000A3EFA4EFB7EFB8EFBEEFC0EFC1EFC4EFF3
:10FCE000C7EFC8EFC9EFCBEFE3EFE5EF14F015F086
:10FCF00017F019F030F037F03AF043F06CF074F090
:10FD0000ABF03BF190F191F192F193F194F1D7F1D5
:10FD1000E3F13DF254F2AAF412F7F2F720000000EA
:10FD20005F00010000000000000000000000020071
:10FD3000B0000000F3F76000A0FC02080000000023
:10FD40003E0003000000010200030405020607084C
:10FD5000090A090A0B0C000D0E0F101112130C14D6
:10FD6000140000001516171819161A1B1C1D1D1E4D
:10FD70001F201D1D1621222303241E25252627288A
:10FD8000292A2B002C002D2E2F303132332D3434E4
:10FD900035302D2D2E2E36373839333A3A3B3A3C12
:10FDA000290000093D0900000000000000000000DB
:10FDB0000000000000000000000000000000000043
:10FDC0000000000000000000000000000000000033
:10FDD0000000000000000000000000000000000023
:10FDE0000000000001020003040502060708090ADA
:10FDF000090A0B0C0D0E0F10110C1213141515001F
:10FE0000000016171819171919191719191A19199D
:10FE1000191917191719031B1C1D1D1E1F2021223C
:10FE200023002400252627272700272628292626E1
:10FE30002A2A272A272A2B2C2D2E2E2F2E3000005F
:10FE4000230931090000000000000000000000004C
:10FE500000000000000000000000000000000000A2
:10FE60000000000000000000000000000000000092
:10FE70000000000000000000000000000000000082
:10FE8000000100000000000000010000020000006E
:10FE90000002000000000000000000000000000060
:10FEA0000000010000000000000000000000000051
:10FEB00000010A0006FB00000000F4F3020B050439
:10FEC000F7020B010902070000000000000000001B
:10FED00000000D02FE000000000000000000000015
:10FEE000000400F90000000000FC04040000FE0013
:10FEF000FE0200FE00FEFFFC00000000FE0000FD10
:10FF0000FD0000FE00FC000000000000000000FEFC
:10FF1000FE00FD00FA00E50000FC0004070000FC04
:10FF200002020704FC040000F300000000000000CF
:10FF300000000000F80000000000000000000000C9
:10FF4000000000FAFDF500F7FE00000000000900C7
:10FF5000F9FEFF0100FC0000FEEF000000000000C1
:10FF60000000000000EEFE0900000000000000009C
:10FF700000000000F7000000000000000000000783
:10FF800000020000FC000000000000000000000073
:10FF90000000000000000902010000000000000055
:10FFA0000000000000000000000000000000000051
:10FFB0000000000000000000000000000000000041
:10FFC000F800000000000000000000000000000039
:10FFD0000000000000000002040207FE000004FE12
:10FFE000F9E102060400FD00080007000700EB002D
:10FFF000FD070007FE0402000001FE0000FC1200E5
:020000040803EF
:100000001200070009030407000000F800000000C8
:1000100001FE0002FCFDFC0200FE000000F70000F3
:10002000000000000000000000F1000000000000DF
:1000300000000000000000000001F400F2000000D9
:1000400000FE0016FDFD0202FE00FD020000F400AD
:1000500000000000000000000000EA0002000000B4
:10006000000000000000000000F2000D0000F80099
:100070000700F1EAF1FC070000F10003FB00FD00BE
:1000800000000000000000000000000607E500007E
:10009000000000000000000000000B000200000053
:1000A00000000202FDFC00FFFFFE0000FE00000059
:1000B000FC00FE00FBFC00FAF9F9FC00FC00FC006F
:1000C000000000FE0000020002FE0001000000022D
:1000D000FE000000FE0202FF000000FC00FF000026
:1000E000000000010003FE00FD00FC0000FE000710
:1000F0000000FE0000000000FF01FEFE0000FE0008
:10010000FE000000000000000000FFFF00FEFD00F8
:1001100000000000010000FE00FEFEFE00000000E6
:100120000000000000FF00000000FEFD00FD00F9DF
:10013000FEF9040000FC02040600FAFFFD00FFF5D2
:1001400002FE02F402000001F400F4FEEDFE00F5F0
:100150000004060003000000000000FCFD00F900A0
:100160000000FE000000FE0000000000FFFF00FF96
:10017000FD00000000000000FEFE00FEFDFE00008D
:10018000FE0000000000000000000000FEFE00FD78
:1001900000FE00FC020000FD010202000000000061
:1001A00000FE0000000000020000FE00FEFEFD0058
:1001B0000000000000000200FE00000000FEFD0044
:1001C000FC0007FE01F9000006F5F4F7FC0200FE52
:1001D000F1FC00FC00FC03FCF200FA000001FF024D
:1001E000FE000200F9F700F5FBFBFBF9FDFA00FC4D
:1001F000FA01000100FE0000000200020000000001
:1002000000000000000000FE00FF00FFFE00FCFBFD
:10021000FBFF00F9000000000000FE0000000001EC
:10022000FF0000000200000000000000000B0000C2
:100230000000000002000000FE00000000000000BE
:1002400000000000FC0002000000000000000000B0
:1002500000000000FE000000FC00000000F5F900B6
:100260000000FDF50000FE0200FA000000000000A2
:1002700000000000FC0000FC000000000000000086
:10028000000000000200FC00000000030002FCFC73
:1002900000FEFEFD000000000000F900FE00FDFE73
:1002A00000FBFAF9FE00FC00F9000000001200005B
:1002B000010000FD000200F60000000000EBFC075A
:1002C00007FEF70002FD00F5FFFD02F0FE0300034C
:1002D000F8FDF8F9F70000F3000D0000FF00000042
:1002E000FFFFFEFAF900EB00000000000000000034
:1002F00001000000000000000000000000000000FD
:1003000000FE00FFFEFD0000FC00FE0000000000FB
:1003100000000000000000000000FF00FC000004DE
:10032000FF0300FB02FEFFFAFE00FDFEFE00FDFCE7
:100330000000FEFFFEFCFD0000FE0002FE00FB00D0
:100340000000FC00FC00FCFC0200000000000000BB
:1003500000FC0200FD00FEFDF9FEFEFEFFFEFDFFBB
:100360000000000000FEFEFE0000000003FE00FE94
:10037000000000FEFDFEFEFDFE000209FF00FA0087
:10038000FE0400FEF7FD030000F5FC02FC0200FE87
:10039000FEF900FD010000FC0000000202FCFC0070
:1003A000FCFEFDFEFE00FC01FCFC0700000000005E
:1003B000000000000200000000000000000000003B
:1003C000000000000000000000000000FC00000031
:1003D000000000000000000000000000000000001D
:1003E000000000000000000000000000000000000D
:1003F0000000000000000000FE00000000000000FF
:1004000000000000000000000000000000000000EC
:10041000000000000000FEFE0000000000000000E0
:1004200000000000FD0000FD0000FEFE00000000D6
:10043000FE00000000FF0000000000FE00000000C1
:10044000FD00FC000000F90002FB0400FEF50000C6
:10045000FBFE00F7FAFA0000F6FEF7F7F500FA00E7
:10046000020FFD00FBFEFFFEFCFAFCF8F7FBFE00AE
:1004700000FE00010000F0FE0705FBF80001F90096
:10048000F5FEFE04EBFD010000F1FDF4FEF00000BE
:10049000F0000D0100FE00000000FFFEF7FE00F17D
:1004A00000000000F900FE00FFFAF50000FFFDF972
:1004B000FE00FE00000000F6FEF9F9FEFCFAFEFC6C
:1004C00000FCFEF9FD00FDFCFEFC000100FEF90051
:1004D0000400FC00000000030002FC0900FEFEFD19
:1004E000000000000000F900FE00FDFE00FBFAF92C
:1004F000FE00FC020900000000120000010000FDE7
:1005000000020000000000000000000000000000E9
:10051000FEFC0000000000FF000000FEFE0000FCEA
:10052000FE0000FC0004FF000000000000010000CD
:100530000000030402FE00F9FC0007F9F9FCFC09C5
:100540000402EDFE04FE00FE02FEF800FE02FDFEC7
:10055000F9FE0000070400FA00F4FD06FDF701FDB6
:10056000F9F9FE090200FD00FA000207FBF8F7FAAC
:10057000070001F0FE02FCFEFB00FBF8FDFDFE00A3
:1005800000FBFBFE000705FEF400F4FD00F8F3FF9E
:10059000F9FCF9FA060000FD00FCFE00FEFC000478
:1005A000F9020000F400FEFBFCFEF9FAF9FB00F989
:1005B000FEFBFCF9FE0000010BFC00F9FE00FEFC56
:1005C000FBFAFAF7FDFC0400FD00F5FD0104F9F863
:1005D000FCF907FE01EBFC04FBFCF800F9F7FDFE5B
:1005E000FEFEFBF9FF00000706FEF100F3FB05F736
:1005F000F1FCF8F7F5F90400000000FD000002FD31
:100600000402FC040000F9FF00FF000101FE0000ED
:1006100000000000FE0000000002070000FD0000D6
:100620000000FEFEFD0000000102000000000200CC
:10063000FE000900040101FD0004000000020000AA
:10064000000000000000000000070006000000009D
:1006500000000000000000000000F300FE0400079E
:1006600000001603FCFC0202FE01F500000BF30083
:1006700000000000000000000000F1091F00000061
:10068000000000000000000000F300000000000077
:10069000000000000000000000000000000000005A
:1006A00000000000FC0000FCFE0000000000000054
:1006B000000000000000000000000000FE00FA0042
:1006C00000010000021DFCFE0706FA020000020203
:1006D000FD0000000000000000000000E306000034
:1006E000000000000000000000000000000000FA10
:1006F000000000FA00000000FBFF000000FB00FD0E
:1007000000F50000000000000000000000F1000003
:10071000000001000000000000FE0000FC00FD00E1
:10072000FA000000FC02FD0000FAFEFB0000FA00E7
:10073000FE00F500FE0000EEFCF7FEF80000F10000
:10074000FAFF0000000000000000FDFCFEFC0000BD
:100750000000FB00FB03FE0400FEFBFEFCFC00FDB2
:10076000FFFE02FAFF000000ECFEFD00FB00FEF5BC
:10077000FE0000FEFE000000000200FEFCFE040081
:100780000000000000000000000000000000000069
:100790000000000000000000000000000000000059
:1007A0000000000000000000000003000000000046
:1007B00000FB00FE000000FC02000000FAFEFC004E
:1007C00000FA00FE00F500000000EA00FCF8F50069
:1007D00000F100FEFD0000000000000000FEFDFF33
:1007E000FD01000004FD00070BFEFEF9030B0405EC
:1007F000FA030903060506000000000000000000DF
:1008000000000E0BFCFE00FE120A120000000200A7
:1008100000080000FC000000000000000000FE00D6
:10082000000000000000000300000000EDFDFEF7E6
:10083000F50000F1000000000000000000000000D2
:100840000000000000FC000000000000000000FEAE
:1008500000000000000000000300000000EDFDFEAD
:10086000F7F50000F70000000000000000000000A5
:100870000000000000000000FE000000FB0200FE7F
:10088000020402F90000FE02000200000000FA006B
:10089000FEFEFC00FEF7000EFE00FBFE00FEFC006C
:1008A000FEFAFCFD000000FC00000000000000005B
:1008B00000FE00000000000000000300000000ED4A
:1008C000FDFEF7F50000F10000000000000B000045
:1008D0000000000000000000FC00F9FDFE07FEFE25
:1008E000F701FF01FEFA000500020102FBF7FD001F
:1008F000F7FCFAF7F700FCFCFDFDFEFEFDFE00FE36
:10090000FF030003FE0007000000000000000000DD
:10091000000000FEFEFE0000FA00FF00FC000000E8
:100920000000000000000000F300000000000000D4
:1009300000000000FEFE00FD00000000FE0000FCC4
:10094000FE0200FCFCFE00FAFEFBFEFD00FC0000C7
:10095000000000000000000000F100070000FC00A3
:10096000000000FD00FE0000FF0000FE00FB000094
:1009700009FDF9F902020200FA020302070207FE6A
:10098000FA0000F70000F9FA0000FC00FDFC00FD91
:1009900000FD00FE0300FEF9FE080000FE00FC0062
:1009A0000003FB0002FE020000F900FEFF00FE0251
:1009B000FE000000F7FDFB00F90000F50008FE0056
:1009C000FC000100FE00FEF900FE0200000000FE37
:1009D000000002FD010000FDFE00FD00000000001F
:1009E000000000000000000000000000F200050010
:1009F00000FE000000000000FEFE000000040005F4
:100A00000000000000F2F3010A0704F702090008E1
:100A1000000400000000000000000000000C0000C6
:100A200000000000000000000000000000000000C6
:100A300080FE020844FD0208E2FD02083D3100008C
:100A400030D50208B0F702081CFD0208300A03087E
:100A500010000228EC0100201D700108A96F010898
:100A60001000030000FF0100400A0308000000001E
:100A700000000000BF0BF0AF0AE09E08D08C07C05A
:100A8000000010BF1AE0F51F3F51F3E40F3E40F2A3
:100A90007208100005C003E000007A005C00000945
:100AA0008007A001FFFFFFFFFD033E733C83300082
:100AB000F200C500000F100E300002F000F2009F9F
:100AC000FFFFFFFF4138C336E3300089005C0000C0
:100AD0000A7007A000000079000000007900000003
:100AE0005CFFE92006FCBC9E900EB07900100F80E0
:100AF0007900000DF579000003EFFD50000006CFEE
:100B0000FE400000795EF100007905F307007907E7
:100B1000F12FE9BCAFA003AEFFD7000000790000C1
:100B2000000079000003DE800005D000E40C5001D5
:100B3000E3004C005A00A90006A004C04E00004C7F
:100B4000005A0D500000E41C58A0000003CE73E1D1
:100B50003CE9000000D60E40A800007C03C003D092
:100B6000002E203C003D000B7000E2098006D00002
:100B700004DDA00009EFB1000009E43CA00000D9A9
:100B8000007D00000CC01CA000003FAEC1000001B1
:100B9000DFC0000003EB8F701800DB007F65F03FC3
:100BA00040008FEA03F70000CF700BF966CFBF401B
:100BB00008DFEA30A5000000000000F5F5E4E4726B
:100BC00000DA05F20BC00F703F405F206F107F000E
:100BD0006F105F203F400F700BC005F200DA3F300E
:100BE0000CB006F101F600E900BC00AD00AE00ADAE
:100BF00000BC00E901F606F10CB03F30004A0006E7
:100C000074A4A02BFFE5007FFB207B6B8D0004A06C
:100C1000000013000000051000000F5000000F50EE
:100C200000011F5110EFFFFFF3344F7440000F50CD
:100C300000000F50000952FD0BA0C50F000111105C
:100C40001FFFF30444400312FC1E90000005F10056
:100C5000000AB000000F6000005F100000AB000051
:100C600000F6000005F100000AB000000F6000006F
:100C70004F100000AC000000F6000004F100000A74
:100C8000C000000E6000004F1000000008EFC5001B
:100C900000CFA8CF7007F5000AF20DC00001F81FC1
:100CA000800000DC3F600000BD3F600000BD1F8091
:100CB0000000DC0DC00001F807F5000AF200CFA823
:100CC000CF700008EFC500EFFF367AF3005F300504
:100CD000F3005F3005F3005F3005F3005F3005F38C
:100CE000005F3005F304BEFD7007FD98CF9028002B
:100CF00000BF00000007F2000000AF0000004F80BE
:100D000000003FC000003EC100002EC100002ED1F7
:100D100000002EF8777746FFFFFFFA6FFFFFFF0214
:100D200077779FB000000CE1000009F3000005F6A2
:100D3000000000DFE910000459FD00000006F40087
:100D400000003F64400008F3BFC98CFB007CFFD764
:100D500000000001EB00000000BE100000006F501A
:100D60000000002F900000000CD000000008F301EC
:100D7000D50003F8002F6000ED2223F7216FFFFF5D
:100D8000FFFF81555556F9520000002F600000000A
:100D900002F60005FFFFFF007F77777008E0000094
:100DA00000AD0000000BC2100000DFFFFB30045557
:100DB00068FF20000004F80000000F92500005F6C4
:100DC0008FD98AFD105BEFE9100005CEFC60009F13
:100DD000C88B7005F80000000CD00000001F8000D8
:100DE00000002F68EFFA103FEE648FD02FF100065D
:100DF000F40EC00002F609F10006F301DE869FB092
:100E00000019EFD8008FFFFFFFE8F77777FC8F001E
:100E1000004F5590000BE0000002F80000009F100A
:100E200000000FB0000006F4000000DD0000003FED
:100E30007000000AF1000001F90000005CFFD7001B
:100E400006FC76AFA00CD00009F10DC00007F20738
:100E5000F7115EC000BFFFFE1009F9547ED02F804D
:100E60000004F64F500000F81FA00005F609FB76BD
:100E7000AFD0006CFFD810008EFD80000CF868FC2D
:100E8000005F50003F708F00000EC07F30001FF0E9
:100E90001FD413CFF104EFFFA9F00002310AF000D4
:100EA00000000EA00000009F3009A78DF70007DFAB
:100EB000EB40001E92FC0310000000000312FC1E19
:100EC000901E92FC0310000000000001E91FD0A852
:100ED0000E30A00000004200017DF3039FE810BF28
:100EE000B50000EE81000017DFB4000004AFD200AF
:100EF000000182EFFFFFF34555555100000000014E
:100F0000111110EFFFFFF33444444050000000EF94
:100F100092000006CFB50000039FE200006CF302D0
:100F20009EE920BFC600009300000004BEFD7007CC
:100F3000FC77BFA0270000CF00000009F0000001EF
:100F4000EA000001DD100000CE1000003F6000004C
:100F500001300000000100000006F50000005F40C5
:100F600000000017CEFDB500000005FB53237DC235
:100F700000006E400000008E1002F401AEFA3F49FE
:100F8000B00A901EE65BEF40E30F308F1000AF40D9
:100F9000981F00D900003F406A3F00E800001F4052
:100FA0005C1F00D900003F406A0F308F1000AF4037
:100FB000980A901ED65ADEA6F203F301AFFA16EE97
:100FC00050006E4000000000000006FB5323750037
:100FD00000000017CEFDA30000000002FD0000008D
:100FE00000009FF4000000000F9EB000000006F219
:100FF0007F20000000DC01F80000004F600BE000E3
:10100000000BF0004F600001FA1111ED00008FFF9E
:10101000FFFFF3000EC444444FA006F4000000AFED
:1010200010CD00000002F85FFFFFEB4005F85557B8
:10103000DF405F400001FA05F400000FA05F51118E
:101040003AF405FFFFFFFA005F744459FA05F40013
:101050000008F25F4000005F45F4000009F25F8580
:10106000556AFB05FFFFFFD70000028DFEB40004A8
:10107000FFB89DF902FD20000850BF200000000FBE
:10108000A000000002F6000000002F600000000039
:10109000FA000000000BF2000000002FD2000085D3
:1010A000005FFB89DF800029DFEB405FFFFFEA3054
:1010B000005F97779EF8005F400000AF605F4000E0
:1010C000000DE05F40000006F45F40000003F65FA3
:1010D00040000003F65F40000006F45F4000000D92
:1010E000E05F400000AF605F97779EF8005FFFFF12
:1010F000EA30005FFFFFFF95F97777745F400000EB
:1011000005F40000005F51111105FFFFFFE05F745F
:10111000444405F40000005F40000005F4000000B6
:101120005F97777765FFFFFFFD5FFFFFFF95F9771B
:1011300077745F40000005F40000005F4000000588
:10114000F52222105FFFFFFE05F85555405F400075
:101150000005F40000005F40000005F400000000FE
:10116000018DFEB500004FFB89DFB002FD200006B7
:10117000600BF2000000000FA0000000002F6000D4
:101180000000002F60000009F00FA0000009F00B24
:10119000F2000009F002FD20000AF0004FFB89DF99
:1011A000C000028DFEC6005F4000004F55F40000F5
:1011B00004F55F4000004F55F4000004F55F522233
:1011C000225F55FFFFFFFFF55F8555558F55F400F2
:1011D0000004F55F4000004F55F4000004F55F4047
:1011E00000004F55F4000004F55F45F45F45F45FDF
:1011F00045F45F45F45F45F45F45F400FFFFFA00F6
:101200007777FA000000FA000000FA000000FA0008
:101210000000FA000000FA000000FA000000F907E0
:101220002003F60DE98EF101AEFB305F400002EBCA
:1012300005F40001EC005F4001DE1005F400CE2053
:10124000005F40BF300005F49F9000005FCFEF408B
:101250000005FF91EE10005FA003FC0005F40006FE
:10126000F8005F400009F505F400000CF25F400053
:101270000005F40000005F40000005F40000005F7E
:1012800040000005F40000005F40000005F400008D
:10129000005F40000005F40000005F97777725FFAE
:1012A000FFFFF55F400000001E95FC00000008F9FC
:1012B0005FF5000002FF95FDE00000AEF95F5F7092
:1012C000003F5F95F38F100BC0F95F31E904F30F16
:1012D00095F307F2DB00F95F300DEF200F95F30077
:1012E0005F9000F95F300071000F95F3000000007F
:1012F000F95F5000004F55FF200004F55FFD00002E
:101300004F55FAF90004F55F4AF5004F55F40DF218
:1013100004F55F402FD04F55F4006F94F55F400007
:10132000AFAF55F40000DFF55F400002FF55F40059
:101330000006F500018DFEB5000004FFB89EFA001E
:1013400002FD200008F900BF2000000AF20FA000F3
:1013500000003F72F600000000F92F600000000F4F
:1013600090FA00000003F70BF2000000AF202FD22C
:1013700000008F90004FFB89EFA0000028DFEB50AA
:10138000005FFFFFD7005F9778BFC05F400007F6A0
:101390005F400000FA5F400000FA5F400003F85F22
:1013A00062236EF15FFFFFFD305F855420005F40D8
:1013B0000000005F400000005F4000000000018D61
:1013C000FEB50000004EFB89EFA00002FD200008E2
:1013D000F9000AF2000000AF200FA00000003F70EB
:1013E0002F600000000F902F600000000F901F90F2
:1013F0000000002F700BF1000000AF2003FC100074
:1014000007F900006FFA78DFB0000003AEFFC500F7
:10141000000000003ED415B000000002BFFF8000B5
:101420000000000131005FFFFFD7005F9778BFC069
:101430005F400007F65F400000FA5F400000FA5F7F
:10144000400003F85F52236EE15FFFFFFC305F85D1
:1014500055F9005F40007F405F40000CE05F4000B6
:1014600002F9005CEFD92007FC87AF900EC00001A5
:10147000100F800000000DF500000003EFEA50009F
:101480000005AEFE400000004EF100000005F3082C
:10149000000008F22FFA77BFA0029DFFC700FFFFF0
:1014A000FFFFF56778FB77720001F700000001F796
:1014B00000000001F700000001F700000001F70044
:1014C000000001F700000001F700000001F7000034
:1014D0000001F700000001F700006F3000008F16D8
:1014E000F3000008F16F3000008F16F3000008F1E0
:1014F0006F3000008F16F3000008F16F3000008F8E
:1015000005F4000009F03F700000CD00DE20005F10
:101510008004FFA8BFD00003BEFD81000CE00000E6
:10152000006F306F5000000CC000FB000003F6009D
:1015300009F20000AE00002F80001F900000CE00D6
:1015400007F2000005F600DB0000000EC04F50005F
:1015500000008F3BE000000002FBF8000000000BE1
:10156000FF10000000004FB000005F400000DF00EF
:101570000002F50F900002FF400007F00BE00007AB
:10158000FE90000CB006F3000CAAE0001F6001F80A
:10159000001F54F3006F1000CD007F10F800CC0046
:1015A000007F20CB00AD01F700002F71F6005F2611
:1015B000F200000DC6F1000F7BD0000008FDC00056
:1015C0000BDF80000003FF700006FF30000000EF1B
:1015D000200001FE00003F900000CD008F40007F02
:1015E0003000DE102F800003FA0CD0000007FBF360
:1015F0000000000CF800000001EFC0000000BF7FF9
:101600007000006F60AF20002FB001ED000CF10002
:1016100004F807F6000009F30CE0000007F203F7F6
:1016200000001F9000AF10009E10001FA002F600E7
:101630000008F30BD0000000EC4F400000005FFBFF
:10164000000000000CF20000000009F000000000A3
:1016500009F00000000009F00000000009F000009F
:101660003FFFFFFFFD01777777BF900000001EC0AE
:101670000000000CF200000008F500000004F90072
:10168000000001EC00000000CF200000008F50009F
:1016900000004F900000001EF877777705FFFFFFEE
:1016A000FFF05FFF05F7505F3005F3005F3005F393
:1016B000005F3005F3005F3005F3005F3005F30095
:1016C0005F3005F7505FFF007E0000001F40000004
:1016D0000C90000007E0000002F4000000C90000C8
:1016E000007E0000002F4000000C90000007E0008A
:1016F0000002F3000000D90000007E0000002F303F
:1017000000000D90000007E0BFFA35EA00EA00EAA9
:1017100000EA00EA00EA00EA00EA00EA00EA00EA79
:1017200000EA35EABFFA002F8000009DE00000F3D8
:10173000D50006D07B000C601F203F100B809A0064
:1017400004E0FFFFFFFF1111111107F60003E7018D
:101750009EFD8000CE87AF90020000AF0000000623
:10176000F202BEFFFF20EC4227F22F50007F20EC58
:10177000427FF202BFFB6F208F000000008F00004D
:1017800000008F000000008F2BFEB3008FEC78EF7D
:10179000308FA0001EC08F200007F18F000005F3DE
:1017A0008F200007F18FA0001ED08FEC78EF308ED5
:1017B0002BFEB300003AEFC4004FD87CF40DD000EC
:1017C0000713F60000004F30000003F60000000D84
:1017D000D00006104FD77CF4003AEFC400000000A0
:1017E00001F700000001F700000001F7003BFFA334
:1017F000F704FD87CEF70ED0000BF73F600003F72C
:101800004F300001F73F500003F70EC0000AF70405
:10181000FC65BEF7003BFFB2F7003BFEA20004FCF4
:1018200067EE200EC0001EA03F500007F04FFFFFE4
:10183000FFF13F722222200EC000020004FD87AF9C
:1018400050003AEFD600005DFC002FB57004F300A5
:101850000CFFFFA048F753005F300005F300005F66
:10186000300005F300005F300005F300005F30003A
:10187000003BFFB2E904FE87CFF90ED1000AF93F21
:10188000600001F94F400000F93F600001F90ED0FF
:101890000009F904FD87CFF8003BFFB3F700000013
:1018A00005F409E977AFB0017CFFD8008F00000094
:1018B00008F00000008F00000008F2BFEA108FFB64
:1018C00089FD08F80006F48F10001F78F00000F87A
:1018D0008F00000F88F00000F88F00000F88F000E4
:1018E00000F89E1AF20008F08F08F08F08F08F08B9
:1018F000F08F08F00007E20009F30000000007F194
:101900000007F10007F10007F10007F10007F100FF
:1019100007F10007F10007F10008F0186EC03EFC67
:10192000208F00000008F00000008F00000008F089
:10193000001DD18F001DE208F01DE2008F2DF30085
:1019400008FEFF70008FE2BF3008F201EE108F003A
:1019500003FB08F00007F78F8F8F8F8F8F8F8F8F8C
:101960008F8F8F8E3CFE913BFEA208FF969FCFC6C5
:101970008FD08F70009FC0005F58F10005F6000106
:10198000F78F00004F40000F88F00004F40000F8CB
:101990008F00004F40000F88F00004F40000F88F23
:1019A00000004F40000F808E3BFEA108FFA68FD0A5
:1019B0008F80006F48F10001F78F00000F88F00062
:1019C00000F88F00000F88F00000F88F00000F80F3
:1019D000003BEFC40004FD87CF600ED0000BF13F49
:1019E000600003F54F300001F73F600003F50ED0B3
:1019F000000BF104FD77CF60003BEFC4008E3BFE8F
:101A0000B3008FFB57DF308F90000DC08F100007A1
:101A1000F18F000005F38F200007F18FA0001ED08A
:101A20008FEC78EF308F2BFEB3008F000000008F1B
:101A3000000000008F00000000003BFFA2F704FD43
:101A400087DEF70ED0000BF73F600003F74F300042
:101A500001F73F600003F70ED0000BF704FD77CECF
:101A6000F7003BFFA3F700000001F700000001F7BB
:101A700000000001F78E2BF08FED908FA0008F20DB
:101A8000008F00008F00008F00008F00008F00008B
:101A900002AEFD911ED769D04F3000002FB4100068
:101AA00006EFFD6000015BF5010000F75FA76BF337
:101AB00019DFEC4005F300005F3000CFFFFA048F20
:101AC000753005F300005F300005F300005F300063
:101AD00004F400001FC680005DFC10AE00002F5A09
:101AE000E00002F5AE00002F5AE00002F5AE000063
:101AF0002F59F00004F56F3000AF51EE76BFF502BC
:101B0000BEFB3F500DC00000CB06F20002F500F90D
:101B10000009E0009E000F80002F606F10000CC0D5
:101B2000CB000005F6F4000000EFD00000008F703D
:101B300000BB00009F10004F16F1000EF60009C018
:101B40000F6005FCB000F600AC00AB5F105F100545
:101B5000F10F50F70AB0000F76F009C0F50000ACA5
:101B6000BA004F8F000004FF4000EFA000000EE01D
:101B70000008F400004F70009F208F305F5000CDB0
:101B80002E900002FFD000000AF6000004FDE100E4
:101B900001EB0DC000BE103F806F40007F400DC0C4
:101BA0000000CB06F30002F400EA0009D0008F1019
:101BB0001F70001F707F10000AE0D9000003F9F2C7
:101BC000000000CFB00000006F40000000AD00003A
:101BD0001C79F500001AEE7000004FFFFFF9155553
:101BE0005BF400004F800001EC00000BE100008F6F
:101BF000400004F700001EE555535FFFFFFC002C7A
:101C0000F500AF6100CC0000DB0000DB0000DB0072
:101C100002EA001FF40005FA0000DB0000DB000010
:101C2000DB0000CC0000AF61002CF55F15F15F1503
:101C3000F15F15F15F15F15F15F15F15F15F15F1BA
:101C40005F10BE8003AF4001F6001F7001F7001F58
:101C50007000F9000AFB00FB201F7001F7001F70E5
:101C600001F603AF40BE900000000000003DE4001C
:101C7000B50C86F51E20F003EF9002000010000264
:101C8000CE900D40893B000E3B000E0D408902CEE8
:101C9000900008F8EFE7F7000000000000000000E7
:101CA000000000000049DC0000000016BFFFFF003C
:101CB00000038DFFFFFFFF0000CFFFFFFFFFFF00CE
:101CC00000FFFFFFFFC7FF0000FFFFEA5100FF001A
:101CD00000FF83000000FF0000FF00000000FF0085
:101CE00000FF00000000FF0000FF00000000FF00F8
:101CF00000FF00002BFFFF0000FF0000DFFFFF2BB5
:101D0000FFFF0000DFFFFDDFFFFF00002BFFB2DF62
:101D1000FFFD00000000002BFFB20000000000D01B
:101D20000FFFFFFFFFF00DFFFFC888888CFFFFF05B
:101D30000F80000008F00FF00F80000008F00FFF88
:101D4000FF80000008FFFFF00FECCCCCCEF00FF0CE
:101D50000FECCCCCCEF00FFFFF80000008FFFFF0AF
:101D60000F80000008F00FF00F80000008F00FFF58
:101D7000FFC888888CFFFFD00FFFFFFFFFF00DDF4B
:101D8000FF73FFFFFFFFFDFFFFA5FFFFFFFFFFFF4B
:101D9000FFA5FFFFFFFFFFDFFF73FFFFFFFFFD005A
:101DA00000000000000000DFFF73FFFFFFFFFDFFEA
:101DB000FFA5FFFFFFFFFFFFFFA5FFFFFFFFFFDF07
:101DC000FF73FFFFFFFFFD0000000000000000DFC9
:101DD000FF73FFFFFFFFFDFFFFA5FFFFFFFFFFFFFB
:101DE000FFA5FFFFFFFFFFDFFF73FFFFFFFFFD000A
:101DF00000000000000AB1000000000000BFFC006D
:101E0000000000000BFFFB0000000000BFFFC01B34
:101E1000A000000BFFFC00CFFB0000BFFFC000BF15
:101E2000FFB00BFFFC00000CFFFBBFFFC000000079
:101E3000CFFFFFFB000000000CFFFFB00000000020
:101E400000BFFB0000000000000BB000000000031A
:101E50000000000308FC10001CF8FFFC101CFFF53C
:101E6000FFFC2CFFF505FFFFFFF50005FFFFF50068
:101E7000001DFFFD10001CFFFFFC101CFFF9FFFC04
:101E80001CFFF505FFFCDFF50005FFD1A4000004F1
:101E9000A10000004FE00000000002106FF10310ED
:101EA00000005FD06FF13FD10003FFF16FF15FFDE4
:101EB000000DFF406FF109FF704FF7006FF100CF89
:101EC000E09FF0006FF1005FF3BFC0006FF1002FE3
:101ED000F5BFC0004FE0001FF6AFE0000000004F6C
:101EE000F46FF400000000AFF00FFE10000005FFDB
:101EF000A006FFD300007FFF20009FFFDABEFFF4A3
:101F0000000006FFFFFFFD3000000017BDCA5000B3
:101F1000000000008BB8000000000000FFFF000080
:101F200000003006FFFF60030004FDDFFFFFFDEF50
:101F3000400DFFFFFFFFFFFFD04FFFFFF99FFFFFA7
:101F4000F408FFFF2002FFFF8000FFF900009FFF61
:101F50000000FFF900009FFF0008FFFF2002FFFFC5
:101F6000804FFFFFF99FFFFFF40DFFFFFFFFFFFF13
:101F7000D004FEDFFFFFFDDF40003006FFFF6003FF
:101F800000000000FFFF0000000000008BB8000010
:101F90000000000003DD303FF3000000006FFFF59C
:101FA0004FF400000009FF99FFBFF4000001BFF6E5
:101FB000226FFFF400002DFE35FF53EFF40004FF05
:101FC000C18FFFF82DFE407FFA1AFFFFFFA1AFF788
:101FD000CF82DFFFFFFFFD28FC140EFFFFFFFFFF96
:101FE000E041000FFFFFFFFFFFF000000FFFF900CF
:101FF0008FFFF000000FFFF8008FFFF000000FFFD1
:10200000F8008FFFF000000EFFF6006FFFE0000009
:102010000000DFFD000000000000FFFF00000000E6
:102020000000FFFF000000000000FFFF00000000B4
:102030000000FFFF000000000000FFFF00000000A4
:102040004FFFFFFFFFF400000BFFFFFFFFB000009A
:1020500000BFFFFFFB000000000BFFFFB00000000F
:102060000000BFFB000000DFFFFC1BB1CFFFFDFF46
:10207000FFFFC22CFFFFFFFFFFFFFFFFFFFFFFFF80
:10208000FFFFFFFFF0E0FFDFFFFFFFFFFFFFFD00AF
:1020900004EFFFFFFFFE4000001EFFFFFFFFFFE118
:1020A0000000AFB00000000BFA0005FF10000000B8
:1020B00001FF501EF600000000006FE1AFB000000D
:1020C0000000000BFAFFFFFF800008FFFFFFFFFF8B
:1020D000FFF1001FFFFFFFFFFFFFFFFFFFFFFFFFFD
:1020E000FFFFFFFFFFFFFFFFFFFFFFFFFFFFFFFF00
:1020F000FFFF8FFFFFFFFFFFFFFFF8000006BDDAC5
:102100005002FF0005EFFFFFFE42FF007FFFA77BAD
:10211000FFF9FF05FFC100002CFFFF0EFC000002CD
:1021200022DFFF5FF200000FFFFFFF8FB000000F04
:10213000FFFFFF00000000000000000000000000A2
:10214000000000FFFFFFF000000BF8FFFFFFF000B2
:10215000002FF4FFFD22200000CFE0FFFFC20000AF
:102160002CFF40FF9FFFB76AFFF700FF24DFFFFF50
:10217000FE5000FF2005ACDB600000000000000006
:1021800000008D000008FF00008FFFDFFFFFFFFF52
:10219000FFFFFFFFFFFFFFFFFFFFFFFFFFFFFFDF6F
:1021A000FFFFFF00008FFF000008FF0000008D0010
:1021B0000000000000000000000000008D00000092
:1021C0000008FF000000008FFF0000CFFFFFFF01AD
:1021D00050FFFFFFFF06F7FFFFFFFF00BEFFFFFFFF
:1021E000FF00AEFFFFFFFF05F8DFFFFFFF0260000B
:1021F000009FFF0000000009FF00000000009E009B
:1022000000000000000000000000000000061000B8
:102210000000000000001FD2000000008D0000033D
:10222000EE10000008FF000AB12FB000008FFF0081
:1022300005FC07F4DFFFFFFF02505F60F9FFFFFFBF
:10224000FF06F70DC0BDFFFFFFFF00AE09F09FFFC7
:10225000FFFFFF00AE09F08FFFFFFFFF06F70DC085
:10226000ADDFFFFFFF02505F60E900008FFF000558
:10227000FC06F4000008FF000AB12FB00000008D3A
:10228000000002EE100000000000001FD20000005D
:10229000000000000610008FFFFFFFFFFFFFF8FFA8
:1022A000FCFFFFFFFFFFFFFF202FFFFFFFFFFFFCF3
:1022B000000CFFFFEEFFFFFF202FFFFE22EFFFFFCE
:1022C000FCFFFFE2002EFFFFFE4EFE200002FFFF9C
:1022D000E202C2000000FFFF200000000000FFFF3C
:1022E000000000000000FFFFFFFFFFFFFFFFFF8F68
:1022F000FFFFFFFFFFFFF800004E400000000BFB58
:1023000000000001FFF10000009FFF9000002FFF80
:10231000FF30000CFFFFFC0007FFFFFFF802FFFF8C
:10232000FFFFF29FFFFFFFFF9EFFFFFFFFFEFF2F5C
:10233000FFFFFFFEF2BFFFFFFE9FA1BFFFFF92FF67
:10234000A22FFFF204FFFFFFF400029EFE920000A6
:1023500000000000FF300001CCFF40002DFFFF40D7
:1023600003EFFFFF403FFFFFFF44FFFFFFFF9FFF23
:10237000FFFFFFFFFFFFFFFFFFFFFFFFFFAFFFFFBD
:10238000FFFF45FFFFFFFF404FFFFFFF4003EFFF51
:10239000FF40002EFFFF300001CC000000000000D5
:1023A0000000000000008F910000000000FFFF709F
:1023B00000000000FFFFFD40000000FFFFFFFA10DB
:1023C0000000FFFFFFFFF70000FFFFFFFFFFD5004A
:1023D000FFFFFFFFFFFFB2FFFFFFFFFFFFFDFFFF5C
:1023E000FFFFFFFFFDFFFFFFFFFFFFB2FFFFFFFF4C
:1023F000FFD500FFFFFFFFF70000FFFFFFFA10000F
:1024000000FFFFFD40000000FFFF70000000008E95
:10241000A10000000000000000000000000000001B
:10242000000000008FFFF8008FFFF8FFFFFF00FFA4
:10243000FFFFFFFFFF00FFFFFFFFFFFF00FFFFFFAA
:10244000FFFFFF00FFFFFFFFFFFF00FFFFFFFFFF9A
:10245000FF00FFFFFFFFFFFF00FFFFFFFFFFFF0089
:10246000FFFFFFFFFFFF00FFFFFFFFFFFF00FFFF7A
:10247000FFFFFFFF00FFFFFFFFFFFF00FFFFFF7FEA
:10248000FFF7007FFFF78FFFFFFFFFFFF8FFFFFF62
:10249000FFFFFFFFFFFFFFFFFFFFFFFFFFFFFFFF4C
:1024A000FFFFFFFFFFFFFFFFFFFFFFFFFFFFFFFF3C
:1024B000FFFFFFFFFFFFFFFFFFFFFFFFFFFFFFFF2C
:1024C000FFFFFFFFFFFFFFFFFFFFFFFFFFFFFFFF1C
:1024D000FFFFFFFFFFFFFFFFFFFFFFFFFFFFFFFF0C
:1024E000FF8FFFFFFFFFFFF80000000000CC10008F
:1024F00003FFFFD20004FFFFFE3004FFFFFFF404E0
:10250000FFFFFFFF54FFFFFFFFF9FFFFFFFFFFFF8C
:10251000FFFFFFFFFFFFFFFFF9FFFFFFFF44FFFF8C
:10252000FFF304FFFFFE3004FFFFD20004FFCC10D6
:102530000003FF00000000000000002DD20000009A
:10254000000001EFFE10000000001DFFFFD10000A1
:102550000000CFFFFFFC0000000BFFFFFFFFB000FB
:1025600000AFFFFFFFFFFA0009FFFFFFFFFFFF9033
:102570000FFFFFFFFFFFFFF008FFFFFFFFFFFF80E0
:1025800000000000000000000CFFFFFFFFFFFFC085
:102590000FFFFFFFFFFFFFF00FFFFFFFFFFFFFF049
:1025A0000CFFFFFFFFFFFFC00000001A400000010A
:1025B000DFF000001DFFA00001DFFA00001DFFA0FA
:1025C0000001DFFA00000CFFA000000DFF800000FA
:1025D00001DFF80000001DFF80000001DFF80000AF
:1025E000001DFF80000001DFF00000001B5004A16F
:1025F0000000000FFD1000000AFFD1000000AFFD39
:102600001000000AFFD1000000AFFD1000000AFF1B
:10261000C0000008FFD000008FFD100008FFD100AF
:10262000008FFD100008FFD100000FFD1000000515
:10263000B1000000000004FF400000000008FF801F
:102640000000000008FF800000000008FF8000007C
:10265000000008FF80000048888CFFC88884FFFFC6
:10266000FFFFFFFFFFFFFFFFFFFFFFFF48888CFF1B
:10267000C88884000008FF800000000008FF800078
:1026800000000008FF800000000008FF800000003C
:102690000004FF40000014444444444441EFFFFF61
:1026A000FFFFFFFEFFFFFFFFFFFFFF7BBBBBBBBBCF
:1026B000BBB7000005ADFFDA5000000004DFFC8866
:1026C000CFFD4000007FFE400004EFF70007FFF45D
:1026D000009E804FFF704FFFC000AFF80CFFF4DF8B
:1026E000FF809AFFFE08FFFDDFFF80EFFFFE08FF7F
:1026F000FD4FFFC08FFFF80CFFF407FFF408EE80DA
:102700004FFF70007FFE400004EFF8000004DFFC84
:1027100088CFFD4000000005ADFFDA5000008C209E
:102720000000000000000000DFE4000000000000E6
:1027300000001BFF8049DFFDA5000000007FFFFFB8
:10274000D88CFFD400000004EFF800004EFF7000AA
:1027500000001CFF69E804FFF70004E3009FFEFF90
:1027600080CFFF400DFF7005FFFFE08FFFD00DFF12
:10277000F7002DFFE08FFFD004FFFC0000AFF8CF83
:10278000FF30007FFF400006FFFFF7000008FFF466
:1027900000003EFFA00000004DFFC88201BFF7000F
:1027A0000000005ADFFC1008FFA00000000000003D
:1027B00000004EFD000000000000000002C8000004
:1027C00000002DD20000000000000000BFFB000050
:1027D000000000000005FFFF500000000000000D99
:1027E000FFFFD00000000000007FFFFFF7000000A7
:1027F000000001FFD88DFF10000000000AFFA00AB2
:10280000FFA0000000003FFFB00BFFF3000000003E
:10281000CFFFC00CFFFC00000005FFFFD00DFFFF45
:102820005000000EFFFFF99FFFFFE000008FFFFF49
:10283000E22EFFFFF80002FFFFFF9009FFFFFF10ED
:102840000AFFFFFFE33EFFFFFFA00FFFFFFFFFFFB9
:10285000FFFFFFF008FFFFFFFFFFFFFFFF8000000B
:10286000000000000000000000000000D800000090
:1028700000000000FF80FFFF700007FFFFF8FFFF70
:10288000F6006FFFFFFD788EFF15FFE8FFE2000204
:10289000E54FFE20FE20000013FFF3005200000071
:1028A0003FFF310052000002EFF45E20FE20788EE0
:1028B000FF51FFE8FFE2FFFFF6006FFFFFFDFFFFA4
:1028C000700007FFFFF8000000000000FF8000001C
:1028D00000000000D8000000000000000000000020
:1028E0000000000000000001DD10000000001DFFDE
:1028F000D100000001DFFFFD1000001DFF99FFD196
:102900000001DFF9009FFD101DFF900009FFD1BFFE
:10291000F90000009FFB5F9000000009F500000037
:1029200000000000000000000000005F90000000B8
:1029300009F5BFF90000009FFB1DFF900009FFD1C2
:1029400001DFF9009FFD10001DFF99FFD10000017C
:10295000DFFFFD100000001DFFD10000000001DDC1
:102960001000000000000000000000000000000057
:1029700000000000001DD10000000000000001DF89
:10298000FD10EFFFFFFFD0001DFFFFD1AFFFFFFFE6
:10299000F000CFCFFCFC0000000FF0006B1FF1B681
:1029A0000000000FF000000FF0000000000FF0002A
:1029B000000FF0000000000FF000000FF00000001A
:1029C0006B1FF1B6000FF0000000CFCFFCFC000F32
:1029D000FFFFFFFA1DFFFFD1000DFFFFFFFE01DF2C
:1029E000FD10000000000000001DD10000000000EC
:1029F0000000000000008FFFFFE200000000FFFF6A
:102A0000FFFE20000000FFFFFFFFFFFFFFF8FFFFBA
:102A1000FFFFFFFFFFFFFFFFFFFFFFFFFFFFFFFFC6
:102A2000FFFFFFFFFFFFFFFFFFFFFFFFFFFFFFFFB6
:102A3000FFFFFFFFFFFFFFFFFFFFFFFFFFFFFFFFA6
:102A4000FFFFFFFFFFFFFFFFFFFFFFFFFFFF8FFF06
:102A5000FFFFFFFFFFF80000000BB00000000000C8
:102A600000BFFB00000000000BFFFFB000000000F3
:102A7000BFFFFFFB0000000BFFFFFFFFB000004F98
:102A8000FFFFFFFFF400000000FFFF000000000058
:102A900000FFFF000000000000FFFF00000000003A
:102AA00000FFFF000000000000FFFF000000DFFF4C
:102AB000F0DFFD0FFFFDFFFFF900009FFFFFFFFFAD
:102AC000FFFFFFFFFFFFFFFFFFFFFFF0E0FFDFFF64
:102AD000FFFFFFFFFFFD00000000000000000000FE
:102AE000000000000AEA62000000000002FFFFF0A0
:102AF00000000000009FFFFF00000000000FFFFF2C
:102B0000D00000000002FFFFFB000000000003EF08
:102B1000FF70000000000004FFF200000000000051
:102B2000BFFB0000000000006FFF3000000200004B
:102B30004FFF9000028FF3006FFFD0000AFFFFE409
:102B4000BFFFD10000EFFFFFFFFFD100000AFFFF32
:102B5000FFFF900000006FFFFFFB3000000002FF4E
:102B6000DB72000000000008EE800000066108FF34
:102B7000FF80002DFFD0EF33FE002EFFF30EF33F5A
:102B8000E02EFFF3008FFFFF6EFFF300008EFFFFCC
:102B9000FFF300000002EFFFF3000000002EFFFF34
:102BA00030000008EFFFFFFF300008FFFFF6EFFFE7
:102BB0003000EF33FE02EFFF300EF33FE002EFFF95
:102BC000308FFFF80002DFFD008EE8000000661085
:102BD0000000DFFFFF0D200000FFFFFF0FE20000FD
:102BE000FFFFFF0FFDDFF0FFFFFF2000FFF0FFFF03
:102BF000FFFFFFFFF0FFFFFFFFFFFFF0FFFFFFFF03
:102C0000FFFFF0FFFFFFFFFFFFF0FFFFFFFFFFFFF2
:102C1000F0FFFFFFFFFFFFF0FFFFFFFFFFFFF0FFF1
:102C2000FFFFFFFFFFF0DFFFFFFFFDFFF9000000E8
:102C30000000FFFFFFFFFF0000DFFFFFFFFD0000C0
:102C40008FFFFFFFFFC200FFFFFFFFFFFE20FF001F
:102C5000000001FFE2FF00000000FFFCFF00000099
:102C600000FFFFFF00000000FFFFFFFFFFFFFFFF6F
:102C7000FFFFFFFFFFFFFFFFFFFFFB11BFFFFFFF96
:102C8000FFF1001FFFFFFFFFF1001FFFFFFFFFFB32
:102C900011BFFFFFFFFFFFFFFFFFFF8FFFFFFFFFE2
:102CA000FFF812222222222221FFFFFFFFFFFFFF57
:102CB000FFFFFFFFFFFFFF1222222222222100003E
:102CC000000000000012222222222221FFFFFFFF2B
:102CD000FFFFFFFFFFFFFFFFFFFF12222222222242
:102CE000210000000000000012222222222221FFE7
:102CF000FFFFFFFFFFFFFFFFFFFFFFFFFF1222228B
:102D0000222222218FFFFFFFFFFFFFF8FFFFFFFFBF
:102D1000FFFFFFFFCFFFFFFFFFFFFFFC09FFFFFFEC
:102D2000FFFFFF90D25FFFFFFFFFF52DFF62CFFF98
:102D3000FFFC26FFFFFA18FFFF81AFFFFFFFE34D07
:102D4000D43EFFFFFFFFFF8118FFFFFFFFFFFFFFE4
:102D5000FFFFFFFFFFFFFFFFFFFFFFFF8FFFFFFFF3
:102D6000FFFFFFF800DFFFFD000001FFFFFC000098
:102D700003FFFFF7000006FFFFF2000008FFFFD08F
:102D800000000AFFFFFFFFD00CFFFFFFFFA00EFFB8
:102D9000FFFFFF200DFFFFFFF80000000AFFE0002B
:102DA00000000EFF500000002FFC000000005FF349
:102DB000000000009FA000000000DF1000000000E5
:102DC000D70000000004EE40000000DFFF99FFFD87
:102DD0000000FFFF99FFFF0000FFFFFFFFFF000063
:102DE000FFFF9000000000FFFF0DFFFF0D20FFFF21
:102DF0000FFFFF0FE2FFFF0FFFFF0FFDFFFF0FFFB2
:102E0000FF2000FFFF0FFFFFFFFFFFFF0FFFFFFF90
:102E1000FFFFFF0FFFFFFFFFDFFF0FFFFFFFFF00C1
:102E2000000FFFFFFFFF00000FFFFFFFFF00000D7F
:102E3000FFFFFFFD000000CC000000000002FF309B
:102E400000000001BFFFFC2000001EFFFFFFE100AB
:102E5000009FFFFFFFF80000EFFFFFFFFD0000FFF6
:102E6000FFFFFFFF0001FFFFFFFFFF0003FFFFFF6A
:102E7000FFFF3008FFFFFFFFFF801EFFFFFFFFFF88
:102E8000E1CFFFFFFFFFFFFCCFFFFFFFFFFFFC00D5
:102E900000000000000000000EFFE0000000000441
:102EA000EE4000008FFFFFFFFFFFFFFFF8FFFFFF77
:102EB000FFFFFFFFFFFFFF00F00F00F00F00FFFF1D
:102EC00000F00F00F00F00FFFFFFFFFFFFFFFFFF0D
:102ED000FFFFF808808808808FFFFFF808808808C7
:102EE000808FFFFFFFFFFFFFFFFFFFFFFF00F000EE
:102EF00000000F00FFFF00F00000000F00FFFFFFC9
:102F0000FFFFFFFFFFFFFF8FFFFFFFFFFFFFFFF848
:102F100000000000000000000000000000000003AE
:102F2000AF70000000000004CFFFF00000000006BA
:102F3000DFFFFFA000000017EFFFFFFF30000018C9
:102F4000FFFFFFFFFC00002AFFFFFFFFFFF4000868
:102F5000FFFFFFFFFFFFD0000FFFFFFFFFFFFF603E
:102F60000008FFFFFFFFFFFE000000000000FFFF62
:102F7000F7000000000000FFFFF10000000000006B
:102F8000FFFF80000000000000FFFF1000000000B5
:102F90000000FFFA00000000000000FFF200000047
:102FA000000000008F800000000000000000000012
:102FB0000000DFFFFFF0D200FFFFFFF0FE20FFFF69
:102FC000FFF0FFE2FFFFFFF0FFFDFFFFFFF2000059
:102FD000FFFFFFFFFFFFFFFFFFFFFFFFFFFFFFFF01
:102FE000FFFFFFFFFFFFFFFFFFFFFFFFFFFFFFFFF1
:102FF000FFFFFFFFFFFFFFFFFFFFFFFFFFFFFFFFE1
:10300000FFFFFFFFFFFFFFFFFFFFFFFFDFFFFFFFF0
:10301000FFFD000000000000000000000000049C14
:10302000EFFEC94000000007EFFFFFFFFFFE70004A
:1030300004DFFFFCA88ACFFFFD406FFFD500000032
:10304000005DFFF6CFF60000000000006FFC1A30B4
:10305000005ADFFDA50003A100004DFFFFFFFFD4D4
:1030600000000005FFFEA88AEFFF50000001DF709E
:10307000000007FD10000000120000000021000009
:10308000000000004EE40000000000000000EFFE21
:103090000000000000000000EFFE00000000000043
:1030A00000004EE4000000008FFFFFFFFFFFFFFF66
:1030B000FF80FFFFFFFFFFFFFFFFFFF0FF000000AB
:1030C000000000000FFDFF0FFFFFFFFFFFFF0FFFDE
:1030D000FF0FFFFFFFFFFFFF00FFFF0FFFFFFFFFDF
:1030E000FFFF00FFFF0FFFFFFFFFFFFF0FFFFF00CE
:1030F0000000000000000FFDFFFFFFFFFFFFFFFFCC
:10310000FFF08FFFFFFFFFFFFFFFFF808FFFFFFF3D
:10311000FFFFFFFFFF80FFFFFFFFFFFFFFFFFFF04D
:10312000FF000000000000000FFDFF0FFFFFFFFF8A
:10313000F0000FFFFF0FFFFFFFFFF00000FFFF0F8A
:10314000FFFFFFFFF00000FFFF0FFFFFFFFFF0009A
:103150000FFFFF000000000000000FFDFFFFFFFF5A
:10316000FFFFFFFFFFF08FFFFFFFFFFFFFFFFF806D
:103170008FFFFFFFFFFFFFFFFF80FFFFFFFFFFFF4E
:10318000FFFFFFF0FF000000000000000FFDFF0F39
:10319000FFFFFF0000000FFFFF0FFFFFFF00000019
:1031A00000FFFF0FFFFFFF00000000FFFF0FFFFF0A
:1031B000FF0000000FFFFF000000000000000FFDF7
:1031C000FFFFFFFFFFFFFFFFFFF08FFFFFFFFFFF8E
:1031D000FFFFFF808FFFFFFFFFFFFFFFFF80FFFF6D
:1031E000FFFFFFFFFFFFFFF0FF00000000000000F7
:1031F0000FFDFF0FFFF0000000000FFFFF0FFFF0BB
:103200000000000000FFFF0FFFF00000000000FFC3
:10321000FF0FFFF0000000000FFFFF0000000000A4
:1032200000000FFDFFFFFFFFFFFFFFFFFFF08FFF1D
:10323000FFFFFFFFFFFFFF808FFFFFFFFFFFFFFF8D
:10324000FF80FFFFFFFFFFFFFFFFFFF0FF00000019
:10325000000000000FFDFF000000000000000FFF55
:10326000FF0000000000000000FFFF000000000061
:10327000000000FFFF000000000000000FFFFF0043
:103280000000000000000FFDFFFFFFFFFFFFFFFF3A
:10329000FFF08FFFFFFFFFFFFFFFFF800000000038
:1032A000000100000000000000000007FD10000009
:1032B0000000000001CFFFF500000000000000B991
:1032C00029FE100000000000003F10020000000076
:1032D00003DF800A90000000037000DFFF77F755DE
:1032E0005555558FD30FFFFDCCDFDCCCCCCDFFB0D7
:1032F0008FFE1000AA0000004D400046100001F2B1
:1033000002331000000000000009B1CFF9000000F6
:10331000000000000AFFFF90000000000000000015
:10332000BFF90000000000000000012200000000C2
:1033300018DFFD920002EFFBEFFF300DFFFA2EFFCA
:10334000E04FFFFA03FFF59FFAFA354FFACFC08A34
:103350003D0BFDEFFB03128FFEFFFFB006FFFFFFEB
:10336000FFD108FFFFEFFD11109FFFDFD1593B0B8D
:10337000FDAFD7FA381DFB5FFFFA01DFF70DFFFA4B
:103380001DFFF103EFFCDFFF500018DFFEA300007C
:10339000007FFFF70000EFFFFFFFFFFFFEEFFFFFE3
:1033A000FFFFFFFE000000000000000FFFFFFFFF17
:1033B000FFF00FFFFFFFFFFFF00FF99F99F99FF05C
:1033C0000FF88F88F88FF00FF88F88F88FF00FF8CC
:1033D0008F88F88FF00FF88F88F88FF00FF88F88AC
:1033E000F88FF00FF88F88F88FF00FF99F99F99FF9
:1033F000F00FFFFFFFFFFFF008FFFFFFFFFF800060
:1034000000000000007FA00000000000008FFFB05F
:1034100000000000000DFFFFA0000000008A1DFF5B
:10342000FF000000008FFA1DFF700000008FFFFA00
:103430001D800000008FFFFFFA000000008FFFFFDB
:10344000FF800000008FFFFFFF800000008FFFFF64
:10345000FF800000008FFFFFFF800000006FFFFF74
:10346000FF800000000BFFFFFF8000000000DFFF77
:10347000FF80000000000EFFFF800000000000DE63
:10348000DB60000000000000000000000000000001
:1034900000001BFFFFFFFFFFFFE40001DFFFFFFF56
:1034A000FFFFFFFE001DFFFFFAEFFEAFFFFF01DF92
:1034B000FFFFA02EE20AFFFF1DFFFFFFE202202E0A
:1034C000FFFFCFFFFFFFFE2002EFFFFFCFFFFFFF59
:1034D000FE2002EFFFFF1DFFFFFFE202202EFFFF95
:1034E00001DFFFFFA02EE20AFFFF001DFFFFFAEF42
:1034F000FEAFFFFF0001DFFFFFFFFFFFFFFE000049
:103500001BFFFFFFFFFFFFE40008FFFFFFE4008F4A
:10351000FFFFFFFE08F80F0B40FF8FF80F0B40FF77
:10352000FFF80F0B40FFFFFFFFFFFFFFFFFFFFFF55
:10353000FFFFFFFFFFFFFFFFFFFFFFFFFFFFFFFF9B
:10354000FFFFFFFFFFFFFFFFFFFFFFFFFFFFFFFF8B
:10355000FFFFFFFFFFFFFFFFFFFFFFFFEFFFFFFF8B
:10356000FFFE4EFFFFFFFFE400000000000000012F
:103570000000000000000003E00000100000000256
:10358000EF1000BF000000007FF100CFF10000004D
:1035900007FF11CFFF77777777BFF1CFFFFFFFFFEF
:1035A000FFFFFF17FFFFFFFFFFFFFFE007FFF10037
:1035B000000000000006FF1000000000000005A051
:1035C00000000000000000000000000000000000FB
:1035D000000050040000000000005004030C010033
:1035E00012004006050501071F00400B0B0C0000F0
:1035F0006100F0090A1000FEB100800D0D0C000002
:10360000FF00000B0B0D00FF4701600302050107DF
:103610004C016005040F01FD6A017005040F00FDF7
:103620008801600607070005A1015009080801028A
:10363000C101A003030500FEC90120060603000323
:10364000D201A00303030000D701A0050810FFFE6C
:103650001702B00A0A0C00005302F005050C000026
:1036600071023009090C0000A7022009090C0000B2
:10367000DD02B00A0B0C00001F033009090C00002A
:103680005503E0090A0C000091039009090C0000A1
:10369000C703500A0A0C00000304E0090A0C0000EA
:1036A0003F04A003030900004D04A003030C00FD28
:1036B0005F045009080801027F045009080601034D
:1036C0009704500908080102B7043009090C0000EA
:1036D000ED049010100F00FD6505B00B0D0CFF0000
:1036E000B305200C0B0C0100F505900B0B0C000032
:1036F0003706300D0C0C01007F06C00A090C0100D2
:10370000B506300A090C0100EB06600C0C0C000039
:103710003307000D0B0C01007507F004030C0100CA
:1037200087073008080CFF00B707800B0B0C01005F
:10373000F9078009090C01002F08400F0D0C01004A
:103740007D08000D0B0C0100BF08700D0D0C000072
:103750000D09900B0A0C01004909700D0E0F00FDB8
:10376000B209A00B0A0C0100EE09F0090A0C0000D6
:103770002A0A60090A0C0000660AA00C0B0C010062
:10378000A80A600B0D0CFF00F60A0012120C0000D4
:10379000620BC00A0B0C0000A40B600A0C0CFF00AB
:1037A000EC0B800A0B0C00002E0C5005050F01FDE0
:1037B000540CA0050810FFFE940C5005040F00FDEA
:1037C000B20C500908070102CE0C0008080200FEE6
:1037D000D60CA0090502010ADB0C900909090000BA
:1037E000040DF00A0A0C0100400D2009090900002F
:1037F000690DF00A0A0C0000A50DD0090A090000A5
:10380000D20DA005070C0000FC0D100B0A0C00FDEA
:10381000380EE00A090C01006E0E7004030C010062
:10382000800E9004060FFEFDAD0EE009090C0100AC
:10383000E30E7004020C0100EF0EF0100F090100FE
:10384000330FE00A090901005C0F300A0A09000081
:10385000890FF00A0A0C01FDC50FF00A0A0C00FDE1
:1038600001109006060901001C100008080900005C
:103870004010A006070B00006710D00A09090100DC
:103880009010F0080A09FF00BD10600E0F0900003B
:103890000111D008090900002A11F0080A0CFFFDE7
:1038A00066115008080900008A11A005060F00FDE6
:1038B000B711D004030F01FDCE11A005050F00FDC7
:1038C000F4115009090500040B12B00606060006A3
:1038D0001D1200050304010323120010101100FE45
:1038E000AB120010100C00000B130010100E00FFA4
:1038F0007B130010100C0000DB13000B0B0C0000FE
:103900001D140010101000FE9D140010101000FE79
:103910001D150012120E00FF9B150010101000FE66
:103920001B160012120C000087160010101000FE6B
:1039300007170008080E00FF3F17000C0C0E00FFD1
:1039400093170012121000FE23180010100C000034
:103950008318000B0B1000FEDB18000E0A1002FE8D
:103960002B19000E0E1200FDA919000E0E0F00FFFC
:10397000121A000E0E0E00FF741A000E0A1002FE3C
:10398000C41A000E100EFFFF341B000A0A0E00FFBF
:103990007A1B000A0A0E00FFC01B000E0E0E00FF6D
:1039A000221C000E0E0400043E1C0012120C00002B
:1039B000AA1C0014141000FE4A1D00121410FFFE71
:1039C000EA1D0010101000FE6A1E000E0E0A000113
:1039D000B01E000E0E0A0001F61E0014140E00FFA9
:1039E000821F0010100C0000E21F0010101000FEDB
:1039F000622000101111FFFEF320000E0F0E00FFD9
:103A00005C21000E0E1000FECC21000E0E0E00FFF9
:103A10002E22000E0E0E00FF90220010100C00004F
:103A2000F022000A0C10FFFE5023000E0E1000FEC4
:103A3000C023000E0E1000FE30240012120C0000F5
:103A40009C2400101212FFFD3E25000C0C1000FEFD
:103A50009E250014140F00FF34260014140A0001E0
:103A600098260014140A0001FC260014140A000110
:103A700060270014140A0001C4270014140A00016E
:103A800028280014150E00FFBB28000E0C1001FEA4
:103A90001B29000E0E1000FE8B2900101111FFFDD6
:103AA0001C2A0014140C0000942A000C0C1000FEB8
:103AB000F42A2010110B00010000721F51EF58EF83
:103AC0005BEF5CEF5DEF61EF63EF65EF69EF6CEF6C
:103AD00071EF76EF77EF78EF8EEF93EF98EF9BEF44
:103AE0009CEF9DEFA1EFA2EFA3EFA4EFB7EFB8EF2C
:103AF000BEEFC0EFC1EFC4EFC7EFC8EFC9EFCBEF28
:103B0000E3EFE5EF14F015F017F019F030F037F0AF
:103B10003AF043F06CF074F0ABF03BF190F191F1BE
:103B200092F193F194F1D7F1E3F13DF254F2AAF45A
:103B300012F7F2F7200000005F0001000000000013
:103B40000000000000000200B0000000F3F7600079
:103B5000B83A0308000000003E0003000000010224
:103B60000003040502060708090A090A0B0C000DE8
:103B70000E0F101112130C14140000001516171854
:103B800019161A1B1C1D1D1E1F201D1D1621222368
:103B900003241E2525262728292A2B002C002D2E1C
:103BA0002F303132332D343435302D2D2E2E363703
:103BB0003839333A3A3B3A3C290000093D090000C4
:103BC00000000000000000000000000000000000F5
:103BD00000000000000000000000000000000000E5
:103BE00000000000000000000000000000000000D5
:103BF00000000000000000000000000001020003BF
:103C0000040502060708090A090A0B0C0D0E0F101D
:103C1000110C121314151500000016171819171996
:103C200019191719191A1919191917191719031B1D
:103C30001C1D1D1E1F2021222300240025262727AE
:103C400027002726282926262A2A272A272A2B2C16
:103C50002D2E2E2F2E3000002309310900000000E8
:103C60000000000000000000000000000000000054
:103C70000000000000000000000000000000000044
:103C80000000000000000000000000000000000034
:103C90000000000000000000000100000000000023
:103CA000000100000300000000020000000000000E
:103CB0000000000000000000000001000000000003
:103CC000000000000000000000010C0007FA0000E6
:103CD0000000F2F1020C0604F6020D010B030800CD
:103CE000000000000000000000000F02FE000000C5
:103CF0000000000000000000000500F800000000C7
:103D000000FB04050000FD00FE0300FD00FDFFFBBD
:103D100000000000FD0000FDFC0000FD00FB0000B5
:103D200000000000000000FDFD00FC00F900E100C3
:103D300000FB0005080000FB03030805FC0500006C
:103D4000F10000000000000000000000F70000008B
:103D50000000000000000000000000F9FDF300F684
:103D6000FE00000000010A00F8FEFF0100FC000058
:103D7000FEED0000000000000000000000ECFE0A64
:103D8000000000000000000000000000F60000003D
:103D9000000000000000000800030000FB0000001D
:103DA00000000000000000000000000000000A0207
:103DB0000100000000000000000000000000000002
:103DC00000000000000000000000000000000000F3
:103DD0000000000000000000F700000000000000EC
:103DE00000000000000000000000000000000002D1
:103DF000050308FD000005FDF8DD02070501FD00D3
:103E0000090008000800E800FD080008FD0503009F
:103E10000001FD0000FC1400140008000B0304085E
:103E2000000000F70000000001FE0002FBFDFB02A5
:103E300000FD000000F6000000000000000000008F
:103E400000EF000000000000000000000000000083
:103E50000001F200F000000000FE0019FDFD030368
:103E6000FE00FD030000F200000000000000000062
:103E70000000E70003000000000000000000000058
:103E800000F0000F0000F7000800EFE7EFFB08006C
:103E900000EF0003FA00FC0000000000000000003A
:103EA0000000000708E10000000000000000000022
:103EB00000000C000200000000000202FDFB00FFF9
:103EC000FFFD0000FE000000FB00FE00FAFB00FA10
:103ED000F8F8FB00FB00FB00000000FE0000030000
:103EE00002FD000100000003FE000000FE0303FFCE
:103EF000000000FB00FF0000000000010003FE00C6
:103F0000FD00FC0000FE00080000FD0000000000B5
:103F1000FF01FEFE0000FD00FD00000000000000AB
:103F20000000FFFF00FDFD0000000000010000FE9A
:103F300000FDFDFD000000000000000000FE00008C
:103F40000000FEFD00FC00F8FEF8050000FB030584
:103F50000700FAFFFD00FFF403FE02F20300000178
:103F6000F300F2FEEAFE00F3000507000300000084
:103F7000000100FBFD00F8000000FD000000FD0056
:103F800000000000FFFF00FFFD0000000000000037
:103F9000FDFD00FEFDFE0000FD0000000000000031
:103FA00000000000FEFE00FD00FE00FB030000FD1F
:103FB000010303000000000000FE000000000002FA
:103FC0000000FD00FDFEFD000000000000000200FA
:103FD000FE00000000FDFC00FB0008FE01F80000F0
:103FE00007F3F3F5FB0300FEEFFB00FB00FB04FB14
:103FF000F000F9000001FF02FE000300F8F600F3F4
:10400000FAFBFAF8FDF9FFFBF902000100FD0000E0
:10401000000200030000000000000000000000FD9E
:1040200000FF00FFFD00FCFAFAFF00F800000000AE
:104030000000FE0000000001FE0000000300000080
:1040400000000000000C0000000000000200000062
:10405000FD0000000000000000000000FB00030065
:10406000000000000000000000000000FE00000052
:10407000FB00000000F3F8000000FCF30000FD036B
:1040800000F900000000000000000000FC0000FB40
:104090000000000000000000000000000300FB0022
:1040A000000000030002FBFB00FDFDFD000000001E
:1040B0000000F800FD00FCFD00FAFAF8FE00FB002D
:1040C000F800000000140000010000FD000300F5EE
:1040D0000000000000E8FB0808FEF50003FC00F308
:1040E000FFFD03EEFD030004F7FCF7F8F50000F117
:1040F000000F0000FF000000FFFFFDF9F8FFE800DF
:1041000000000000000000000100000000000000AE
:10411000000000000000000000FD00FFFDFC0000AA
:10412000FB00FD0000000000000000000000000097
:104130000000FF00FB000005FF0300FA03FEFFF98B
:10414000FD00FDFDFE00FCFC0000FEFFFEFCFD008E
:1041500000FD0003FE00FA000000FB00FC00FCFC78
:10416000030000000000000000FB0300FC00FEFD57
:10417000F8FEFEFEFFFEFDFF0000000000FDFEFE5B
:104180000000000003FE00FE000000FEFDFEFEFD3C
:10419000FE00020AFF00F900FE0500FDF5FD040027
:1041A00000F4FC03FC0200FEFEF800FC010000FC31
:1041B0000000000303FBFB00FCFDFCFDFD00FC0117
:1041C000FBFC0800000000000000000003000000ED
:1041D00000000000000000000000000000000000DF
:1041E00000000000FC0000000000000000000000D3
:1041F00000000000000000000000000000000000BF
:1042000000000000000000000000000000000000AE
:10421000FE000000000000000000000000000000A0
:104220000000000000000000000000000000FEFD93
:10423000000000000000000000000000FC0000FD85
:104240000000FDFD00000000FD00000000FF000078
:10425000000000FE00000000FC00FB000000F80071
:1042600002FA0501FEF40000FAFD00F6FAF900007A
:10427000F5FDF6F6F400F9000211FD00FAFDFFFD70
:10428000FCF9FBF7F6FAFD0000FE00010000EEFE6F
:104290000806FAF70001F800F3FEFD05E8FD01004D
:1042A00000EFFDF3FDED0000EE000F0100FE000049
:1042B0000000FFFEF6FE00EF00000000F800FE0028
:1042C000FFF9F40000FFFCF8FD00FE00000000F420
:1042D000FDF8F8FEFCFAFDFC00FBFEF8FC00FDFB1F
:1042E000FDFB000100FEF8000500FB0000000003DC
:1042F0000002FB0A00FDFDFD000000000000F800C8
:10430000FD00FCFD00FAFAF8FE00FB020A000000C6
:1043100000140000010000FD000300000000000088
:104320000000FF0000000000FEFB0000000000FF96
:10433000000000FDFD0000FBFD0000FB0004FF008D
:1043400000000000000100000000040502FE00F86B
:10435000FC0008F8F8FBFB0A0503EAFE05FD00FD7A
:1043600003FDF700FD03FDFEF8FE0000080500F95F
:1043700000F2FD07FDF601FDF8F8FD0A0300FC0060
:10438000F9000208FAF7F6FA080001EDFE03FCFE58
:10439000FA00FAF7FCFCFE0000FAFBFD000806FD3F
:1043A000F200F2FC00F7F1FFF8FCF8F9070000FD5D
:1043B00000FBFE00FDFB0004F8030000F200FDFA24
:1043C000FCFEF8FAF8FA00F8FDFAFBF8FD0000012F
:1043D0000CFC00F8FD00FDFBFAF9F9F6FDFB050009
:1043E000FC00F3FD0205F8F7FBF808FD01E8FB050A
:1043F000FAFCF700F8F5FDFDFEFDFBF8FF000008F4
:1044000007FEEF00F1FA06F6EFFBF7F5F3F805000B
:10441000000000FD000003FD0502FB050000F8FFA1
:1044200000FF000101FE000000000000FD00000090
:104430000002080100FD00000000FEFEFD0000007B
:104440000102000000000200FE000A00050101FD5B
:104450000005000000020000000000000000000055
:10446000000800070000000000000000000000003D
:104470000000F100FD04000800001903FBFB03032A
:10448000FE01F300000CF10000000000000000003D
:104490000000EF0A240000000000000000000000FF
:1044A00000F100000000000000000000000000001B
:1044B000000000000000000000000000FC0000FB05
:1044C000FE000000000000000000000000000000EE
:1044D00000000000FE00F900000100000321FBFEC7
:1044E0000807F90300000303FD00000000000000BE
:1044F00000000000DF0700000000000000000000D6
:1045000000000000000000F9000000F900000000B9
:10451000FAFF000000FA00FD00F4000000000000B7
:104520000000000000EF000000000100000000009B
:1045300000FD0000FB00FC00F9000000FC03FD0092
:1045400000F9FDFA0000F900FD00F400FD0000EBA9
:10455000FBF6FDF70000EF00F9FF0000000000008F
:104560000000FCFBFEFC00000000FA00FA03FD0561
:1045700000FEFAFEFCFB00FDFFFE02F9FF0000005A
:10458000E9FEFC00FA00FEF4FE0000FEFE00000062
:10459000000200FEFCFE040000000000000000001D
:1045A000000000000000000000000000000000000B
:1045B00000000000000000000000000000000000FB
:1045C000000003000000000000FA00FE000000FBF5
:1045D00003000000F9FDFB0000F900FD00F40000FD
:1045E0000000E700FBF7F30000EF00FEFC00000016
:1045F0000000000000FDFCFFFC01000004FD0008BD
:104600000DFDFDF8030D0406F9030B030706070073
:1046100000000000000000000000100CFBFD00FE88
:10462000140B14000000030000090000FC0000004F
:10463000000000000000FE00000000000000000478
:1046400000000000EAFDFEF6F30000EF00000000AD
:1046500000000000000000000000000000FC00005E
:1046600000000000000000FE00000000000000004C
:104670000400000000EAFDFEF6F30000F600000072
:10468000000000000000000000000000000000002A
:10469000FE000000FA0300FD020503F800FFFE0320
:1046A000000200000000FA00FEFEFB00FEF6001013
:1046B000FD00FAFE00FEFC00FDF9FBFD000000FC21
:1046C000000000000000000000FE000000000000EC
:1046D00000000400000000EAFDFEF6F30000EF0019
:1046E00000000000000D00000000000000000000BD
:1046F000FC00F8FDFE08FEFDF601FE01FEF90106D4
:1047000001020102FAF6FD00F6FBF9F5F600FCFBEA
:10471000FDFDFEFEFDFE00FEFF040004FE0008009D
:104720000000000000000000000000FEFDFD000091
:10473000F900FF00FC000000000000000000000085
:10474000F10000000000000000000000FDFD00FD81
:1047500000000000FE0000FCFD0300FCFBFE00F971
:10476000FEFAFEFD00FC000000000000000000005A
:1047700000EF00080000FB00000000FD00FD00004D
:10478000FF0000FE00FA00000BFDF8F8020303FF33
:10479000F9020402080208FEF90000F60000F8F928
:1047A0000000FB00FDFC00FC00FC00FE0400FEF825
:1047B000FD090000FE00FB000003FA0003FD0200FB
:1047C00000F800FEFF00FD03FE000000F6FDFA0009
:1047D000F80000F40009FD00FB000200FD00FDF8F8
:1047E00000FD0300000000FE000003FD010000FDCD
:1047F000FE00FD00000000000000000000000000BE
:1048000000000000F000060000FE000000000100B3
:10481000FDFD0000000500060000000000F0F101B1
:104820000B0804F6020B0009000500000000000060
:1048300000000000000E000000000000000000006A
:104840000000000000000000983C03085C3B0308E7
:10485000FA3B03083D310000740A0308C835030819
:10486000343B03084848030810000228F4010020E4
:104870001D700108A96F01081200030000FF01006C
:1048800058480308000000000000000006F2ECE8B1
:104890003699D661963ABE245E05FA05B1046A4D92
:1048A000098EE7CE47FF00FEC0FCA4FAA97AF163A7
:1048B000F39C8AEA8EE3D3EC7AFE5DFF0FEA12F3F3
:1048C00076F4DAFD3DFF37AA59BB9BCCFCE53EF7F9
:1048D000B87AB993FBB43DD63EEF585B397C5B9D0B
:1048E0005DC65EEF3E45BE655F96FFBE9FE7BE2D8F
:1048F0001E4EBF863FB7BFE73B269C4EFD865EB788
:10490000BFE73325B54D5886FBB69EE7CD653086AB
:10491000B4A639CFBDEF6C9EB0AE14C779DFDDF71A
:104920000AD72EDF73E7B8F7DCFF6BFF8EFFB3FF0C
:10493000D8FFFCFF45FEA9FE10FF76FFDCFF24FD3B
:10494000A9FD70FE16FF9CFF88FB4CFC52FD77FE14
:104950005CFF6C8B4FA454BD79D65DEF937C35958D
:10496000F8B5DBCE7EEFF7BD1CE77DEFBEF7DFFFCE
:10497000C6E165D145C1E3B0CCD8CBC0AAA869884F
:104980003589F478D368B148B65975513441D2307D
:10499000553AF331B2290F195C1CBA1B3813340A8B
:1049A000DC045A04B703B3027805B40411040C0301
:1049B0004F04CD034B0368020845673CE62BE41A1D
:1049C000887DE76C4554433346C6A5ADE49CA2837D
:1049D000C6FE05FE44FDE2F380FD00FD60FC60FBC9
:1049E00060FCE0F360EB80E283F243E202DAA1B91B
:1049F000686A065AA54924396F53CC422932872167
:104A0000AE730C630842042100003C027804B30634
:104A1000EE08280B610D990FD01106143A166C1888
:104A20009D1ACB1CF71E212148236C258E27AC290B
:104A3000C72BDF2DF32F0332103418361C381C3AE5
:104A4000173C0E3EFF3FEC41D443B64593476A49BD
:104A50003C4B084DCD4E8D504652F953A5554B5702
:104A6000EA58825A135C9C5D1F5F9A600D627963FD
:104A7000DD6439668D67D9681D6A596B8C6CB76DBA
:104A8000D96EF36F04710C720B730174EE74D275EE
:104A9000AD767F7747780679BB79677A0A7BA27B08
:104AA000327CB77C337DA57D0D7E6C7EC07E0B7F16
:104AB0004B7F827FAF7FD27FEB7FFA7FFF7F00004B
:104AC000804C0308E1150108000000000000000010
:104AD000011801080000000001040000804C0308D8
:104AE00085200108D320010800000000F120010802
:104AF00004010D0000060000804C03084F2301084C
:104B0000000000000000000000000000D127D127B5
:104B100044020000804C0308D12301080D24010841
:104B20000000000025240108040182008503000024
:104B3000804C0308A1320108D932010800000000AE
:104B4000B1340108D127D127C4020000804C0308EA
:104B500059680108F9680108000000001D69010892
:104B60008200D12705040000804C03083D6E010837
:104B70006F6E010800000000996A01080000000043
:104B800080020000804C0308BF7A0108938201086C
:104B900000000000BD820108D127D127C00300001A
:104BA000804C0308298E0108A58E01080000000032
:104BB000E98E0108D127D127C0040000804C0308EA
:104BC000B99E01080000000000000000CD9E010811
:104BD000D127D127C0020000804C0308E1EF010873
:104BE000000000000000000059F00108D1278200F9
:104BF000C5020000A04B03080000000000000000F8
:104C000000000000C1F1010800000000C004000025
:104C1000DC4A030845F30108000000000000000022
:104C20009DF301080000000085070000804C030888
:104C3000AF020208D702020800000000E1020208E9
:104C400034001E0084020000804C03083D0402086A
:104C50007904020800000000C5040208D127D1270A
:104C600085030000804C0308010B02080B0D0208AD
:104C700000000000290D0208040182000406000063
:104C800000000000B5B20108ADB30108000000004B
:104C9000F5B60108820082004A020000000001E02F
:104CA00001E00000300000003531320033320000F6
:104CB0003200000031303234000000003634000091
:104CC0003400000031360000323536003132380011
:104CD000323034380000000038000000536100001A
:104CE00057650000546800004D6F000046720000D8
:104CF00053750000547500004A756E650000000091
:104D00004D61726368000000417072696C000000C0
:104D1000446563656D6265720000000053657074E0
:104D2000656D6265720000004E6F76656D6265723A
:104D3000000000004F63746F626572004175677513
:104D4000737400004D6179004A756C7900000000B1
:104D50004A616E7561727900466562727561727939
:104D600000000000323032330A323032320A323040
:104D700032310A323032300A323031390A3230318F
:104D8000380A323031370A323031360A3230313572
:104D90000A323031340A323031330A323031320A99
:104DA000323031310A323031300A323030390A3261
:104DB0003030380A323030370A323030360A32304A
:104DC00030350A323030340A323030330A32303043
:104DD000320A323030310A323030300A3139393922
:104DE0000A313939380A313939370A313939360A0D
:104DF000313939350A313939340A313939330A31DF
:104E00003939320A313939310A313939300A3139CF
:104E100038390A313938380A313938370A313938AE
:104E2000360A313938350A313938340A31393833AC
:104E30000A313938320A313938310A313938300AD1
:104E4000313937390A313937380A313937370A3188
:104E50003937360A313937350A313937340A313979
:104E600037330A313937320A313937310A31393774
:104E7000300A313936390A313936380A313936375C
:104E80000A313936360A313936350A313936340A7B
:104E9000313936330A313936320A313936310A314D
:104EA0003936300A313935390A313935380A31392C
:104EB00035370A313935360A313935350A31393520
:104EC000340A313935330A313935320A313935311D
:104ED0000A313935300A313934390A313934380A2E
:104EE000313934370A313934360A313934350A31F7
:104EF0003934340A313934330A313934320A3139E8
:104F000034310A313934300A313933390A313933DD
:104F1000380A313933370A313933360A31393335C2
:104F20000A313933340A313933330A313933320AE9
:104F3000313933310A313933300A313932390A31B2
:104F40003932380A313932370A313932360A313991
:104F500032350A313932340A313932330A31393291
:104F6000320A313932310A313932300A3139313984
:104F70000A313931380A313931370A313931360A93
:104F8000313931350A313931340A313931330A3165
:104F90003931320A313931310A313931300A313956
:104FA00030390A313930380A313930370A3139303D
:104FB000360A313930350A313930340A3139303333
:104FC0000A313930320A31393031000030310A309B
:104FD000320A30330A30340A30350A30360A303774
:104FE0000A30380A30390A31300A31310A31320098
:104FF0000A00000020000000312300002C00000007
:105000002D0000002E0000003A0000004142430045
:105010005F0000006100000062000000630000000B
:1050200064000000650000006600000067000000EA
:10503000690000006A0000006B0000006D000000C5
:105040006E0000006F0000007000000071000000A2
:105050007200000073000000740000007500000082
:105060007600000077000000780000007900000062
:105070007A000000EF808C00EF819300EF819400B4
:10508000EF959A00EF849C00EFA2A20000000000C0
:105090004100000042000000430000004400000006
:1050A00045000000460000004700000048000000E6
:1050B000490000004A0000004B0000004C000000C6
:1050C0004D0000004E0000004F00000050000000A6
:1050D0005100000052000000530000005400000086
:1050E0005500000056000000570000005800000066
:1050F000590000005A0000006162630021000000B6
:105100002200000023000000240000002500000011
:105110002700000028000000290000002A000000ED
:105120002B0000002F0000003100000033000000C1
:105130003500000036000000370000003900000094
:105140003B0000003C0000003D0000003E0000006D
:105150003F000000400000005B0000005C00000019
:105160005D0000007B0000007D0000002B2F2D0063
:1051700042746E310000000042746E320000000084
:1051800042746E330000000042746E340000000070
:1051900042746E3500000000B85103080000002082
:1051A000CC0200004C030008B0520308CC020020DF
:1051B000DCFF0000742D00082183FFFF13252B1B4B
:1051C000085104012A12C81A28024B180108212B81
:1051D0001801085AC80832018210031924F41EA4C9
:1051E0004C0308B0041AC0041AD8041AC4041AAC38
:1051F000041ABC041ACC041AC8041AA8041AB40469
:105200001AD00401781AF07C1AE8041AF4041AE09F
:10521000041AE4041AEC041ADC041E504D03085866
:10522000041119041A08041A44041AF8181A480830
:105230001A3C041A1C041A34041A28041A10042EE6
:10524000CC4F030864301152FF1F34CF020834D012
:10525000041AD1041AD20429109904411AE4081A34
:10526000E4241AE4241A882439109904016845D4E6
:10527000C3B2A102176F180AAD1B0208D91A02089F
:1052800051041ED119020865101A890C1AB1041EA6
:105290007051030878041A80041EF04F0308880830
:1052A0001A90043C8C5003C002272D021301000009
:040000050800018965
:00000001FF
